2026-06-01 13:00:03,182 [INFO] --- Checking trades for Markwayne Mullin ---
2026-06-01 13:00:03,971 [INFO] Fetched 111 trades for Markwayne Mullin (total pool: 1000)
2026-06-01 13:00:03,976 [INFO] Found 0 new trades to process (out of 111 total)
2026-06-01 13:00:03,976 [INFO] No new trades — nothing to execute
2026-06-01 13:05:03,187 [INFO] --- Checking trades for Markwayne Mullin ---
2026-06-01 13:05:03,645 [INFO] Fetched 111 trades for Markwayne Mullin (total pool: 1000)
2026-06-01 13:05:03,648 [INFO] Found 0 new trades to process (out of 111 total)
2026-06-01 13:05:03,648 [INFO] No new trades — nothing to execute
2026-06-01 13:10:03,264 [INFO] --- Checking trades for Markwayne Mullin ---
2026-06-01 13:10:03,643 [INFO] Fetched 111 trades for Markwayne Mullin (total pool: 1000)
2026-06-01 13:10:03,648 [INFO] Found 0 new trades to process (out of 111 total)
2026-06-01 13:10:03,648 [INFO] No new trades — nothing to execute
2026-06-01 13:15:02,375 [INFO] --- Checking trades for Markwayne Mullin ---
2026-06-01 13:15:02,598 [ERROR] Failed to fetch trades: 401 Client Error: Unauthorized for url: https://api.quiverquant.com/beta/live/congresstrading
2026-06-01 13:15:02,599 [INFO] No trades returned from QuiverQuant
2026-06-01 13:20:02,802 [INFO] --- Checking trades for Markwayne Mullin ---
2026-06-01 13:20:03,164 [INFO] Fetched 111 trades for Markwayne Mullin (total pool: 1000)
2026-06-01 13:20:03,168 [INFO] Found 0 new trades to process (out of 111 total)
2026-06-01 13:20:03,168 [INFO] No new trades — nothing to execute
2026-06-01 13:25:03,034 [INFO] --- Checking trades for Markwayne Mullin ---
2026-06-01 13:25:03,308 [INFO] Fetched 111 trades for Markwayne Mullin (total pool: 1000)
2026-06-01 13:25:03,313 [INFO] Found 0 new trades to process (out of 111 total)
2026-06-01 13:25:03,313 [INFO] No new trades — nothing to execute
2026-06-01 13:30:03,009 [INFO] --- Checking trades for Markwayne Mullin ---
2026-06-01 13:30:03,287 [INFO] Fetched 111 trades for Markwayne Mullin (total pool: 1000)
2026-06-01 13:30:03,290 [INFO] Found 0 new trades to process (out of 111 total)
2026-06-01 13:30:03,290 [INFO] No new trades — nothing to execute
2026-06-01 13:35:02,739 [INFO] --- Checking trades for Markwayne Mullin ---
2026-06-01 13:35:03,289 [INFO] Fetched 111 trades for Markwayne Mullin (total pool: 1000)
2026-06-01 13:35:03,294 [INFO] Found 0 new trades to process (out of 111 total)
2026-06-01 13:35:03,294 [INFO] No new trades — nothing to execute
2026-06-01 13:40:02,795 [INFO] --- Checking trades for Markwayne Mullin ---
2026-06-01 13:40:03,258 [ERROR] Failed to fetch trades: 401 Client Error: Unauthorized for url: https://api.quiverquant.com/beta/live/congresstrading
2026-06-01 13:40:03,259 [INFO] No trades returned from QuiverQuant
2026-06-01 13:45:02,849 [INFO] --- Checking trades for Markwayne Mullin ---
2026-06-01 13:45:03,418 [INFO] Fetched 111 trades for Markwayne Mullin (total pool: 1000)
2026-06-01 13:45:03,421 [INFO] Found 0 new trades to process (out of 111 total)
2026-06-01 13:45:03,421 [INFO] No new trades — nothing to execute
2026-06-01 13:50:03,219 [INFO] --- Checking trades for Markwayne Mullin ---
2026-06-01 13:50:03,610 [INFO] Fetched 111 trades for Markwayne Mullin (total pool: 1000)
2026-06-01 13:50:03,615 [INFO] Found 0 new trades to process (out of 111 total)
2026-06-01 13:50:03,615 [INFO] No new trades — nothing to execute
2026-06-01 13:55:02,968 [INFO] --- Checking trades for Markwayne Mullin ---
2026-06-01 13:55:03,170 [ERROR] Failed to fetch trades: 401 Client Error: Unauthorized for url: https://api.quiverquant.com/beta/live/congresstrading
2026-06-01 13:55:03,172 [INFO] No trades returned from QuiverQuant
2026-06-01 14:00:02,979 [INFO] --- Checking trades for Markwayne Mullin ---
2026-06-01 14:00:03,716 [ERROR] Failed to fetch trades: 401 Client Error: Unauthorized for url: https://api.quiverquant.com/beta/live/congresstrading
2026-06-01 14:00:03,719 [INFO] No trades returned from QuiverQuant
2026-06-01 14:05:02,794 [INFO] --- Checking trades for Markwayne Mullin ---
2026-06-01 14:05:03,089 [INFO] Fetched 111 trades for Markwayne Mullin (total pool: 1000)
2026-06-01 14:05:03,092 [INFO] Found 0 new trades to process (out of 111 total)
2026-06-01 14:05:03,092 [INFO] No new trades — nothing to execute
2026-06-01 14:10:02,843 [INFO] --- Checking trades for Markwayne Mullin ---
2026-06-01 14:10:03,184 [INFO] Fetched 111 trades for Markwayne Mullin (total pool: 1000)
2026-06-01 14:10:03,188 [INFO] Found 0 new trades to process (out of 111 total)
2026-06-01 14:10:03,188 [INFO] No new trades — nothing to execute
2026-06-01 14:15:03,380 [INFO] --- Checking trades for Markwayne Mullin ---
2026-06-01 14:15:03,741 [INFO] Fetched 111 trades for Markwayne Mullin (total pool: 1000)
2026-06-01 14:15:03,744 [INFO] Found 0 new trades to process (out of 111 total)
2026-06-01 14:15:03,744 [INFO] No new trades — nothing to execute
2026-06-01 14:20:02,822 [INFO] --- Checking trades for Markwayne Mullin ---
2026-06-01 14:20:03,094 [ERROR] Failed to fetch trades: 401 Client Error: Unauthorized for url: https://api.quiverquant.com/beta/live/congresstrading
2026-06-01 14:20:03,095 [INFO] No trades returned from QuiverQuant
2026-06-01 14:25:02,364 [INFO] --- Checking trades for Markwayne Mullin ---
2026-06-01 14:25:02,682 [INFO] Fetched 111 trades for Markwayne Mullin (total pool: 1000)
2026-06-01 14:25:02,685 [INFO] Found 0 new trades to process (out of 111 total)
2026-06-01 14:25:02,686 [INFO] No new trades — nothing to execute
2026-06-01 14:30:02,644 [INFO] --- Checking trades for Markwayne Mullin ---
2026-06-01 14:30:03,007 [INFO] Fetched 111 trades for Markwayne Mullin (total pool: 1000)
2026-06-01 14:30:03,010 [INFO] Found 0 new trades to process (out of 111 total)
2026-06-01 14:30:03,010 [INFO] No new trades — nothing to execute
2026-06-01 14:35:03,326 [INFO] --- Checking trades for Markwayne Mullin ---
2026-06-01 14:35:03,686 [INFO] Fetched 111 trades for Markwayne Mullin (total pool: 1000)
2026-06-01 14:35:03,691 [INFO] Found 0 new trades to process (out of 111 total)
2026-06-01 14:35:03,691 [INFO] No new trades — nothing to execute
2026-06-01 14:40:03,396 [INFO] --- Checking trades for Markwayne Mullin ---
2026-06-01 14:40:03,712 [ERROR] Failed to fetch trades: 401 Client Error: Unauthorized for url: https://api.quiverquant.com/beta/live/congresstrading
2026-06-01 14:40:03,713 [INFO] No trades returned from QuiverQuant
2026-06-01 14:45:02,693 [INFO] --- Checking trades for Markwayne Mullin ---
2026-06-01 14:45:03,052 [INFO] Fetched 111 trades for Markwayne Mullin (total pool: 1000)
2026-06-01 14:45:03,056 [INFO] Found 0 new trades to process (out of 111 total)
2026-06-01 14:45:03,056 [INFO] No new trades — nothing to execute
2026-06-01 14:50:03,308 [INFO] --- Checking trades for Markwayne Mullin ---
2026-06-01 14:50:03,669 [INFO] Fetched 111 trades for Markwayne Mullin (total pool: 1000)
2026-06-01 14:50:03,674 [INFO] Found 0 new trades to process (out of 111 total)
2026-06-01 14:50:03,674 [INFO] No new trades — nothing to execute
2026-06-01 14:55:02,968 [INFO] --- Checking trades for Markwayne Mullin ---
2026-06-01 14:55:03,359 [INFO] Fetched 111 trades for Markwayne Mullin (total pool: 1000)
2026-06-01 14:55:03,366 [INFO] Found 0 new trades to process (out of 111 total)
2026-06-01 14:55:03,367 [INFO] No new trades — nothing to execute
2026-06-01 15:00:02,954 [INFO] --- Checking trades for Markwayne Mullin ---
2026-06-01 15:00:03,351 [INFO] Fetched 111 trades for Markwayne Mullin (total pool: 1000)
2026-06-01 15:00:03,354 [INFO] Found 0 new trades to process (out of 111 total)
2026-06-01 15:00:03,354 [INFO] No new trades — nothing to execute
2026-06-01 15:05:02,543 [INFO] --- Checking trades for Markwayne Mullin ---
2026-06-01 15:05:02,863 [ERROR] Failed to fetch trades: 401 Client Error: Unauthorized for url: https://api.quiverquant.com/beta/live/congresstrading
2026-06-01 15:05:02,865 [INFO] No trades returned from QuiverQuant
2026-06-01 15:10:02,945 [INFO] --- Checking trades for Markwayne Mullin ---
2026-06-01 15:10:03,293 [ERROR] Failed to fetch trades: 401 Client Error: Unauthorized for url: https://api.quiverquant.com/beta/live/congresstrading
2026-06-01 15:10:03,295 [INFO] No trades returned from QuiverQuant
2026-06-01 15:15:02,618 [INFO] --- Checking trades for Markwayne Mullin ---
2026-06-01 15:15:02,871 [ERROR] Failed to fetch trades: 401 Client Error: Unauthorized for url: https://api.quiverquant.com/beta/live/congresstrading
2026-06-01 15:15:02,873 [INFO] No trades returned from QuiverQuant
2026-06-01 15:20:03,883 [INFO] --- Checking trades for Markwayne Mullin ---
2026-06-01 15:20:04,281 [INFO] Fetched 111 trades for Markwayne Mullin (total pool: 1000)
2026-06-01 15:20:04,284 [INFO] Found 0 new trades to process (out of 111 total)
2026-06-01 15:20:04,284 [INFO] No new trades — nothing to execute
2026-06-01 15:25:03,512 [INFO] --- Checking trades for Markwayne Mullin ---
2026-06-01 15:25:03,829 [ERROR] Failed to fetch trades: 401 Client Error: Unauthorized for url: https://api.quiverquant.com/beta/live/congresstrading
2026-06-01 15:25:03,830 [INFO] No trades returned from QuiverQuant
2026-06-01 15:30:02,980 [INFO] --- Checking trades for Markwayne Mullin ---
2026-06-01 15:30:03,361 [ERROR] Failed to fetch trades: 401 Client Error: Unauthorized for url: https://api.quiverquant.com/beta/live/congresstrading
2026-06-01 15:30:03,365 [INFO] No trades returned from QuiverQuant
2026-06-01 15:35:03,996 [INFO] --- Checking trades for Markwayne Mullin ---
2026-06-01 15:35:04,297 [ERROR] Failed to fetch trades: 401 Client Error: Unauthorized for url: https://api.quiverquant.com/beta/live/congresstrading
2026-06-01 15:35:04,298 [INFO] No trades returned from QuiverQuant
2026-06-01 15:40:02,986 [INFO] --- Checking trades for Markwayne Mullin ---
2026-06-01 15:40:03,222 [INFO] Fetched 111 trades for Markwayne Mullin (total pool: 1000)
2026-06-01 15:40:03,225 [INFO] Found 0 new trades to process (out of 111 total)
2026-06-01 15:40:03,225 [INFO] No new trades — nothing to execute
2026-06-01 15:45:03,311 [INFO] --- Checking trades for Markwayne Mullin ---
2026-06-01 15:45:03,852 [INFO] Fetched 111 trades for Markwayne Mullin (total pool: 1000)
2026-06-01 15:45:03,856 [INFO] Found 0 new trades to process (out of 111 total)
2026-06-01 15:45:03,856 [INFO] No new trades — nothing to execute
2026-06-01 15:50:02,547 [INFO] --- Checking trades for Markwayne Mullin ---
2026-06-01 15:50:02,872 [INFO] Fetched 111 trades for Markwayne Mullin (total pool: 1000)
2026-06-01 15:50:02,877 [INFO] Found 0 new trades to process (out of 111 total)
2026-06-01 15:50:02,877 [INFO] No new trades — nothing to execute
2026-06-01 15:55:03,099 [INFO] --- Checking trades for Markwayne Mullin ---
2026-06-01 15:55:03,444 [ERROR] Failed to fetch trades: 401 Client Error: Unauthorized for url: https://api.quiverquant.com/beta/live/congresstrading
2026-06-01 15:55:03,446 [INFO] No trades returned from QuiverQuant
2026-06-01 16:00:03,013 [INFO] --- Checking trades for Markwayne Mullin ---
2026-06-01 16:00:03,830 [INFO] Fetched 111 trades for Markwayne Mullin (total pool: 1000)
2026-06-01 16:00:03,835 [INFO] Found 0 new trades to process (out of 111 total)
2026-06-01 16:00:03,835 [INFO] No new trades — nothing to execute
2026-06-01 16:05:03,067 [INFO] --- Checking trades for Markwayne Mullin ---
2026-06-01 16:05:03,579 [INFO] Fetched 111 trades for Markwayne Mullin (total pool: 1000)
2026-06-01 16:05:03,583 [INFO] Found 0 new trades to process (out of 111 total)
2026-06-01 16:05:03,583 [INFO] No new trades — nothing to execute
2026-06-01 16:10:03,514 [INFO] --- Checking trades for Markwayne Mullin ---
2026-06-01 16:10:03,847 [ERROR] Failed to fetch trades: 401 Client Error: Unauthorized for url: https://api.quiverquant.com/beta/live/congresstrading
2026-06-01 16:10:03,848 [INFO] No trades returned from QuiverQuant
2026-06-01 16:15:03,499 [INFO] --- Checking trades for Markwayne Mullin ---
2026-06-01 16:15:03,782 [INFO] Fetched 111 trades for Markwayne Mullin (total pool: 1000)
2026-06-01 16:15:03,788 [INFO] Found 0 new trades to process (out of 111 total)
2026-06-01 16:15:03,788 [INFO] No new trades — nothing to execute
2026-06-01 16:20:02,996 [INFO] --- Checking trades for Markwayne Mullin ---
2026-06-01 16:20:03,376 [ERROR] Failed to fetch trades: 401 Client Error: Unauthorized for url: https://api.quiverquant.com/beta/live/congresstrading
2026-06-01 16:20:03,378 [INFO] No trades returned from QuiverQuant
2026-06-01 16:25:03,047 [INFO] --- Checking trades for Markwayne Mullin ---
2026-06-01 16:25:03,295 [INFO] Fetched 111 trades for Markwayne Mullin (total pool: 1000)
2026-06-01 16:25:03,298 [INFO] Found 0 new trades to process (out of 111 total)
2026-06-01 16:25:03,298 [INFO] No new trades — nothing to execute
2026-06-01 16:30:02,610 [INFO] --- Checking trades for Markwayne Mullin ---
2026-06-01 16:30:03,219 [ERROR] Failed to fetch trades: 401 Client Error: Unauthorized for url: https://api.quiverquant.com/beta/live/congresstrading
2026-06-01 16:30:03,221 [INFO] No trades returned from QuiverQuant
2026-06-01 16:35:02,521 [INFO] --- Checking trades for Markwayne Mullin ---
2026-06-01 16:35:02,999 [INFO] Fetched 111 trades for Markwayne Mullin (total pool: 1000)
2026-06-01 16:35:03,003 [INFO] Found 0 new trades to process (out of 111 total)
2026-06-01 16:35:03,004 [INFO] No new trades — nothing to execute
2026-06-01 16:40:02,932 [INFO] --- Checking trades for Markwayne Mullin ---
2026-06-01 16:40:03,371 [INFO] Fetched 111 trades for Markwayne Mullin (total pool: 1000)
2026-06-01 16:40:03,376 [INFO] Found 0 new trades to process (out of 111 total)
2026-06-01 16:40:03,377 [INFO] No new trades — nothing to execute
2026-06-01 16:45:03,538 [INFO] --- Checking trades for Markwayne Mullin ---
2026-06-01 16:45:04,062 [ERROR] Failed to fetch trades: 401 Client Error: Unauthorized for url: https://api.quiverquant.com/beta/live/congresstrading
2026-06-01 16:45:04,065 [INFO] No trades returned from QuiverQuant
2026-06-01 16:50:02,626 [INFO] --- Checking trades for Markwayne Mullin ---
2026-06-01 16:50:02,930 [INFO] Fetched 111 trades for Markwayne Mullin (total pool: 1000)
2026-06-01 16:50:02,933 [INFO] Found 0 new trades to process (out of 111 total)
2026-06-01 16:50:02,933 [INFO] No new trades — nothing to execute
2026-06-01 16:55:02,982 [INFO] --- Checking trades for Markwayne Mullin ---
2026-06-01 16:55:03,297 [INFO] Fetched 111 trades for Markwayne Mullin (total pool: 1000)
2026-06-01 16:55:03,300 [INFO] Found 0 new trades to process (out of 111 total)
2026-06-01 16:55:03,301 [INFO] No new trades — nothing to execute
2026-06-01 17:00:02,693 [INFO] --- Checking trades for Markwayne Mullin ---
2026-06-01 17:00:03,485 [ERROR] Failed to fetch trades: 401 Client Error: Unauthorized for url: https://api.quiverquant.com/beta/live/congresstrading
2026-06-01 17:00:03,487 [INFO] No trades returned from QuiverQuant
2026-06-01 17:05:03,028 [INFO] --- Checking trades for Markwayne Mullin ---
2026-06-01 17:05:03,374 [INFO] Fetched 111 trades for Markwayne Mullin (total pool: 1000)
2026-06-01 17:05:03,377 [INFO] Found 0 new trades to process (out of 111 total)
2026-06-01 17:05:03,377 [INFO] No new trades — nothing to execute
2026-06-01 17:10:03,327 [INFO] --- Checking trades for Markwayne Mullin ---
2026-06-01 17:10:03,879 [INFO] Fetched 111 trades for Markwayne Mullin (total pool: 1000)
2026-06-01 17:10:03,884 [INFO] Found 0 new trades to process (out of 111 total)
2026-06-01 17:10:03,884 [INFO] No new trades — nothing to execute
2026-06-01 17:15:03,517 [INFO] --- Checking trades for Markwayne Mullin ---
2026-06-01 17:15:03,924 [ERROR] Failed to fetch trades: 401 Client Error: Unauthorized for url: https://api.quiverquant.com/beta/live/congresstrading
2026-06-01 17:15:03,925 [INFO] No trades returned from QuiverQuant
2026-06-01 17:20:02,973 [INFO] --- Checking trades for Markwayne Mullin ---
2026-06-01 17:20:03,211 [INFO] Fetched 111 trades for Markwayne Mullin (total pool: 1000)
2026-06-01 17:20:03,214 [INFO] Found 0 new trades to process (out of 111 total)
2026-06-01 17:20:03,214 [INFO] No new trades — nothing to execute
2026-06-01 17:25:03,325 [INFO] --- Checking trades for Markwayne Mullin ---
2026-06-01 17:25:03,684 [INFO] Fetched 111 trades for Markwayne Mullin (total pool: 1000)
2026-06-01 17:25:03,689 [INFO] Found 0 new trades to process (out of 111 total)
2026-06-01 17:25:03,689 [INFO] No new trades — nothing to execute
2026-06-01 17:30:03,130 [INFO] --- Checking trades for Markwayne Mullin ---
2026-06-01 17:30:03,386 [INFO] Fetched 111 trades for Markwayne Mullin (total pool: 1000)
2026-06-01 17:30:03,389 [INFO] Found 0 new trades to process (out of 111 total)
2026-06-01 17:30:03,389 [INFO] No new trades — nothing to execute
2026-06-01 17:35:02,700 [INFO] --- Checking trades for Markwayne Mullin ---
2026-06-01 17:35:03,421 [ERROR] Failed to fetch trades: 401 Client Error: Unauthorized for url: https://api.quiverquant.com/beta/live/congresstrading
2026-06-01 17:35:03,423 [INFO] No trades returned from QuiverQuant
2026-06-01 17:40:03,508 [INFO] --- Checking trades for Markwayne Mullin ---
2026-06-01 17:40:03,905 [INFO] Fetched 111 trades for Markwayne Mullin (total pool: 1000)
2026-06-01 17:40:03,910 [INFO] Found 0 new trades to process (out of 111 total)
2026-06-01 17:40:03,910 [INFO] No new trades — nothing to execute
2026-06-01 17:45:02,533 [INFO] --- Checking trades for Markwayne Mullin ---
2026-06-01 17:45:03,050 [INFO] Fetched 111 trades for Markwayne Mullin (total pool: 1000)
2026-06-01 17:45:03,055 [INFO] Found 0 new trades to process (out of 111 total)
2026-06-01 17:45:03,055 [INFO] No new trades — nothing to execute
2026-06-01 17:50:03,535 [INFO] --- Checking trades for Markwayne Mullin ---
2026-06-01 17:50:04,064 [INFO] Fetched 111 trades for Markwayne Mullin (total pool: 1000)
2026-06-01 17:50:04,066 [INFO] Found 0 new trades to process (out of 111 total)
2026-06-01 17:50:04,067 [INFO] No new trades — nothing to execute
2026-06-01 17:55:03,345 [INFO] --- Checking trades for Markwayne Mullin ---
2026-06-01 17:55:03,615 [INFO] Fetched 111 trades for Markwayne Mullin (total pool: 1000)
2026-06-01 17:55:03,618 [INFO] Found 0 new trades to process (out of 111 total)
2026-06-01 17:55:03,619 [INFO] No new trades — nothing to execute
2026-06-01 18:00:03,494 [INFO] --- Checking trades for Markwayne Mullin ---
2026-06-01 18:00:05,135 [ERROR] Failed to fetch trades: 401 Client Error: Unauthorized for url: https://api.quiverquant.com/beta/live/congresstrading
2026-06-01 18:00:05,137 [INFO] No trades returned from QuiverQuant
2026-06-01 18:05:03,016 [INFO] --- Checking trades for Markwayne Mullin ---
2026-06-01 18:05:03,291 [INFO] Fetched 111 trades for Markwayne Mullin (total pool: 1000)
2026-06-01 18:05:03,294 [INFO] Found 0 new trades to process (out of 111 total)
2026-06-01 18:05:03,294 [INFO] No new trades — nothing to execute
2026-06-01 18:10:02,711 [INFO] --- Checking trades for Markwayne Mullin ---
2026-06-01 18:10:02,995 [INFO] Fetched 111 trades for Markwayne Mullin (total pool: 1000)
2026-06-01 18:10:02,998 [INFO] Found 0 new trades to process (out of 111 total)
2026-06-01 18:10:02,998 [INFO] No new trades — nothing to execute
2026-06-01 18:15:03,210 [INFO] --- Checking trades for Markwayne Mullin ---
2026-06-01 18:15:03,546 [INFO] Fetched 111 trades for Markwayne Mullin (total pool: 1000)
2026-06-01 18:15:03,550 [INFO] Found 0 new trades to process (out of 111 total)
2026-06-01 18:15:03,551 [INFO] No new trades — nothing to execute
2026-06-01 18:20:03,318 [INFO] --- Checking trades for Markwayne Mullin ---
2026-06-01 18:20:03,706 [INFO] Fetched 111 trades for Markwayne Mullin (total pool: 1000)
2026-06-01 18:20:03,711 [INFO] Found 0 new trades to process (out of 111 total)
2026-06-01 18:20:03,711 [INFO] No new trades — nothing to execute
2026-06-01 18:25:03,165 [INFO] --- Checking trades for Markwayne Mullin ---
2026-06-01 18:25:03,410 [INFO] Fetched 111 trades for Markwayne Mullin (total pool: 1000)
2026-06-01 18:25:03,413 [INFO] Found 0 new trades to process (out of 111 total)
2026-06-01 18:25:03,413 [INFO] No new trades — nothing to execute
2026-06-01 18:30:03,122 [INFO] --- Checking trades for Markwayne Mullin ---
2026-06-01 18:30:03,506 [INFO] Fetched 111 trades for Markwayne Mullin (total pool: 1000)
2026-06-01 18:30:03,508 [INFO] Found 0 new trades to process (out of 111 total)
2026-06-01 18:30:03,509 [INFO] No new trades — nothing to execute
2026-06-01 18:35:02,703 [INFO] --- Checking trades for Markwayne Mullin ---
2026-06-01 18:35:02,919 [INFO] Fetched 111 trades for Markwayne Mullin (total pool: 1000)
2026-06-01 18:35:02,923 [INFO] Found 0 new trades to process (out of 111 total)
2026-06-01 18:35:02,923 [INFO] No new trades — nothing to execute
2026-06-01 18:40:02,576 [INFO] --- Checking trades for Markwayne Mullin ---
2026-06-01 18:40:02,902 [ERROR] Failed to fetch trades: 401 Client Error: Unauthorized for url: https://api.quiverquant.com/beta/live/congresstrading
2026-06-01 18:40:02,903 [INFO] No trades returned from QuiverQuant
2026-06-01 18:45:03,094 [INFO] --- Checking trades for Markwayne Mullin ---
2026-06-01 18:45:03,453 [INFO] Fetched 111 trades for Markwayne Mullin (total pool: 1000)
2026-06-01 18:45:03,456 [INFO] Found 0 new trades to process (out of 111 total)
2026-06-01 18:45:03,456 [INFO] No new trades — nothing to execute
2026-06-01 18:50:02,936 [INFO] --- Checking trades for Markwayne Mullin ---
2026-06-01 18:50:03,171 [INFO] Fetched 111 trades for Markwayne Mullin (total pool: 1000)
2026-06-01 18:50:03,174 [INFO] Found 0 new trades to process (out of 111 total)
2026-06-01 18:50:03,174 [INFO] No new trades — nothing to execute
2026-06-01 18:55:03,343 [INFO] --- Checking trades for Markwayne Mullin ---
2026-06-01 18:55:03,715 [INFO] Fetched 111 trades for Markwayne Mullin (total pool: 1000)
2026-06-01 18:55:03,721 [INFO] Found 0 new trades to process (out of 111 total)
2026-06-01 18:55:03,721 [INFO] No new trades — nothing to execute
2026-06-01 19:00:03,076 [INFO] --- Checking trades for Markwayne Mullin ---
2026-06-01 19:00:05,151 [INFO] Fetched 111 trades for Markwayne Mullin (total pool: 1000)
2026-06-01 19:00:05,157 [INFO] Found 0 new trades to process (out of 111 total)
2026-06-01 19:00:05,157 [INFO] No new trades — nothing to execute
2026-06-01 19:05:03,437 [INFO] --- Checking trades for Markwayne Mullin ---
2026-06-01 19:05:03,792 [ERROR] Failed to fetch trades: 401 Client Error: Unauthorized for url: https://api.quiverquant.com/beta/live/congresstrading
2026-06-01 19:05:03,794 [INFO] No trades returned from QuiverQuant
2026-06-01 19:10:03,070 [INFO] --- Checking trades for Markwayne Mullin ---
2026-06-01 19:10:03,281 [ERROR] Failed to fetch trades: 401 Client Error: Unauthorized for url: https://api.quiverquant.com/beta/live/congresstrading
2026-06-01 19:10:03,283 [INFO] No trades returned from QuiverQuant
2026-06-01 19:15:03,565 [INFO] --- Checking trades for Markwayne Mullin ---
2026-06-01 19:15:03,954 [INFO] Fetched 111 trades for Markwayne Mullin (total pool: 1000)
2026-06-01 19:15:03,959 [INFO] Found 0 new trades to process (out of 111 total)
2026-06-01 19:15:03,959 [INFO] No new trades — nothing to execute
2026-06-01 19:20:03,100 [INFO] --- Checking trades for Markwayne Mullin ---
2026-06-01 19:20:03,321 [ERROR] Failed to fetch trades: 401 Client Error: Unauthorized for url: https://api.quiverquant.com/beta/live/congresstrading
2026-06-01 19:20:03,322 [INFO] No trades returned from QuiverQuant
2026-06-01 19:25:02,525 [INFO] --- Checking trades for Markwayne Mullin ---
2026-06-01 19:25:02,865 [ERROR] Failed to fetch trades: 401 Client Error: Unauthorized for url: https://api.quiverquant.com/beta/live/congresstrading
2026-06-01 19:25:02,866 [INFO] No trades returned from QuiverQuant
2026-06-01 19:30:03,256 [INFO] --- Checking trades for Markwayne Mullin ---
2026-06-01 19:30:03,610 [INFO] Fetched 111 trades for Markwayne Mullin (total pool: 1000)
2026-06-01 19:30:03,613 [INFO] Found 0 new trades to process (out of 111 total)
2026-06-01 19:30:03,613 [INFO] No new trades — nothing to execute
2026-06-01 19:35:03,042 [INFO] --- Checking trades for Markwayne Mullin ---
2026-06-01 19:35:03,342 [INFO] Fetched 111 trades for Markwayne Mullin (total pool: 1000)
2026-06-01 19:35:03,347 [INFO] Found 0 new trades to process (out of 111 total)
2026-06-01 19:35:03,347 [INFO] No new trades — nothing to execute
2026-06-01 19:40:03,018 [INFO] --- Checking trades for Markwayne Mullin ---
2026-06-01 19:40:03,336 [INFO] Fetched 111 trades for Markwayne Mullin (total pool: 1000)
2026-06-01 19:40:03,341 [INFO] Found 0 new trades to process (out of 111 total)
2026-06-01 19:40:03,341 [INFO] No new trades — nothing to execute
2026-06-01 19:45:02,617 [INFO] --- Checking trades for Markwayne Mullin ---
2026-06-01 19:45:02,900 [INFO] Fetched 111 trades for Markwayne Mullin (total pool: 1000)
2026-06-01 19:45:02,903 [INFO] Found 0 new trades to process (out of 111 total)
2026-06-01 19:45:02,903 [INFO] No new trades — nothing to execute
2026-06-01 19:50:03,100 [INFO] --- Checking trades for Markwayne Mullin ---
2026-06-01 19:50:03,454 [INFO] Fetched 111 trades for Markwayne Mullin (total pool: 1000)
2026-06-01 19:50:03,461 [INFO] Found 0 new trades to process (out of 111 total)
2026-06-01 19:50:03,461 [INFO] No new trades — nothing to execute
2026-06-01 19:55:02,683 [INFO] --- Checking trades for Markwayne Mullin ---
2026-06-01 19:55:02,944 [ERROR] Failed to fetch trades: 401 Client Error: Unauthorized for url: https://api.quiverquant.com/beta/live/congresstrading
2026-06-01 19:55:02,945 [INFO] No trades returned from QuiverQuant
2026-06-03 23:16:52,543 [INFO] --- Checking trades for Markwayne Mullin ---
2026-06-03 23:16:52,852 [INFO] Fetched 111 trades for Markwayne Mullin (total pool: 1000)
2026-06-03 23:16:52,875 [INFO] Found 0 new trades to process (out of 111 total)
2026-06-03 23:16:52,875 [INFO] No new trades — nothing to execute
2026-06-04 13:00:02,382 [INFO] --- Checking trades for Markwayne Mullin ---
2026-06-04 13:00:02,720 [INFO] Fetched 111 trades for Markwayne Mullin (total pool: 1000)
2026-06-04 13:00:02,721 [INFO] Found 0 new trades to process (out of 111 total)
2026-06-04 13:00:02,722 [INFO] No new trades — nothing to execute
2026-06-04 13:05:01,596 [INFO] --- Checking trades for Markwayne Mullin ---
2026-06-04 13:05:02,884 [ERROR] Failed to fetch trades: 401 Client Error: Unauthorized for url: https://api.quiverquant.com/beta/live/congresstrading
2026-06-04 13:05:02,885 [INFO] No trades returned from QuiverQuant
2026-06-04 13:10:02,055 [INFO] --- Checking trades for Markwayne Mullin ---
2026-06-04 13:10:02,386 [INFO] Fetched 111 trades for Markwayne Mullin (total pool: 1000)
2026-06-04 13:10:02,388 [INFO] Found 0 new trades to process (out of 111 total)
2026-06-04 13:10:02,388 [INFO] No new trades — nothing to execute
2026-06-04 13:15:02,380 [INFO] --- Checking trades for Markwayne Mullin ---
2026-06-04 13:15:02,689 [INFO] Fetched 111 trades for Markwayne Mullin (total pool: 1000)
2026-06-04 13:15:02,691 [INFO] Found 0 new trades to process (out of 111 total)
2026-06-04 13:15:02,691 [INFO] No new trades — nothing to execute
2026-06-04 13:20:01,982 [INFO] --- Checking trades for Markwayne Mullin ---
2026-06-04 13:20:02,195 [INFO] Fetched 111 trades for Markwayne Mullin (total pool: 1000)
2026-06-04 13:20:02,196 [INFO] Found 0 new trades to process (out of 111 total)
2026-06-04 13:20:02,196 [INFO] No new trades — nothing to execute
2026-06-04 13:25:02,370 [INFO] --- Checking trades for Markwayne Mullin ---
2026-06-04 13:25:02,605 [ERROR] Failed to fetch trades: 401 Client Error: Unauthorized for url: https://api.quiverquant.com/beta/live/congresstrading
2026-06-04 13:25:02,605 [INFO] No trades returned from QuiverQuant
2026-06-04 13:30:01,830 [INFO] --- Checking trades for Markwayne Mullin ---
2026-06-04 13:30:02,086 [INFO] Fetched 111 trades for Markwayne Mullin (total pool: 1000)
2026-06-04 13:30:02,087 [INFO] Found 0 new trades to process (out of 111 total)
2026-06-04 13:30:02,088 [INFO] No new trades — nothing to execute
2026-06-04 13:35:02,443 [INFO] --- Checking trades for Markwayne Mullin ---
2026-06-04 13:35:03,487 [INFO] Fetched 111 trades for Markwayne Mullin (total pool: 1000)
2026-06-04 13:35:03,488 [INFO] Found 0 new trades to process (out of 111 total)
2026-06-04 13:35:03,488 [INFO] No new trades — nothing to execute
2026-06-04 13:40:02,383 [INFO] --- Checking trades for Markwayne Mullin ---
2026-06-04 13:40:02,728 [INFO] Fetched 111 trades for Markwayne Mullin (total pool: 1000)
2026-06-04 13:40:02,731 [INFO] Found 0 new trades to process (out of 111 total)
2026-06-04 13:40:02,731 [INFO] No new trades — nothing to execute
2026-06-04 13:45:01,955 [INFO] --- Checking trades for Markwayne Mullin ---
2026-06-04 13:45:02,216 [INFO] Fetched 111 trades for Markwayne Mullin (total pool: 1000)
2026-06-04 13:45:02,217 [INFO] Found 0 new trades to process (out of 111 total)
2026-06-04 13:45:02,217 [INFO] No new trades — nothing to execute
2026-06-04 13:50:02,253 [INFO] --- Checking trades for Markwayne Mullin ---
2026-06-04 13:50:02,589 [INFO] Fetched 111 trades for Markwayne Mullin (total pool: 1000)
2026-06-04 13:50:02,590 [INFO] Found 0 new trades to process (out of 111 total)
2026-06-04 13:50:02,590 [INFO] No new trades — nothing to execute
2026-06-04 13:55:02,047 [INFO] --- Checking trades for Markwayne Mullin ---
2026-06-04 13:55:02,379 [INFO] Fetched 111 trades for Markwayne Mullin (total pool: 1000)
2026-06-04 13:55:02,380 [INFO] Found 0 new trades to process (out of 111 total)
2026-06-04 13:55:02,380 [INFO] No new trades — nothing to execute
2026-06-04 14:00:02,442 [INFO] --- Checking trades for Markwayne Mullin ---
2026-06-04 14:00:03,627 [ERROR] Failed to fetch trades: 401 Client Error: Unauthorized for url: https://api.quiverquant.com/beta/live/congresstrading
2026-06-04 14:00:03,628 [INFO] No trades returned from QuiverQuant
2026-06-04 14:05:02,114 [INFO] --- Checking trades for Markwayne Mullin ---
2026-06-04 14:05:02,687 [INFO] Fetched 111 trades for Markwayne Mullin (total pool: 1000)
2026-06-04 14:05:02,689 [INFO] Found 0 new trades to process (out of 111 total)
2026-06-04 14:05:02,689 [INFO] No new trades — nothing to execute
2026-06-04 14:10:01,945 [INFO] --- Checking trades for Markwayne Mullin ---
2026-06-04 14:10:02,180 [INFO] Fetched 111 trades for Markwayne Mullin (total pool: 1000)
2026-06-04 14:10:02,181 [INFO] Found 0 new trades to process (out of 111 total)
2026-06-04 14:10:02,181 [INFO] No new trades — nothing to execute
2026-06-04 14:15:02,237 [INFO] --- Checking trades for Markwayne Mullin ---
2026-06-04 14:15:02,776 [INFO] Fetched 111 trades for Markwayne Mullin (total pool: 1000)
2026-06-04 14:15:02,777 [INFO] Found 0 new trades to process (out of 111 total)
2026-06-04 14:15:02,777 [INFO] No new trades — nothing to execute
2026-06-04 14:20:01,724 [INFO] --- Checking trades for Markwayne Mullin ---
2026-06-04 14:20:01,965 [INFO] Fetched 111 trades for Markwayne Mullin (total pool: 1000)
2026-06-04 14:20:01,966 [INFO] Found 0 new trades to process (out of 111 total)
2026-06-04 14:20:01,966 [INFO] No new trades — nothing to execute
2026-06-04 14:25:01,984 [INFO] --- Checking trades for Markwayne Mullin ---
2026-06-04 14:25:02,318 [INFO] Fetched 111 trades for Markwayne Mullin (total pool: 1000)
2026-06-04 14:25:02,319 [INFO] Found 0 new trades to process (out of 111 total)
2026-06-04 14:25:02,319 [INFO] No new trades — nothing to execute
2026-06-04 14:30:02,429 [INFO] --- Checking trades for Markwayne Mullin ---
2026-06-04 14:30:02,697 [ERROR] Failed to fetch trades: 401 Client Error: Unauthorized for url: https://api.quiverquant.com/beta/live/congresstrading
2026-06-04 14:30:02,698 [INFO] No trades returned from QuiverQuant
2026-06-04 14:35:02,168 [INFO] --- Checking trades for Markwayne Mullin ---
2026-06-04 14:35:02,468 [INFO] Fetched 111 trades for Markwayne Mullin (total pool: 1000)
2026-06-04 14:35:02,469 [INFO] Found 0 new trades to process (out of 111 total)
2026-06-04 14:35:02,470 [INFO] No new trades — nothing to execute
2026-06-04 14:40:02,467 [INFO] --- Checking trades for Markwayne Mullin ---
2026-06-04 14:40:02,781 [INFO] Fetched 111 trades for Markwayne Mullin (total pool: 1000)
2026-06-04 14:40:02,783 [INFO] Found 0 new trades to process (out of 111 total)
2026-06-04 14:40:02,783 [INFO] No new trades — nothing to execute
2026-06-04 14:45:01,626 [INFO] --- Checking trades for Markwayne Mullin ---
2026-06-04 14:45:01,939 [INFO] Fetched 111 trades for Markwayne Mullin (total pool: 1000)
2026-06-04 14:45:01,941 [INFO] Found 0 new trades to process (out of 111 total)
2026-06-04 14:45:01,941 [INFO] No new trades — nothing to execute
2026-06-04 14:50:01,651 [INFO] --- Checking trades for Markwayne Mullin ---
2026-06-04 14:50:02,679 [ERROR] Failed to fetch trades: 401 Client Error: Unauthorized for url: https://api.quiverquant.com/beta/live/congresstrading
2026-06-04 14:50:02,680 [INFO] No trades returned from QuiverQuant
2026-06-04 14:55:01,891 [INFO] --- Checking trades for Markwayne Mullin ---
2026-06-04 14:55:02,237 [ERROR] Failed to fetch trades: 401 Client Error: Unauthorized for url: https://api.quiverquant.com/beta/live/congresstrading
2026-06-04 14:55:02,238 [INFO] No trades returned from QuiverQuant
2026-06-04 15:00:01,702 [INFO] --- Checking trades for Markwayne Mullin ---
2026-06-04 15:00:02,029 [INFO] Fetched 111 trades for Markwayne Mullin (total pool: 1000)
2026-06-04 15:00:02,030 [INFO] Found 0 new trades to process (out of 111 total)
2026-06-04 15:00:02,030 [INFO] No new trades — nothing to execute
2026-06-04 15:05:02,337 [INFO] --- Checking trades for Markwayne Mullin ---
2026-06-04 15:05:02,671 [INFO] Fetched 111 trades for Markwayne Mullin (total pool: 1000)
2026-06-04 15:05:02,673 [INFO] Found 0 new trades to process (out of 111 total)
2026-06-04 15:05:02,673 [INFO] No new trades — nothing to execute
2026-06-04 15:10:01,970 [INFO] --- Checking trades for Markwayne Mullin ---
2026-06-04 15:10:02,264 [INFO] Fetched 111 trades for Markwayne Mullin (total pool: 1000)
2026-06-04 15:10:02,265 [INFO] Found 0 new trades to process (out of 111 total)
2026-06-04 15:10:02,265 [INFO] No new trades — nothing to execute
2026-06-04 15:15:01,581 [INFO] --- Checking trades for Markwayne Mullin ---
2026-06-04 15:15:02,079 [INFO] Fetched 111 trades for Markwayne Mullin (total pool: 1000)
2026-06-04 15:15:02,081 [INFO] Found 0 new trades to process (out of 111 total)
2026-06-04 15:15:02,081 [INFO] No new trades — nothing to execute
2026-06-04 15:20:02,288 [INFO] --- Checking trades for Markwayne Mullin ---
2026-06-04 15:20:02,511 [ERROR] Failed to fetch trades: 401 Client Error: Unauthorized for url: https://api.quiverquant.com/beta/live/congresstrading
2026-06-04 15:20:02,511 [INFO] No trades returned from QuiverQuant
2026-06-04 15:25:01,928 [INFO] --- Checking trades for Markwayne Mullin ---
2026-06-04 15:25:02,281 [ERROR] Failed to fetch trades: 401 Client Error: Unauthorized for url: https://api.quiverquant.com/beta/live/congresstrading
2026-06-04 15:25:02,282 [INFO] No trades returned from QuiverQuant
2026-06-04 15:30:01,539 [INFO] --- Checking trades for Markwayne Mullin ---
2026-06-04 15:30:01,849 [INFO] Fetched 111 trades for Markwayne Mullin (total pool: 1000)
2026-06-04 15:30:01,851 [INFO] Found 0 new trades to process (out of 111 total)
2026-06-04 15:30:01,851 [INFO] No new trades — nothing to execute
2026-06-04 15:35:02,168 [INFO] --- Checking trades for Markwayne Mullin ---
2026-06-04 15:35:03,231 [ERROR] Failed to fetch trades: 401 Client Error: Unauthorized for url: https://api.quiverquant.com/beta/live/congresstrading
2026-06-04 15:35:03,232 [INFO] No trades returned from QuiverQuant
2026-06-04 15:40:02,425 [INFO] --- Checking trades for Markwayne Mullin ---
2026-06-04 15:40:02,710 [INFO] Fetched 111 trades for Markwayne Mullin (total pool: 1000)
2026-06-04 15:40:02,712 [INFO] Found 0 new trades to process (out of 111 total)
2026-06-04 15:40:02,712 [INFO] No new trades — nothing to execute
2026-06-04 15:45:02,151 [INFO] --- Checking trades for Markwayne Mullin ---
2026-06-04 15:45:02,611 [INFO] Fetched 111 trades for Markwayne Mullin (total pool: 1000)
2026-06-04 15:45:02,613 [INFO] Found 0 new trades to process (out of 111 total)
2026-06-04 15:45:02,613 [INFO] No new trades — nothing to execute
2026-06-04 15:50:01,818 [INFO] --- Checking trades for Markwayne Mullin ---
2026-06-04 15:50:02,006 [INFO] Fetched 111 trades for Markwayne Mullin (total pool: 1000)
2026-06-04 15:50:02,007 [INFO] Found 0 new trades to process (out of 111 total)
2026-06-04 15:50:02,007 [INFO] No new trades — nothing to execute
2026-06-04 15:55:02,445 [INFO] --- Checking trades for Markwayne Mullin ---
2026-06-04 15:55:02,731 [INFO] Fetched 111 trades for Markwayne Mullin (total pool: 1000)
2026-06-04 15:55:02,733 [INFO] Found 0 new trades to process (out of 111 total)
2026-06-04 15:55:02,733 [INFO] No new trades — nothing to execute
2026-06-04 16:00:02,130 [INFO] --- Checking trades for Markwayne Mullin ---
2026-06-04 16:00:02,474 [INFO] Fetched 111 trades for Markwayne Mullin (total pool: 1000)
2026-06-04 16:00:02,476 [INFO] Found 0 new trades to process (out of 111 total)
2026-06-04 16:00:02,476 [INFO] No new trades — nothing to execute
2026-06-04 16:05:01,809 [INFO] --- Checking trades for Markwayne Mullin ---
2026-06-04 16:05:02,031 [INFO] Fetched 111 trades for Markwayne Mullin (total pool: 1000)
2026-06-04 16:05:02,032 [INFO] Found 0 new trades to process (out of 111 total)
2026-06-04 16:05:02,032 [INFO] No new trades — nothing to execute
2026-06-04 16:10:02,339 [INFO] --- Checking trades for Markwayne Mullin ---
2026-06-04 16:10:02,637 [INFO] Fetched 111 trades for Markwayne Mullin (total pool: 1000)
2026-06-04 16:10:02,638 [INFO] Found 0 new trades to process (out of 111 total)
2026-06-04 16:10:02,638 [INFO] No new trades — nothing to execute
2026-06-04 16:15:01,971 [INFO] --- Checking trades for Markwayne Mullin ---
2026-06-04 16:15:02,183 [INFO] Fetched 111 trades for Markwayne Mullin (total pool: 1000)
2026-06-04 16:15:02,184 [INFO] Found 0 new trades to process (out of 111 total)
2026-06-04 16:15:02,184 [INFO] No new trades — nothing to execute
2026-06-04 16:20:01,484 [INFO] --- Checking trades for Markwayne Mullin ---
2026-06-04 16:20:01,831 [INFO] Fetched 111 trades for Markwayne Mullin (total pool: 1000)
2026-06-04 16:20:01,832 [INFO] Found 0 new trades to process (out of 111 total)
2026-06-04 16:20:01,832 [INFO] No new trades — nothing to execute
2026-06-04 16:25:02,192 [INFO] --- Checking trades for Markwayne Mullin ---
2026-06-04 16:25:02,458 [INFO] Fetched 111 trades for Markwayne Mullin (total pool: 1000)
2026-06-04 16:25:02,459 [INFO] Found 0 new trades to process (out of 111 total)
2026-06-04 16:25:02,459 [INFO] No new trades — nothing to execute
2026-06-04 16:30:01,834 [INFO] --- Checking trades for Markwayne Mullin ---
2026-06-04 16:30:02,475 [ERROR] Failed to fetch trades: 401 Client Error: Unauthorized for url: https://api.quiverquant.com/beta/live/congresstrading
2026-06-04 16:30:02,476 [INFO] No trades returned from QuiverQuant
2026-06-04 16:35:01,656 [INFO] --- Checking trades for Markwayne Mullin ---
2026-06-04 16:35:01,992 [INFO] Fetched 111 trades for Markwayne Mullin (total pool: 1000)
2026-06-04 16:35:01,993 [INFO] Found 0 new trades to process (out of 111 total)
2026-06-04 16:35:01,993 [INFO] No new trades — nothing to execute
2026-06-04 16:40:02,266 [INFO] --- Checking trades for Markwayne Mullin ---
2026-06-04 16:40:02,584 [INFO] Fetched 111 trades for Markwayne Mullin (total pool: 1000)
2026-06-04 16:40:02,585 [INFO] Found 0 new trades to process (out of 111 total)
2026-06-04 16:40:02,585 [INFO] No new trades — nothing to execute
2026-06-04 16:45:01,897 [INFO] --- Checking trades for Markwayne Mullin ---
2026-06-04 16:45:02,209 [INFO] Fetched 111 trades for Markwayne Mullin (total pool: 1000)
2026-06-04 16:45:02,210 [INFO] Found 0 new trades to process (out of 111 total)
2026-06-04 16:45:02,210 [INFO] No new trades — nothing to execute
2026-06-04 16:50:02,433 [INFO] --- Checking trades for Markwayne Mullin ---
2026-06-04 16:50:02,926 [INFO] Fetched 111 trades for Markwayne Mullin (total pool: 1000)
2026-06-04 16:50:02,927 [INFO] Found 0 new trades to process (out of 111 total)
2026-06-04 16:50:02,927 [INFO] No new trades — nothing to execute
2026-06-04 16:55:02,119 [INFO] --- Checking trades for Markwayne Mullin ---
2026-06-04 16:55:02,532 [ERROR] Failed to fetch trades: 401 Client Error: Unauthorized for url: https://api.quiverquant.com/beta/live/congresstrading
2026-06-04 16:55:02,533 [INFO] No trades returned from QuiverQuant
2026-06-04 17:00:01,805 [INFO] --- Checking trades for Markwayne Mullin ---
2026-06-04 17:00:02,933 [ERROR] Failed to fetch trades: 401 Client Error: Unauthorized for url: https://api.quiverquant.com/beta/live/congresstrading
2026-06-04 17:00:02,934 [INFO] No trades returned from QuiverQuant
2026-06-04 17:05:02,121 [INFO] --- Checking trades for Markwayne Mullin ---
2026-06-04 17:05:02,471 [INFO] Fetched 111 trades for Markwayne Mullin (total pool: 1000)
2026-06-04 17:05:02,473 [INFO] Found 0 new trades to process (out of 111 total)
2026-06-04 17:05:02,473 [INFO] No new trades — nothing to execute
2026-06-04 17:10:01,741 [INFO] --- Checking trades for Markwayne Mullin ---
2026-06-04 17:10:02,312 [ERROR] Failed to fetch trades: 401 Client Error: Unauthorized for url: https://api.quiverquant.com/beta/live/congresstrading
2026-06-04 17:10:02,313 [INFO] No trades returned from QuiverQuant
2026-06-04 17:15:01,518 [INFO] --- Checking trades for Markwayne Mullin ---
2026-06-04 17:15:01,781 [ERROR] Failed to fetch trades: 401 Client Error: Unauthorized for url: https://api.quiverquant.com/beta/live/congresstrading
2026-06-04 17:15:01,781 [INFO] No trades returned from QuiverQuant
2026-06-04 17:20:02,161 [INFO] --- Checking trades for Markwayne Mullin ---
2026-06-04 17:20:02,660 [INFO] Fetched 111 trades for Markwayne Mullin (total pool: 1000)
2026-06-04 17:20:02,662 [INFO] Found 0 new trades to process (out of 111 total)
2026-06-04 17:20:02,662 [INFO] No new trades — nothing to execute
2026-06-04 17:25:01,866 [INFO] --- Checking trades for Markwayne Mullin ---
2026-06-04 17:25:02,069 [INFO] Fetched 111 trades for Markwayne Mullin (total pool: 1000)
2026-06-04 17:25:02,070 [INFO] Found 0 new trades to process (out of 111 total)
2026-06-04 17:25:02,070 [INFO] No new trades — nothing to execute
2026-06-04 17:30:02,399 [INFO] --- Checking trades for Markwayne Mullin ---
2026-06-04 17:30:02,733 [INFO] Fetched 111 trades for Markwayne Mullin (total pool: 1000)
2026-06-04 17:30:02,734 [INFO] Found 0 new trades to process (out of 111 total)
2026-06-04 17:30:02,734 [INFO] No new trades — nothing to execute
2026-06-04 17:35:02,008 [INFO] --- Checking trades for Markwayne Mullin ---
2026-06-04 17:35:02,258 [INFO] Fetched 111 trades for Markwayne Mullin (total pool: 1000)
2026-06-04 17:35:02,260 [INFO] Found 0 new trades to process (out of 111 total)
2026-06-04 17:35:02,260 [INFO] No new trades — nothing to execute
2026-06-04 17:40:01,620 [INFO] --- Checking trades for Markwayne Mullin ---
2026-06-04 17:40:01,869 [INFO] Fetched 111 trades for Markwayne Mullin (total pool: 1000)
2026-06-04 17:40:01,870 [INFO] Found 0 new trades to process (out of 111 total)
2026-06-04 17:40:01,870 [INFO] No new trades — nothing to execute
2026-06-04 17:45:02,226 [INFO] --- Checking trades for Markwayne Mullin ---
2026-06-04 17:45:02,562 [INFO] Fetched 111 trades for Markwayne Mullin (total pool: 1000)
2026-06-04 17:45:02,563 [INFO] Found 0 new trades to process (out of 111 total)
2026-06-04 17:45:02,563 [INFO] No new trades — nothing to execute
2026-06-04 17:50:01,885 [INFO] --- Checking trades for Markwayne Mullin ---
2026-06-04 17:50:02,107 [INFO] Fetched 111 trades for Markwayne Mullin (total pool: 1000)
2026-06-04 17:50:02,109 [INFO] Found 0 new trades to process (out of 111 total)
2026-06-04 17:50:02,109 [INFO] No new trades — nothing to execute
2026-06-04 17:55:02,430 [INFO] --- Checking trades for Markwayne Mullin ---
2026-06-04 17:55:02,925 [INFO] Fetched 111 trades for Markwayne Mullin (total pool: 1000)
2026-06-04 17:55:02,926 [INFO] Found 0 new trades to process (out of 111 total)
2026-06-04 17:55:02,926 [INFO] No new trades — nothing to execute
2026-06-04 18:00:02,179 [INFO] --- Checking trades for Markwayne Mullin ---
2026-06-04 18:00:03,032 [ERROR] Failed to fetch trades: 401 Client Error: Unauthorized for url: https://api.quiverquant.com/beta/live/congresstrading
2026-06-04 18:00:03,033 [INFO] No trades returned from QuiverQuant
2026-06-04 18:05:02,221 [INFO] --- Checking trades for Markwayne Mullin ---
2026-06-04 18:05:02,611 [ERROR] Failed to fetch trades: 401 Client Error: Unauthorized for url: https://api.quiverquant.com/beta/live/congresstrading
2026-06-04 18:05:02,611 [INFO] No trades returned from QuiverQuant
2026-06-04 18:10:01,852 [INFO] --- Checking trades for Markwayne Mullin ---
2026-06-04 18:10:02,072 [INFO] Fetched 111 trades for Markwayne Mullin (total pool: 1000)
2026-06-04 18:10:02,074 [INFO] Found 0 new trades to process (out of 111 total)
2026-06-04 18:10:02,074 [INFO] No new trades — nothing to execute
2026-06-04 18:15:02,380 [INFO] --- Checking trades for Markwayne Mullin ---
2026-06-04 18:15:02,683 [INFO] Fetched 111 trades for Markwayne Mullin (total pool: 1000)
2026-06-04 18:15:02,684 [INFO] Found 0 new trades to process (out of 111 total)
2026-06-04 18:15:02,684 [INFO] No new trades — nothing to execute
2026-06-04 18:20:01,991 [INFO] --- Checking trades for Markwayne Mullin ---
2026-06-04 18:20:03,079 [ERROR] Failed to fetch trades: 401 Client Error: Unauthorized for url: https://api.quiverquant.com/beta/live/congresstrading
2026-06-04 18:20:03,080 [INFO] No trades returned from QuiverQuant
2026-06-04 18:25:02,273 [INFO] --- Checking trades for Markwayne Mullin ---
2026-06-04 18:25:02,522 [INFO] Fetched 111 trades for Markwayne Mullin (total pool: 1000)
2026-06-04 18:25:02,523 [INFO] Found 0 new trades to process (out of 111 total)
2026-06-04 18:25:02,523 [INFO] No new trades — nothing to execute
2026-06-04 18:30:01,931 [INFO] --- Checking trades for Markwayne Mullin ---
2026-06-04 18:30:02,233 [ERROR] Failed to fetch trades: 401 Client Error: Unauthorized for url: https://api.quiverquant.com/beta/live/congresstrading
2026-06-04 18:30:02,234 [INFO] No trades returned from QuiverQuant
2026-06-04 18:35:02,477 [INFO] --- Checking trades for Markwayne Mullin ---
2026-06-04 18:35:02,786 [ERROR] Failed to fetch trades: 401 Client Error: Unauthorized for url: https://api.quiverquant.com/beta/live/congresstrading
2026-06-04 18:35:02,787 [INFO] No trades returned from QuiverQuant
2026-06-04 18:40:02,106 [INFO] --- Checking trades for Markwayne Mullin ---
2026-06-04 18:40:02,582 [INFO] Fetched 111 trades for Markwayne Mullin (total pool: 1000)
2026-06-04 18:40:02,584 [INFO] Found 0 new trades to process (out of 111 total)
2026-06-04 18:40:02,584 [INFO] No new trades — nothing to execute
2026-06-04 18:45:01,793 [INFO] --- Checking trades for Markwayne Mullin ---
2026-06-04 18:45:01,998 [INFO] Fetched 111 trades for Markwayne Mullin (total pool: 1000)
2026-06-04 18:45:02,000 [INFO] Found 0 new trades to process (out of 111 total)
2026-06-04 18:45:02,000 [INFO] No new trades — nothing to execute
2026-06-04 18:50:02,330 [INFO] --- Checking trades for Markwayne Mullin ---
2026-06-04 18:50:02,626 [ERROR] Failed to fetch trades: 401 Client Error: Unauthorized for url: https://api.quiverquant.com/beta/live/congresstrading
2026-06-04 18:50:02,627 [INFO] No trades returned from QuiverQuant
2026-06-04 18:55:01,935 [INFO] --- Checking trades for Markwayne Mullin ---
2026-06-04 18:55:02,190 [INFO] Fetched 111 trades for Markwayne Mullin (total pool: 1000)
2026-06-04 18:55:02,192 [INFO] Found 0 new trades to process (out of 111 total)
2026-06-04 18:55:02,192 [INFO] No new trades — nothing to execute
2026-06-04 19:00:02,500 [INFO] --- Checking trades for Markwayne Mullin ---
2026-06-04 19:00:02,844 [INFO] Fetched 111 trades for Markwayne Mullin (total pool: 1000)
2026-06-04 19:00:02,846 [INFO] Found 0 new trades to process (out of 111 total)
2026-06-04 19:00:02,846 [INFO] No new trades — nothing to execute
2026-06-04 19:05:02,045 [INFO] --- Checking trades for Markwayne Mullin ---
2026-06-04 19:05:02,582 [INFO] Fetched 111 trades for Markwayne Mullin (total pool: 1000)
2026-06-04 19:05:02,583 [INFO] Found 0 new trades to process (out of 111 total)
2026-06-04 19:05:02,583 [INFO] No new trades — nothing to execute
2026-06-04 19:10:01,771 [INFO] --- Checking trades for Markwayne Mullin ---
2026-06-04 19:10:01,947 [INFO] Fetched 111 trades for Markwayne Mullin (total pool: 1000)
2026-06-04 19:10:01,949 [INFO] Found 0 new trades to process (out of 111 total)
2026-06-04 19:10:01,949 [INFO] No new trades — nothing to execute
2026-06-04 19:15:02,469 [INFO] --- Checking trades for Markwayne Mullin ---
2026-06-04 19:15:02,785 [INFO] Fetched 111 trades for Markwayne Mullin (total pool: 1000)
2026-06-04 19:15:02,786 [INFO] Found 0 new trades to process (out of 111 total)
2026-06-04 19:15:02,786 [INFO] No new trades — nothing to execute
2026-06-04 19:20:02,055 [INFO] --- Checking trades for Markwayne Mullin ---
2026-06-04 19:20:02,380 [INFO] Fetched 111 trades for Markwayne Mullin (total pool: 1000)
2026-06-04 19:20:02,381 [INFO] Found 0 new trades to process (out of 111 total)
2026-06-04 19:20:02,381 [INFO] No new trades — nothing to execute
2026-06-04 19:25:01,588 [INFO] --- Checking trades for Markwayne Mullin ---
2026-06-04 19:25:01,803 [ERROR] Failed to fetch trades: 401 Client Error: Unauthorized for url: https://api.quiverquant.com/beta/live/congresstrading
2026-06-04 19:25:01,804 [INFO] No trades returned from QuiverQuant
2026-06-04 19:30:02,257 [INFO] --- Checking trades for Markwayne Mullin ---
2026-06-04 19:30:02,784 [INFO] Fetched 111 trades for Markwayne Mullin (total pool: 1000)
2026-06-04 19:30:02,786 [INFO] Found 0 new trades to process (out of 111 total)
2026-06-04 19:30:02,786 [INFO] No new trades — nothing to execute
2026-06-04 19:35:01,981 [INFO] --- Checking trades for Markwayne Mullin ---
2026-06-04 19:35:02,239 [INFO] Fetched 111 trades for Markwayne Mullin (total pool: 1000)
2026-06-04 19:35:02,240 [INFO] Found 0 new trades to process (out of 111 total)
2026-06-04 19:35:02,240 [INFO] No new trades — nothing to execute
2026-06-04 19:40:01,519 [INFO] --- Checking trades for Markwayne Mullin ---
2026-06-04 19:40:01,794 [ERROR] Failed to fetch trades: 401 Client Error: Unauthorized for url: https://api.quiverquant.com/beta/live/congresstrading
2026-06-04 19:40:01,795 [INFO] No trades returned from QuiverQuant
2026-06-04 19:45:02,095 [INFO] --- Checking trades for Markwayne Mullin ---
2026-06-04 19:45:02,597 [INFO] Fetched 111 trades for Markwayne Mullin (total pool: 1000)
2026-06-04 19:45:02,599 [INFO] Found 0 new trades to process (out of 111 total)
2026-06-04 19:45:02,599 [INFO] No new trades — nothing to execute
2026-06-04 19:50:01,801 [INFO] --- Checking trades for Markwayne Mullin ---
2026-06-04 19:50:02,196 [INFO] Fetched 111 trades for Markwayne Mullin (total pool: 1000)
2026-06-04 19:50:02,198 [INFO] Found 0 new trades to process (out of 111 total)
2026-06-04 19:50:02,198 [INFO] No new trades — nothing to execute
2026-06-04 19:55:02,389 [INFO] --- Checking trades for Markwayne Mullin ---
2026-06-04 19:55:02,869 [INFO] Fetched 111 trades for Markwayne Mullin (total pool: 1000)
2026-06-04 19:55:02,870 [INFO] Found 0 new trades to process (out of 111 total)
2026-06-04 19:55:02,870 [INFO] No new trades — nothing to execute
2026-06-05 13:00:01,767 [INFO] --- Checking trades for Markwayne Mullin ---
2026-06-05 13:00:02,249 [INFO] Fetched 111 trades for Markwayne Mullin (total pool: 1000)
2026-06-05 13:00:02,250 [INFO] Found 0 new trades to process (out of 111 total)
2026-06-05 13:00:02,250 [INFO] No new trades — nothing to execute
2026-06-05 13:05:02,154 [INFO] --- Checking trades for Markwayne Mullin ---
2026-06-05 13:05:02,420 [INFO] Fetched 111 trades for Markwayne Mullin (total pool: 1000)
2026-06-05 13:05:02,421 [INFO] Found 0 new trades to process (out of 111 total)
2026-06-05 13:05:02,421 [INFO] No new trades — nothing to execute
2026-06-05 13:10:01,497 [INFO] --- Checking trades for Markwayne Mullin ---
2026-06-05 13:10:01,810 [ERROR] Failed to fetch trades: 401 Client Error: Unauthorized for url: https://api.quiverquant.com/beta/live/congresstrading
2026-06-05 13:10:01,810 [INFO] No trades returned from QuiverQuant
2026-06-05 13:15:01,627 [INFO] --- Checking trades for Markwayne Mullin ---
2026-06-05 13:15:01,909 [INFO] Fetched 111 trades for Markwayne Mullin (total pool: 1000)
2026-06-05 13:15:01,910 [INFO] Found 0 new trades to process (out of 111 total)
2026-06-05 13:15:01,910 [INFO] No new trades — nothing to execute
2026-06-05 13:20:01,790 [INFO] --- Checking trades for Markwayne Mullin ---
2026-06-05 13:20:02,161 [ERROR] Failed to fetch trades: 401 Client Error: Unauthorized for url: https://api.quiverquant.com/beta/live/congresstrading
2026-06-05 13:20:02,161 [INFO] No trades returned from QuiverQuant
2026-06-05 13:25:01,634 [INFO] --- Checking trades for Markwayne Mullin ---
2026-06-05 13:25:01,940 [INFO] Fetched 111 trades for Markwayne Mullin (total pool: 1000)
2026-06-05 13:25:01,942 [INFO] Found 0 new trades to process (out of 111 total)
2026-06-05 13:25:01,942 [INFO] No new trades — nothing to execute
2026-06-05 13:30:02,269 [INFO] --- Checking trades for Markwayne Mullin ---
2026-06-05 13:30:02,567 [INFO] Fetched 111 trades for Markwayne Mullin (total pool: 1000)
2026-06-05 13:30:02,568 [INFO] Found 0 new trades to process (out of 111 total)
2026-06-05 13:30:02,568 [INFO] No new trades — nothing to execute
2026-06-05 13:35:01,648 [INFO] --- Checking trades for Markwayne Mullin ---
2026-06-05 13:35:01,901 [INFO] Fetched 111 trades for Markwayne Mullin (total pool: 1000)
2026-06-05 13:35:01,902 [INFO] Found 0 new trades to process (out of 111 total)
2026-06-05 13:35:01,902 [INFO] No new trades — nothing to execute
2026-06-05 13:40:01,612 [INFO] --- Checking trades for Markwayne Mullin ---
2026-06-05 13:40:01,850 [ERROR] Failed to fetch trades: 401 Client Error: Unauthorized for url: https://api.quiverquant.com/beta/live/congresstrading
2026-06-05 13:40:01,850 [INFO] No trades returned from QuiverQuant
2026-06-05 13:45:02,396 [INFO] --- Checking trades for Markwayne Mullin ---
2026-06-05 13:45:02,697 [INFO] Fetched 111 trades for Markwayne Mullin (total pool: 1000)
2026-06-05 13:45:02,699 [INFO] Found 0 new trades to process (out of 111 total)
2026-06-05 13:45:02,699 [INFO] No new trades — nothing to execute
2026-06-05 13:50:01,861 [INFO] --- Checking trades for Markwayne Mullin ---
2026-06-05 13:50:02,129 [ERROR] Failed to fetch trades: 401 Client Error: Unauthorized for url: https://api.quiverquant.com/beta/live/congresstrading
2026-06-05 13:50:02,130 [INFO] No trades returned from QuiverQuant
2026-06-05 13:55:01,713 [INFO] --- Checking trades for Markwayne Mullin ---
2026-06-05 13:55:02,196 [INFO] Fetched 111 trades for Markwayne Mullin (total pool: 1000)
2026-06-05 13:55:02,197 [INFO] Found 0 new trades to process (out of 111 total)
2026-06-05 13:55:02,197 [INFO] No new trades — nothing to execute
2026-06-05 14:00:02,539 [INFO] --- Checking trades for Markwayne Mullin ---
2026-06-05 14:00:02,886 [INFO] Fetched 111 trades for Markwayne Mullin (total pool: 1000)
2026-06-05 14:00:02,887 [INFO] Found 0 new trades to process (out of 111 total)
2026-06-05 14:00:02,887 [INFO] No new trades — nothing to execute
2026-06-05 14:05:01,941 [INFO] --- Checking trades for Markwayne Mullin ---
2026-06-05 14:05:02,609 [ERROR] Failed to fetch trades: 401 Client Error: Unauthorized for url: https://api.quiverquant.com/beta/live/congresstrading
2026-06-05 14:05:02,610 [INFO] No trades returned from QuiverQuant
2026-06-05 14:10:02,075 [INFO] --- Checking trades for Markwayne Mullin ---
2026-06-05 14:10:02,352 [INFO] Fetched 111 trades for Markwayne Mullin (total pool: 1000)
2026-06-05 14:10:02,353 [INFO] Found 0 new trades to process (out of 111 total)
2026-06-05 14:10:02,353 [INFO] No new trades — nothing to execute
2026-06-05 14:15:01,809 [INFO] --- Checking trades for Markwayne Mullin ---
2026-06-05 14:15:02,201 [INFO] Fetched 111 trades for Markwayne Mullin (total pool: 1000)
2026-06-05 14:15:02,202 [INFO] Found 0 new trades to process (out of 111 total)
2026-06-05 14:15:02,202 [INFO] No new trades — nothing to execute
2026-06-05 14:20:01,642 [INFO] --- Checking trades for Markwayne Mullin ---
2026-06-05 14:20:02,005 [INFO] Fetched 111 trades for Markwayne Mullin (total pool: 1000)
2026-06-05 14:20:02,007 [INFO] Found 0 new trades to process (out of 111 total)
2026-06-05 14:20:02,007 [INFO] No new trades — nothing to execute
2026-06-05 14:25:01,494 [INFO] --- Checking trades for Markwayne Mullin ---
2026-06-05 14:25:01,788 [INFO] Fetched 111 trades for Markwayne Mullin (total pool: 1000)
2026-06-05 14:25:01,790 [INFO] Found 0 new trades to process (out of 111 total)
2026-06-05 14:25:01,790 [INFO] No new trades — nothing to execute
2026-06-05 14:30:02,325 [INFO] --- Checking trades for Markwayne Mullin ---
2026-06-05 14:30:02,636 [INFO] Fetched 111 trades for Markwayne Mullin (total pool: 1000)
2026-06-05 14:30:02,637 [INFO] Found 0 new trades to process (out of 111 total)
2026-06-05 14:30:02,637 [INFO] No new trades — nothing to execute
2026-06-05 14:35:01,558 [INFO] --- Checking trades for Markwayne Mullin ---
2026-06-05 14:35:01,781 [INFO] Fetched 111 trades for Markwayne Mullin (total pool: 1000)
2026-06-05 14:35:01,782 [INFO] Found 0 new trades to process (out of 111 total)
2026-06-05 14:35:01,782 [INFO] No new trades — nothing to execute
2026-06-05 14:40:02,403 [INFO] --- Checking trades for Markwayne Mullin ---
2026-06-05 14:40:02,784 [ERROR] Failed to fetch trades: 401 Client Error: Unauthorized for url: https://api.quiverquant.com/beta/live/congresstrading
2026-06-05 14:40:02,785 [INFO] No trades returned from QuiverQuant
2026-06-05 14:45:01,486 [INFO] --- Checking trades for Markwayne Mullin ---
2026-06-05 14:45:01,768 [ERROR] Failed to fetch trades: 401 Client Error: Unauthorized for url: https://api.quiverquant.com/beta/live/congresstrading
2026-06-05 14:45:01,769 [INFO] No trades returned from QuiverQuant
2026-06-05 14:50:02,476 [INFO] --- Checking trades for Markwayne Mullin ---
2026-06-05 14:50:03,675 [ERROR] Failed to fetch trades: 401 Client Error: Unauthorized for url: https://api.quiverquant.com/beta/live/congresstrading
2026-06-05 14:50:03,676 [INFO] No trades returned from QuiverQuant
2026-06-05 14:55:01,869 [INFO] --- Checking trades for Markwayne Mullin ---
2026-06-05 14:55:02,229 [INFO] Fetched 111 trades for Markwayne Mullin (total pool: 1000)
2026-06-05 14:55:02,230 [INFO] Found 0 new trades to process (out of 111 total)
2026-06-05 14:55:02,230 [INFO] No new trades — nothing to execute
2026-06-05 15:00:02,344 [INFO] --- Checking trades for Markwayne Mullin ---
2026-06-05 15:00:02,665 [INFO] Fetched 111 trades for Markwayne Mullin (total pool: 1000)
2026-06-05 15:00:02,667 [INFO] Found 0 new trades to process (out of 111 total)
2026-06-05 15:00:02,667 [INFO] No new trades — nothing to execute
2026-06-05 15:05:02,451 [INFO] --- Checking trades for Markwayne Mullin ---
2026-06-05 15:05:02,855 [ERROR] Failed to fetch trades: 401 Client Error: Unauthorized for url: https://api.quiverquant.com/beta/live/congresstrading
2026-06-05 15:05:02,856 [INFO] No trades returned from QuiverQuant
2026-06-05 15:10:02,273 [INFO] --- Checking trades for Markwayne Mullin ---
2026-06-05 15:10:02,791 [INFO] Fetched 111 trades for Markwayne Mullin (total pool: 1000)
2026-06-05 15:10:02,793 [INFO] Found 0 new trades to process (out of 111 total)
2026-06-05 15:10:02,793 [INFO] No new trades — nothing to execute
2026-06-05 15:15:01,986 [INFO] --- Checking trades for Markwayne Mullin ---
2026-06-05 15:15:02,230 [INFO] Fetched 111 trades for Markwayne Mullin (total pool: 1000)
2026-06-05 15:15:02,231 [INFO] Found 0 new trades to process (out of 111 total)
2026-06-05 15:15:02,232 [INFO] No new trades — nothing to execute
2026-06-05 15:20:01,548 [INFO] --- Checking trades for Markwayne Mullin ---
2026-06-05 15:20:01,833 [ERROR] Failed to fetch trades: 401 Client Error: Unauthorized for url: https://api.quiverquant.com/beta/live/congresstrading
2026-06-05 15:20:01,833 [INFO] No trades returned from QuiverQuant
2026-06-05 15:25:02,092 [INFO] --- Checking trades for Markwayne Mullin ---
2026-06-05 15:25:02,549 [INFO] Fetched 111 trades for Markwayne Mullin (total pool: 1000)
2026-06-05 15:25:02,550 [INFO] Found 0 new trades to process (out of 111 total)
2026-06-05 15:25:02,550 [INFO] No new trades — nothing to execute
2026-06-05 15:30:01,785 [INFO] --- Checking trades for Markwayne Mullin ---
2026-06-05 15:30:02,186 [INFO] Fetched 111 trades for Markwayne Mullin (total pool: 1000)
2026-06-05 15:30:02,188 [INFO] Found 0 new trades to process (out of 111 total)
2026-06-05 15:30:02,188 [INFO] No new trades — nothing to execute
2026-06-05 15:35:02,386 [INFO] --- Checking trades for Markwayne Mullin ---
2026-06-05 15:35:02,898 [INFO] Fetched 111 trades for Markwayne Mullin (total pool: 1000)
2026-06-05 15:35:02,900 [INFO] Found 0 new trades to process (out of 111 total)
2026-06-05 15:35:02,900 [INFO] No new trades — nothing to execute
2026-06-05 15:40:02,082 [INFO] --- Checking trades for Markwayne Mullin ---
2026-06-05 15:40:02,400 [INFO] Fetched 111 trades for Markwayne Mullin (total pool: 1000)
2026-06-05 15:40:02,401 [INFO] Found 0 new trades to process (out of 111 total)
2026-06-05 15:40:02,401 [INFO] No new trades — nothing to execute
2026-06-05 15:45:01,616 [INFO] --- Checking trades for Markwayne Mullin ---
2026-06-05 15:45:01,877 [ERROR] Failed to fetch trades: 401 Client Error: Unauthorized for url: https://api.quiverquant.com/beta/live/congresstrading
2026-06-05 15:45:01,878 [INFO] No trades returned from QuiverQuant
2026-06-05 15:50:02,246 [INFO] --- Checking trades for Markwayne Mullin ---
2026-06-05 15:50:02,526 [INFO] Fetched 111 trades for Markwayne Mullin (total pool: 1000)
2026-06-05 15:50:02,527 [INFO] Found 0 new trades to process (out of 111 total)
2026-06-05 15:50:02,527 [INFO] No new trades — nothing to execute
2026-06-05 15:55:01,819 [INFO] --- Checking trades for Markwayne Mullin ---
2026-06-05 15:55:02,198 [ERROR] Failed to fetch trades: 401 Client Error: Unauthorized for url: https://api.quiverquant.com/beta/live/congresstrading
2026-06-05 15:55:02,198 [INFO] No trades returned from QuiverQuant
2026-06-05 16:00:02,463 [INFO] --- Checking trades for Markwayne Mullin ---
2026-06-05 16:00:02,707 [ERROR] Failed to fetch trades: 401 Client Error: Unauthorized for url: https://api.quiverquant.com/beta/live/congresstrading
2026-06-05 16:00:02,708 [INFO] No trades returned from QuiverQuant
2026-06-05 16:05:01,996 [INFO] --- Checking trades for Markwayne Mullin ---
2026-06-05 16:05:02,424 [INFO] Fetched 111 trades for Markwayne Mullin (total pool: 1000)
2026-06-05 16:05:02,426 [INFO] Found 0 new trades to process (out of 111 total)
2026-06-05 16:05:02,426 [INFO] No new trades — nothing to execute
2026-06-05 16:10:01,619 [INFO] --- Checking trades for Markwayne Mullin ---
2026-06-05 16:10:01,900 [INFO] Fetched 111 trades for Markwayne Mullin (total pool: 1000)
2026-06-05 16:10:01,901 [INFO] Found 0 new trades to process (out of 111 total)
2026-06-05 16:10:01,901 [INFO] No new trades — nothing to execute
2026-06-05 16:15:02,256 [INFO] --- Checking trades for Markwayne Mullin ---
2026-06-05 16:15:02,667 [ERROR] Failed to fetch trades: 401 Client Error: Unauthorized for url: https://api.quiverquant.com/beta/live/congresstrading
2026-06-05 16:15:02,668 [INFO] No trades returned from QuiverQuant
2026-06-05 16:20:01,904 [INFO] --- Checking trades for Markwayne Mullin ---
2026-06-05 16:20:02,100 [ERROR] Failed to fetch trades: 401 Client Error: Unauthorized for url: https://api.quiverquant.com/beta/live/congresstrading
2026-06-05 16:20:02,101 [INFO] No trades returned from QuiverQuant
2026-06-05 16:25:02,478 [INFO] --- Checking trades for Markwayne Mullin ---
2026-06-05 16:25:02,812 [INFO] Fetched 111 trades for Markwayne Mullin (total pool: 1000)
2026-06-05 16:25:02,813 [INFO] Found 0 new trades to process (out of 111 total)
2026-06-05 16:25:02,813 [INFO] No new trades — nothing to execute
2026-06-05 16:30:02,204 [INFO] --- Checking trades for Markwayne Mullin ---
2026-06-05 16:30:02,477 [INFO] Fetched 111 trades for Markwayne Mullin (total pool: 1000)
2026-06-05 16:30:02,479 [INFO] Found 0 new trades to process (out of 111 total)
2026-06-05 16:30:02,479 [INFO] No new trades — nothing to execute
2026-06-05 16:35:01,760 [INFO] --- Checking trades for Markwayne Mullin ---
2026-06-05 16:35:02,139 [INFO] Fetched 111 trades for Markwayne Mullin (total pool: 1000)
2026-06-05 16:35:02,140 [INFO] Found 0 new trades to process (out of 111 total)
2026-06-05 16:35:02,140 [INFO] No new trades — nothing to execute
2026-06-05 16:40:02,395 [INFO] --- Checking trades for Markwayne Mullin ---
2026-06-05 16:40:02,762 [INFO] Fetched 111 trades for Markwayne Mullin (total pool: 1000)
2026-06-05 16:40:02,763 [INFO] Found 0 new trades to process (out of 111 total)
2026-06-05 16:40:02,764 [INFO] No new trades — nothing to execute
2026-06-05 16:45:02,069 [INFO] --- Checking trades for Markwayne Mullin ---
2026-06-05 16:45:02,360 [INFO] Fetched 111 trades for Markwayne Mullin (total pool: 1000)
2026-06-05 16:45:02,362 [INFO] Found 0 new trades to process (out of 111 total)
2026-06-05 16:45:02,362 [INFO] No new trades — nothing to execute
2026-06-05 16:50:01,647 [INFO] --- Checking trades for Markwayne Mullin ---
2026-06-05 16:50:02,004 [INFO] Fetched 111 trades for Markwayne Mullin (total pool: 1000)
2026-06-05 16:50:02,006 [INFO] Found 0 new trades to process (out of 111 total)
2026-06-05 16:50:02,006 [INFO] No new trades — nothing to execute
2026-06-05 16:55:02,259 [INFO] --- Checking trades for Markwayne Mullin ---
2026-06-05 16:55:02,566 [INFO] Fetched 111 trades for Markwayne Mullin (total pool: 1000)
2026-06-05 16:55:02,567 [INFO] Found 0 new trades to process (out of 111 total)
2026-06-05 16:55:02,567 [INFO] No new trades — nothing to execute
2026-06-05 17:00:01,958 [INFO] --- Checking trades for Markwayne Mullin ---
2026-06-05 17:00:02,182 [INFO] Fetched 111 trades for Markwayne Mullin (total pool: 1000)
2026-06-05 17:00:02,183 [INFO] Found 0 new trades to process (out of 111 total)
2026-06-05 17:00:02,183 [INFO] No new trades — nothing to execute
2026-06-05 17:05:01,760 [INFO] --- Checking trades for Markwayne Mullin ---
2026-06-05 17:05:02,099 [INFO] Fetched 111 trades for Markwayne Mullin (total pool: 1000)
2026-06-05 17:05:02,100 [INFO] Found 0 new trades to process (out of 111 total)
2026-06-05 17:05:02,100 [INFO] No new trades — nothing to execute
2026-06-05 17:29:20,069 [INFO] --- Checking trades for Markwayne Mullin ---
2026-06-05 17:29:20,555 [INFO] Fetched 111 trades for Markwayne Mullin (total pool: 1000)
2026-06-05 17:29:20,557 [INFO] Found 0 new trades to process (out of 111 total)
2026-06-05 17:29:20,557 [INFO] No new trades — nothing to execute
2026-06-05 17:30:02,380 [INFO] --- Checking trades for Markwayne Mullin ---
2026-06-05 17:30:02,538 [INFO] Fetched 111 trades for Markwayne Mullin (total pool: 1000)
2026-06-05 17:30:02,541 [INFO] Found 0 new trades to process (out of 111 total)
2026-06-05 17:30:02,541 [INFO] No new trades — nothing to execute
2026-06-05 17:35:02,233 [INFO] --- Checking trades for Markwayne Mullin ---
2026-06-05 17:35:02,613 [ERROR] Failed to fetch trades: 401 Client Error: Unauthorized for url: https://api.quiverquant.com/beta/live/congresstrading
2026-06-05 17:35:02,615 [INFO] No trades returned from QuiverQuant
2026-06-05 17:40:02,345 [INFO] --- Checking trades for Markwayne Mullin ---
2026-06-05 17:40:02,793 [INFO] Fetched 111 trades for Markwayne Mullin (total pool: 1000)
2026-06-05 17:40:02,796 [INFO] Found 0 new trades to process (out of 111 total)
2026-06-05 17:40:02,797 [INFO] No new trades — nothing to execute
2026-06-05 17:45:02,494 [INFO] --- Checking trades for Markwayne Mullin ---
2026-06-05 17:45:02,872 [INFO] Fetched 111 trades for Markwayne Mullin (total pool: 1000)
2026-06-05 17:45:02,874 [INFO] Found 0 new trades to process (out of 111 total)
2026-06-05 17:45:02,874 [INFO] No new trades — nothing to execute
2026-06-08 13:00:02,434 [INFO] --- Checking trades for Markwayne Mullin ---
2026-06-08 13:00:02,889 [INFO] Fetched 111 trades for Markwayne Mullin (total pool: 1000)
2026-06-08 13:00:02,896 [INFO] Found 0 new trades to process (out of 111 total)
2026-06-08 13:00:02,896 [INFO] No new trades — nothing to execute
2026-06-08 13:05:02,030 [INFO] --- Checking trades for Markwayne Mullin ---
2026-06-08 13:05:02,315 [INFO] Fetched 111 trades for Markwayne Mullin (total pool: 1000)
2026-06-08 13:05:02,321 [INFO] Found 0 new trades to process (out of 111 total)
2026-06-08 13:05:02,322 [INFO] No new trades — nothing to execute
2026-06-08 13:10:02,766 [INFO] --- Checking trades for Markwayne Mullin ---
2026-06-08 13:10:03,142 [ERROR] Failed to fetch trades: 401 Client Error: Unauthorized for url: https://api.quiverquant.com/beta/live/congresstrading
2026-06-08 13:10:03,145 [INFO] No trades returned from QuiverQuant
2026-06-08 13:15:02,498 [INFO] --- Checking trades for Markwayne Mullin ---
2026-06-08 13:15:02,907 [INFO] Fetched 111 trades for Markwayne Mullin (total pool: 1000)
2026-06-08 13:15:02,912 [INFO] Found 0 new trades to process (out of 111 total)
2026-06-08 13:15:02,912 [INFO] No new trades — nothing to execute
2026-06-08 13:20:02,428 [INFO] --- Checking trades for Markwayne Mullin ---
2026-06-08 13:20:02,753 [INFO] Fetched 111 trades for Markwayne Mullin (total pool: 1000)
2026-06-08 13:20:02,758 [INFO] Found 0 new trades to process (out of 111 total)
2026-06-08 13:20:02,759 [INFO] No new trades — nothing to execute
2026-06-08 13:25:02,543 [INFO] --- Checking trades for Markwayne Mullin ---
2026-06-08 13:25:02,801 [INFO] Fetched 111 trades for Markwayne Mullin (total pool: 1000)
2026-06-08 13:25:02,806 [INFO] Found 0 new trades to process (out of 111 total)
2026-06-08 13:25:02,807 [INFO] No new trades — nothing to execute
2026-06-08 13:30:02,171 [INFO] --- Checking trades for Markwayne Mullin ---
2026-06-08 13:30:02,453 [INFO] Fetched 111 trades for Markwayne Mullin (total pool: 1000)
2026-06-08 13:30:02,463 [INFO] Found 0 new trades to process (out of 111 total)
2026-06-08 13:30:02,464 [INFO] No new trades — nothing to execute
2026-06-08 13:35:02,700 [INFO] --- Checking trades for Markwayne Mullin ---
2026-06-08 13:35:02,997 [INFO] Fetched 111 trades for Markwayne Mullin (total pool: 1000)
2026-06-08 13:35:03,002 [INFO] Found 0 new trades to process (out of 111 total)
2026-06-08 13:35:03,003 [INFO] No new trades — nothing to execute
2026-06-08 13:40:01,913 [INFO] --- Checking trades for Markwayne Mullin ---
2026-06-08 13:40:02,131 [INFO] Fetched 111 trades for Markwayne Mullin (total pool: 1000)
2026-06-08 13:40:02,136 [INFO] Found 0 new trades to process (out of 111 total)
2026-06-08 13:40:02,137 [INFO] No new trades — nothing to execute
2026-06-08 13:45:02,406 [INFO] --- Checking trades for Markwayne Mullin ---
2026-06-08 13:45:02,667 [INFO] Fetched 111 trades for Markwayne Mullin (total pool: 1000)
2026-06-08 13:45:02,672 [INFO] Found 0 new trades to process (out of 111 total)
2026-06-08 13:45:02,673 [INFO] No new trades — nothing to execute
2026-06-08 13:50:02,228 [INFO] --- Checking trades for Markwayne Mullin ---
2026-06-08 13:50:02,566 [INFO] Fetched 111 trades for Markwayne Mullin (total pool: 1000)
2026-06-08 13:50:02,572 [INFO] Found 0 new trades to process (out of 111 total)
2026-06-08 13:50:02,573 [INFO] No new trades — nothing to execute
2026-06-08 13:55:01,990 [INFO] --- Checking trades for Markwayne Mullin ---
2026-06-08 13:55:02,220 [ERROR] Failed to fetch trades: 401 Client Error: Unauthorized for url: https://api.quiverquant.com/beta/live/congresstrading
2026-06-08 13:55:02,222 [INFO] No trades returned from QuiverQuant
2026-06-08 14:00:02,856 [INFO] --- Checking trades for Markwayne Mullin ---
2026-06-08 14:00:03,102 [INFO] Fetched 111 trades for Markwayne Mullin (total pool: 1000)
2026-06-08 14:00:03,108 [INFO] Found 0 new trades to process (out of 111 total)
2026-06-08 14:00:03,109 [INFO] No new trades — nothing to execute
2026-06-08 14:05:01,985 [INFO] --- Checking trades for Markwayne Mullin ---
2026-06-08 14:05:02,318 [INFO] Fetched 111 trades for Markwayne Mullin (total pool: 1000)
2026-06-08 14:05:02,323 [INFO] Found 0 new trades to process (out of 111 total)
2026-06-08 14:05:02,324 [INFO] No new trades — nothing to execute
2026-06-08 14:10:02,217 [INFO] --- Checking trades for Markwayne Mullin ---
2026-06-08 14:10:02,499 [INFO] Fetched 111 trades for Markwayne Mullin (total pool: 1000)
2026-06-08 14:10:02,505 [INFO] Found 0 new trades to process (out of 111 total)
2026-06-08 14:10:02,505 [INFO] No new trades — nothing to execute
2026-06-08 14:15:02,278 [INFO] --- Checking trades for Markwayne Mullin ---
2026-06-08 14:15:02,517 [INFO] Fetched 111 trades for Markwayne Mullin (total pool: 1000)
2026-06-08 14:15:02,522 [INFO] Found 0 new trades to process (out of 111 total)
2026-06-08 14:15:02,523 [INFO] No new trades — nothing to execute
2026-06-08 14:20:02,283 [INFO] --- Checking trades for Markwayne Mullin ---
2026-06-08 14:20:02,535 [INFO] Fetched 111 trades for Markwayne Mullin (total pool: 1000)
2026-06-08 14:20:02,541 [INFO] Found 0 new trades to process (out of 111 total)
2026-06-08 14:20:02,542 [INFO] No new trades — nothing to execute
2026-06-08 14:25:01,799 [INFO] --- Checking trades for Markwayne Mullin ---
2026-06-08 14:25:02,011 [INFO] Fetched 111 trades for Markwayne Mullin (total pool: 1000)
2026-06-08 14:25:02,016 [INFO] Found 0 new trades to process (out of 111 total)
2026-06-08 14:25:02,017 [INFO] No new trades — nothing to execute
2026-06-08 14:30:02,762 [INFO] --- Checking trades for Markwayne Mullin ---
2026-06-08 14:30:03,086 [INFO] Fetched 111 trades for Markwayne Mullin (total pool: 1000)
2026-06-08 14:30:03,091 [INFO] Found 0 new trades to process (out of 111 total)
2026-06-08 14:30:03,092 [INFO] No new trades — nothing to execute
2026-06-08 14:35:02,186 [INFO] --- Checking trades for Markwayne Mullin ---
2026-06-08 14:35:02,600 [ERROR] Failed to fetch trades: 401 Client Error: Unauthorized for url: https://api.quiverquant.com/beta/live/congresstrading
2026-06-08 14:35:02,603 [INFO] No trades returned from QuiverQuant
2026-06-08 14:40:02,847 [INFO] --- Checking trades for Markwayne Mullin ---
2026-06-08 14:40:03,130 [INFO] Fetched 111 trades for Markwayne Mullin (total pool: 1000)
2026-06-08 14:40:03,136 [INFO] Found 0 new trades to process (out of 111 total)
2026-06-08 14:40:03,137 [INFO] No new trades — nothing to execute
2026-06-08 14:45:02,459 [INFO] --- Checking trades for Markwayne Mullin ---
2026-06-08 14:45:02,779 [INFO] Fetched 111 trades for Markwayne Mullin (total pool: 1000)
2026-06-08 14:45:02,785 [INFO] Found 0 new trades to process (out of 111 total)
2026-06-08 14:45:02,786 [INFO] No new trades — nothing to execute
2026-06-08 14:50:01,935 [INFO] --- Checking trades for Markwayne Mullin ---
2026-06-08 14:50:02,392 [INFO] Fetched 111 trades for Markwayne Mullin (total pool: 1000)
2026-06-08 14:50:02,397 [INFO] Found 0 new trades to process (out of 111 total)
2026-06-08 14:50:02,398 [INFO] No new trades — nothing to execute
2026-06-08 14:55:02,111 [INFO] --- Checking trades for Markwayne Mullin ---
2026-06-08 14:55:02,465 [ERROR] Failed to fetch trades: 401 Client Error: Unauthorized for url: https://api.quiverquant.com/beta/live/congresstrading
2026-06-08 14:55:02,468 [INFO] No trades returned from QuiverQuant
2026-06-08 15:00:02,468 [INFO] --- Checking trades for Markwayne Mullin ---
2026-06-08 15:00:03,841 [INFO] Fetched 111 trades for Markwayne Mullin (total pool: 1000)
2026-06-08 15:00:03,847 [INFO] Found 0 new trades to process (out of 111 total)
2026-06-08 15:00:03,848 [INFO] No new trades — nothing to execute
2026-06-08 15:05:02,729 [INFO] --- Checking trades for Markwayne Mullin ---
2026-06-08 15:05:03,023 [INFO] Fetched 111 trades for Markwayne Mullin (total pool: 1000)
2026-06-08 15:05:03,029 [INFO] Found 0 new trades to process (out of 111 total)
2026-06-08 15:05:03,029 [INFO] No new trades — nothing to execute
2026-06-08 15:10:01,980 [INFO] --- Checking trades for Markwayne Mullin ---
2026-06-08 15:10:02,190 [INFO] Fetched 111 trades for Markwayne Mullin (total pool: 1000)
2026-06-08 15:10:02,197 [INFO] Found 0 new trades to process (out of 111 total)
2026-06-08 15:10:02,198 [INFO] No new trades — nothing to execute
2026-06-08 15:15:02,117 [INFO] --- Checking trades for Markwayne Mullin ---
2026-06-08 15:15:02,366 [INFO] Fetched 111 trades for Markwayne Mullin (total pool: 1000)
2026-06-08 15:15:02,371 [INFO] Found 0 new trades to process (out of 111 total)
2026-06-08 15:15:02,372 [INFO] No new trades — nothing to execute
2026-06-08 15:20:02,303 [INFO] --- Checking trades for Markwayne Mullin ---
2026-06-08 15:20:02,560 [INFO] Fetched 111 trades for Markwayne Mullin (total pool: 1000)
2026-06-08 15:20:02,566 [INFO] Found 0 new trades to process (out of 111 total)
2026-06-08 15:20:02,567 [INFO] No new trades — nothing to execute
2026-06-08 15:25:02,440 [INFO] --- Checking trades for Markwayne Mullin ---
2026-06-08 15:25:02,978 [INFO] Fetched 111 trades for Markwayne Mullin (total pool: 1000)
2026-06-08 15:25:02,985 [INFO] Found 0 new trades to process (out of 111 total)
2026-06-08 15:25:02,986 [INFO] No new trades — nothing to execute
2026-06-08 15:30:02,011 [INFO] --- Checking trades for Markwayne Mullin ---
2026-06-08 15:30:02,361 [INFO] Fetched 111 trades for Markwayne Mullin (total pool: 1000)
2026-06-08 15:30:02,368 [INFO] Found 0 new trades to process (out of 111 total)
2026-06-08 15:30:02,368 [INFO] No new trades — nothing to execute
2026-06-08 15:35:02,268 [INFO] --- Checking trades for Markwayne Mullin ---
2026-06-08 15:35:02,522 [INFO] Fetched 111 trades for Markwayne Mullin (total pool: 1000)
2026-06-08 15:35:02,527 [INFO] Found 0 new trades to process (out of 111 total)
2026-06-08 15:35:02,528 [INFO] No new trades — nothing to execute
2026-06-08 15:40:02,412 [INFO] --- Checking trades for Markwayne Mullin ---
2026-06-08 15:40:06,923 [ERROR] Failed to fetch trades: 401 Client Error: Unauthorized for url: https://api.quiverquant.com/beta/live/congresstrading
2026-06-08 15:40:06,927 [INFO] No trades returned from QuiverQuant
2026-06-08 15:45:01,880 [INFO] --- Checking trades for Markwayne Mullin ---
2026-06-08 15:45:03,754 [ERROR] Failed to fetch trades: 401 Client Error: Unauthorized for url: https://api.quiverquant.com/beta/live/congresstrading
2026-06-08 15:45:03,758 [INFO] No trades returned from QuiverQuant
2026-06-08 15:50:02,646 [INFO] --- Checking trades for Markwayne Mullin ---
2026-06-08 15:50:02,931 [INFO] Fetched 111 trades for Markwayne Mullin (total pool: 1000)
2026-06-08 15:50:02,938 [INFO] Found 0 new trades to process (out of 111 total)
2026-06-08 15:50:02,939 [INFO] No new trades — nothing to execute
2026-06-08 15:55:01,878 [INFO] --- Checking trades for Markwayne Mullin ---
2026-06-08 15:55:02,064 [INFO] Fetched 111 trades for Markwayne Mullin (total pool: 1000)
2026-06-08 15:55:02,070 [INFO] Found 0 new trades to process (out of 111 total)
2026-06-08 15:55:02,070 [INFO] No new trades — nothing to execute
2026-06-08 16:00:02,029 [INFO] --- Checking trades for Markwayne Mullin ---
2026-06-08 16:00:02,479 [INFO] Fetched 111 trades for Markwayne Mullin (total pool: 1000)
2026-06-08 16:00:02,485 [INFO] Found 0 new trades to process (out of 111 total)
2026-06-08 16:00:02,486 [INFO] No new trades — nothing to execute
2026-06-08 16:05:02,382 [INFO] --- Checking trades for Markwayne Mullin ---
2026-06-08 16:05:02,645 [INFO] Fetched 111 trades for Markwayne Mullin (total pool: 1000)
2026-06-08 16:05:02,651 [INFO] Found 0 new trades to process (out of 111 total)
2026-06-08 16:05:02,652 [INFO] No new trades — nothing to execute
2026-06-08 16:10:02,601 [INFO] --- Checking trades for Markwayne Mullin ---
2026-06-08 16:10:02,904 [INFO] Fetched 111 trades for Markwayne Mullin (total pool: 1000)
2026-06-08 16:10:02,909 [INFO] Found 0 new trades to process (out of 111 total)
2026-06-08 16:10:02,910 [INFO] No new trades — nothing to execute
2026-06-08 16:15:02,875 [INFO] --- Checking trades for Markwayne Mullin ---
2026-06-08 16:15:03,101 [INFO] Fetched 111 trades for Markwayne Mullin (total pool: 1000)
2026-06-08 16:15:03,107 [INFO] Found 0 new trades to process (out of 111 total)
2026-06-08 16:15:03,107 [INFO] No new trades — nothing to execute
2026-06-08 16:20:02,058 [INFO] --- Checking trades for Markwayne Mullin ---
2026-06-08 16:20:02,487 [INFO] Fetched 111 trades for Markwayne Mullin (total pool: 1000)
2026-06-08 16:20:02,494 [INFO] Found 0 new trades to process (out of 111 total)
2026-06-08 16:20:02,495 [INFO] No new trades — nothing to execute
2026-06-08 16:25:02,419 [INFO] --- Checking trades for Markwayne Mullin ---
2026-06-08 16:25:02,676 [INFO] Fetched 111 trades for Markwayne Mullin (total pool: 1000)
2026-06-08 16:25:02,682 [INFO] Found 0 new trades to process (out of 111 total)
2026-06-08 16:25:02,682 [INFO] No new trades — nothing to execute
2026-06-08 16:30:02,679 [INFO] --- Checking trades for Markwayne Mullin ---
2026-06-08 16:30:02,908 [INFO] Fetched 111 trades for Markwayne Mullin (total pool: 1000)
2026-06-08 16:30:02,914 [INFO] Found 0 new trades to process (out of 111 total)
2026-06-08 16:30:02,915 [INFO] No new trades — nothing to execute
2026-06-08 16:35:01,795 [INFO] --- Checking trades for Markwayne Mullin ---
2026-06-08 16:35:02,203 [INFO] Fetched 111 trades for Markwayne Mullin (total pool: 1000)
2026-06-08 16:35:02,209 [INFO] Found 0 new trades to process (out of 111 total)
2026-06-08 16:35:02,210 [INFO] No new trades — nothing to execute
2026-06-08 16:40:02,155 [INFO] --- Checking trades for Markwayne Mullin ---
2026-06-08 16:40:02,495 [INFO] Fetched 111 trades for Markwayne Mullin (total pool: 1000)
2026-06-08 16:40:02,502 [INFO] Found 0 new trades to process (out of 111 total)
2026-06-08 16:40:02,503 [INFO] No new trades — nothing to execute
2026-06-08 16:45:02,421 [INFO] --- Checking trades for Markwayne Mullin ---
2026-06-08 16:45:02,741 [ERROR] Failed to fetch trades: 401 Client Error: Unauthorized for url: https://api.quiverquant.com/beta/live/congresstrading
2026-06-08 16:45:02,743 [INFO] No trades returned from QuiverQuant
2026-06-08 16:50:02,653 [INFO] --- Checking trades for Markwayne Mullin ---
2026-06-08 16:50:02,918 [INFO] Fetched 111 trades for Markwayne Mullin (total pool: 1000)
2026-06-08 16:50:02,924 [INFO] Found 0 new trades to process (out of 111 total)
2026-06-08 16:50:02,925 [INFO] No new trades — nothing to execute
2026-06-08 16:55:01,820 [INFO] --- Checking trades for Markwayne Mullin ---
2026-06-08 16:55:02,016 [INFO] Fetched 111 trades for Markwayne Mullin (total pool: 1000)
2026-06-08 16:55:02,021 [INFO] Found 0 new trades to process (out of 111 total)
2026-06-08 16:55:02,022 [INFO] No new trades — nothing to execute
2026-06-08 17:00:02,007 [INFO] --- Checking trades for Markwayne Mullin ---
2026-06-08 17:00:02,292 [INFO] Fetched 111 trades for Markwayne Mullin (total pool: 1000)
2026-06-08 17:00:02,298 [INFO] Found 0 new trades to process (out of 111 total)
2026-06-08 17:00:02,299 [INFO] No new trades — nothing to execute
2026-06-08 17:05:02,165 [INFO] --- Checking trades for Markwayne Mullin ---
2026-06-08 17:05:02,426 [INFO] Fetched 111 trades for Markwayne Mullin (total pool: 1000)
2026-06-08 17:05:02,433 [INFO] Found 0 new trades to process (out of 111 total)
2026-06-08 17:05:02,434 [INFO] No new trades — nothing to execute
2026-06-08 17:10:02,492 [INFO] --- Checking trades for Markwayne Mullin ---
2026-06-08 17:10:02,812 [INFO] Fetched 111 trades for Markwayne Mullin (total pool: 1000)
2026-06-08 17:10:02,817 [INFO] Found 0 new trades to process (out of 111 total)
2026-06-08 17:10:02,817 [INFO] No new trades — nothing to execute
2026-06-08 17:15:02,701 [INFO] --- Checking trades for Markwayne Mullin ---
2026-06-08 17:15:03,060 [INFO] Fetched 111 trades for Markwayne Mullin (total pool: 1000)
2026-06-08 17:15:03,066 [INFO] Found 0 new trades to process (out of 111 total)
2026-06-08 17:15:03,067 [INFO] No new trades — nothing to execute
2026-06-08 17:20:02,013 [INFO] --- Checking trades for Markwayne Mullin ---
2026-06-08 17:20:02,452 [INFO] Fetched 111 trades for Markwayne Mullin (total pool: 1000)
2026-06-08 17:20:02,459 [INFO] Found 0 new trades to process (out of 111 total)
2026-06-08 17:20:02,459 [INFO] No new trades — nothing to execute
2026-06-08 17:25:02,357 [INFO] --- Checking trades for Markwayne Mullin ---
2026-06-08 17:25:02,620 [INFO] Fetched 111 trades for Markwayne Mullin (total pool: 1000)
2026-06-08 17:25:02,626 [INFO] Found 0 new trades to process (out of 111 total)
2026-06-08 17:25:02,627 [INFO] No new trades — nothing to execute
2026-06-08 17:30:02,597 [INFO] --- Checking trades for Markwayne Mullin ---
2026-06-08 17:30:02,921 [INFO] Fetched 111 trades for Markwayne Mullin (total pool: 1000)
2026-06-08 17:30:02,927 [INFO] Found 0 new trades to process (out of 111 total)
2026-06-08 17:30:02,927 [INFO] No new trades — nothing to execute
2026-06-08 17:35:01,853 [INFO] --- Checking trades for Markwayne Mullin ---
2026-06-08 17:35:02,066 [ERROR] Failed to fetch trades: 401 Client Error: Unauthorized for url: https://api.quiverquant.com/beta/live/congresstrading
2026-06-08 17:35:02,070 [INFO] No trades returned from QuiverQuant
2026-06-08 17:40:02,034 [INFO] --- Checking trades for Markwayne Mullin ---
2026-06-08 17:40:02,547 [INFO] Fetched 111 trades for Markwayne Mullin (total pool: 1000)
2026-06-08 17:40:02,554 [INFO] Found 0 new trades to process (out of 111 total)
2026-06-08 17:40:02,555 [INFO] No new trades — nothing to execute
2026-06-08 17:45:02,462 [INFO] --- Checking trades for Markwayne Mullin ---
2026-06-08 17:45:02,751 [INFO] Fetched 111 trades for Markwayne Mullin (total pool: 1000)
2026-06-08 17:45:02,757 [INFO] Found 0 new trades to process (out of 111 total)
2026-06-08 17:45:02,757 [INFO] No new trades — nothing to execute
2026-06-08 17:50:02,662 [INFO] --- Checking trades for Markwayne Mullin ---
2026-06-08 17:50:03,134 [INFO] Fetched 111 trades for Markwayne Mullin (total pool: 1000)
2026-06-08 17:50:03,141 [INFO] Found 0 new trades to process (out of 111 total)
2026-06-08 17:50:03,142 [INFO] No new trades — nothing to execute
2026-06-08 17:55:02,082 [INFO] --- Checking trades for Markwayne Mullin ---
2026-06-08 17:55:02,398 [INFO] Fetched 111 trades for Markwayne Mullin (total pool: 1000)
2026-06-08 17:55:02,404 [INFO] Found 0 new trades to process (out of 111 total)
2026-06-08 17:55:02,405 [INFO] No new trades — nothing to execute
2026-06-08 18:00:02,371 [INFO] --- Checking trades for Markwayne Mullin ---
2026-06-08 18:00:03,368 [ERROR] Failed to fetch trades: 401 Client Error: Unauthorized for url: https://api.quiverquant.com/beta/live/congresstrading
2026-06-08 18:00:03,372 [INFO] No trades returned from QuiverQuant
2026-06-08 18:05:02,270 [INFO] --- Checking trades for Markwayne Mullin ---
2026-06-08 18:05:02,573 [INFO] Fetched 111 trades for Markwayne Mullin (total pool: 1000)
2026-06-08 18:05:02,578 [INFO] Found 0 new trades to process (out of 111 total)
2026-06-08 18:05:02,578 [INFO] No new trades — nothing to execute
2026-06-08 18:10:02,491 [INFO] --- Checking trades for Markwayne Mullin ---
2026-06-08 18:10:02,750 [INFO] Fetched 111 trades for Markwayne Mullin (total pool: 1000)
2026-06-08 18:10:02,756 [INFO] Found 0 new trades to process (out of 111 total)
2026-06-08 18:10:02,757 [INFO] No new trades — nothing to execute
2026-06-08 18:15:02,747 [INFO] --- Checking trades for Markwayne Mullin ---
2026-06-08 18:15:02,982 [ERROR] Failed to fetch trades: 401 Client Error: Unauthorized for url: https://api.quiverquant.com/beta/live/congresstrading
2026-06-08 18:15:02,984 [INFO] No trades returned from QuiverQuant
2026-06-08 18:20:01,901 [INFO] --- Checking trades for Markwayne Mullin ---
2026-06-08 18:20:02,158 [ERROR] Failed to fetch trades: 401 Client Error: Unauthorized for url: https://api.quiverquant.com/beta/live/congresstrading
2026-06-08 18:20:02,161 [INFO] No trades returned from QuiverQuant
2026-06-08 18:25:02,058 [INFO] --- Checking trades for Markwayne Mullin ---
2026-06-08 18:25:02,351 [ERROR] Failed to fetch trades: 401 Client Error: Unauthorized for url: https://api.quiverquant.com/beta/live/congresstrading
2026-06-08 18:25:02,354 [INFO] No trades returned from QuiverQuant
2026-06-08 18:30:02,186 [INFO] --- Checking trades for Markwayne Mullin ---
2026-06-08 18:30:02,553 [INFO] Fetched 111 trades for Markwayne Mullin (total pool: 1000)
2026-06-08 18:30:02,560 [INFO] Found 0 new trades to process (out of 111 total)
2026-06-08 18:30:02,561 [INFO] No new trades — nothing to execute
2026-06-08 18:35:02,464 [INFO] --- Checking trades for Markwayne Mullin ---
2026-06-08 18:35:02,767 [INFO] Fetched 111 trades for Markwayne Mullin (total pool: 1000)
2026-06-08 18:35:02,773 [INFO] Found 0 new trades to process (out of 111 total)
2026-06-08 18:35:02,773 [INFO] No new trades — nothing to execute
2026-06-08 18:40:02,732 [INFO] --- Checking trades for Markwayne Mullin ---
2026-06-08 18:40:03,002 [INFO] Fetched 111 trades for Markwayne Mullin (total pool: 1000)
2026-06-08 18:40:03,008 [INFO] Found 0 new trades to process (out of 111 total)
2026-06-08 18:40:03,009 [INFO] No new trades — nothing to execute
2026-06-08 18:45:01,920 [INFO] --- Checking trades for Markwayne Mullin ---
2026-06-08 18:45:02,175 [ERROR] Failed to fetch trades: 401 Client Error: Unauthorized for url: https://api.quiverquant.com/beta/live/congresstrading
2026-06-08 18:45:02,177 [INFO] No trades returned from QuiverQuant
2026-06-08 18:50:02,105 [INFO] --- Checking trades for Markwayne Mullin ---
2026-06-08 18:50:02,391 [INFO] Fetched 111 trades for Markwayne Mullin (total pool: 1000)
2026-06-08 18:50:02,398 [INFO] Found 0 new trades to process (out of 111 total)
2026-06-08 18:50:02,399 [INFO] No new trades — nothing to execute
2026-06-08 18:55:02,330 [INFO] --- Checking trades for Markwayne Mullin ---
2026-06-08 18:55:02,571 [INFO] Fetched 111 trades for Markwayne Mullin (total pool: 1000)
2026-06-08 18:55:02,577 [INFO] Found 0 new trades to process (out of 111 total)
2026-06-08 18:55:02,578 [INFO] No new trades — nothing to execute
2026-06-08 19:00:02,583 [INFO] --- Checking trades for Markwayne Mullin ---
2026-06-08 19:00:03,392 [ERROR] Failed to fetch trades: 401 Client Error: Unauthorized for url: https://api.quiverquant.com/beta/live/congresstrading
2026-06-08 19:00:03,396 [INFO] No trades returned from QuiverQuant
2026-06-08 19:05:02,325 [INFO] --- Checking trades for Markwayne Mullin ---
2026-06-08 19:05:02,832 [INFO] Fetched 111 trades for Markwayne Mullin (total pool: 1000)
2026-06-08 19:05:02,839 [INFO] Found 0 new trades to process (out of 111 total)
2026-06-08 19:05:02,840 [INFO] No new trades — nothing to execute
2026-06-08 19:10:02,802 [INFO] --- Checking trades for Markwayne Mullin ---
2026-06-08 19:10:03,078 [INFO] Fetched 111 trades for Markwayne Mullin (total pool: 1000)
2026-06-08 19:10:03,084 [INFO] Found 0 new trades to process (out of 111 total)
2026-06-08 19:10:03,085 [INFO] No new trades — nothing to execute
2026-06-08 19:15:01,973 [INFO] --- Checking trades for Markwayne Mullin ---
2026-06-08 19:15:02,206 [INFO] Fetched 111 trades for Markwayne Mullin (total pool: 1000)
2026-06-08 19:15:02,212 [INFO] Found 0 new trades to process (out of 111 total)
2026-06-08 19:15:02,212 [INFO] No new trades — nothing to execute
2026-06-08 19:20:02,178 [INFO] --- Checking trades for Markwayne Mullin ---
2026-06-08 19:20:02,667 [INFO] Fetched 111 trades for Markwayne Mullin (total pool: 1000)
2026-06-08 19:20:02,673 [INFO] Found 0 new trades to process (out of 111 total)
2026-06-08 19:20:02,674 [INFO] No new trades — nothing to execute
2026-06-08 19:25:02,629 [INFO] --- Checking trades for Markwayne Mullin ---
2026-06-08 19:25:02,922 [INFO] Fetched 111 trades for Markwayne Mullin (total pool: 1000)
2026-06-08 19:25:02,928 [INFO] Found 0 new trades to process (out of 111 total)
2026-06-08 19:25:02,929 [INFO] No new trades — nothing to execute
2026-06-08 19:30:01,892 [INFO] --- Checking trades for Markwayne Mullin ---
2026-06-08 19:30:02,537 [ERROR] Failed to fetch trades: 401 Client Error: Unauthorized for url: https://api.quiverquant.com/beta/live/congresstrading
2026-06-08 19:30:02,541 [INFO] No trades returned from QuiverQuant
2026-06-08 19:35:02,426 [INFO] --- Checking trades for Markwayne Mullin ---
2026-06-08 19:35:02,797 [ERROR] Failed to fetch trades: 401 Client Error: Unauthorized for url: https://api.quiverquant.com/beta/live/congresstrading
2026-06-08 19:35:02,800 [INFO] No trades returned from QuiverQuant
2026-06-08 19:40:02,739 [INFO] --- Checking trades for Markwayne Mullin ---
2026-06-08 19:40:03,059 [INFO] Fetched 111 trades for Markwayne Mullin (total pool: 1000)
2026-06-08 19:40:03,064 [INFO] Found 0 new trades to process (out of 111 total)
2026-06-08 19:40:03,065 [INFO] No new trades — nothing to execute
2026-06-08 19:45:01,975 [INFO] --- Checking trades for Markwayne Mullin ---
2026-06-08 19:45:02,232 [ERROR] Failed to fetch trades: 401 Client Error: Unauthorized for url: https://api.quiverquant.com/beta/live/congresstrading
2026-06-08 19:45:02,234 [INFO] No trades returned from QuiverQuant
2026-06-08 19:50:02,117 [INFO] --- Checking trades for Markwayne Mullin ---
2026-06-08 19:50:02,454 [INFO] Fetched 111 trades for Markwayne Mullin (total pool: 1000)
2026-06-08 19:50:02,460 [INFO] Found 0 new trades to process (out of 111 total)
2026-06-08 19:50:02,462 [INFO] No new trades — nothing to execute
2026-06-08 19:55:02,366 [INFO] --- Checking trades for Markwayne Mullin ---
2026-06-08 19:55:02,887 [ERROR] Failed to fetch trades: 401 Client Error: Unauthorized for url: https://api.quiverquant.com/beta/live/congresstrading
2026-06-08 19:55:02,890 [INFO] No trades returned from QuiverQuant
2026-06-09 13:00:02,285 [INFO] --- Checking trades for Markwayne Mullin ---
2026-06-09 13:00:02,569 [ERROR] Failed to fetch trades: 401 Client Error: Unauthorized for url: https://api.quiverquant.com/beta/live/congresstrading
2026-06-09 13:00:02,572 [INFO] No trades returned from QuiverQuant
2026-06-09 13:05:02,743 [INFO] --- Checking trades for Markwayne Mullin ---
2026-06-09 13:05:03,057 [INFO] Fetched 111 trades for Markwayne Mullin (total pool: 1000)
2026-06-09 13:05:03,062 [INFO] Found 0 new trades to process (out of 111 total)
2026-06-09 13:05:03,063 [INFO] No new trades — nothing to execute
2026-06-09 13:10:02,662 [INFO] --- Checking trades for Markwayne Mullin ---
2026-06-09 13:10:03,003 [INFO] Fetched 111 trades for Markwayne Mullin (total pool: 1000)
2026-06-09 13:10:03,009 [INFO] Found 0 new trades to process (out of 111 total)
2026-06-09 13:10:03,010 [INFO] No new trades — nothing to execute
2026-06-09 13:15:02,227 [INFO] --- Checking trades for Markwayne Mullin ---
2026-06-09 13:15:02,605 [ERROR] Failed to fetch trades: 401 Client Error: Unauthorized for url: https://api.quiverquant.com/beta/live/congresstrading
2026-06-09 13:15:02,607 [INFO] No trades returned from QuiverQuant
2026-06-09 13:20:02,526 [INFO] --- Checking trades for Markwayne Mullin ---
2026-06-09 13:20:02,780 [INFO] Fetched 111 trades for Markwayne Mullin (total pool: 1000)
2026-06-09 13:20:02,785 [INFO] Found 0 new trades to process (out of 111 total)
2026-06-09 13:20:02,786 [INFO] No new trades — nothing to execute
2026-06-09 13:25:02,718 [INFO] --- Checking trades for Markwayne Mullin ---
2026-06-09 13:25:03,271 [INFO] Fetched 111 trades for Markwayne Mullin (total pool: 1000)
2026-06-09 13:25:03,276 [INFO] Found 0 new trades to process (out of 111 total)
2026-06-09 13:25:03,277 [INFO] No new trades — nothing to execute
2026-06-09 13:30:01,952 [INFO] --- Checking trades for Markwayne Mullin ---
2026-06-09 13:30:02,197 [INFO] Fetched 111 trades for Markwayne Mullin (total pool: 1000)
2026-06-09 13:30:02,202 [INFO] Found 0 new trades to process (out of 111 total)
2026-06-09 13:30:02,203 [INFO] No new trades — nothing to execute
2026-06-09 13:35:02,021 [INFO] --- Checking trades for Markwayne Mullin ---
2026-06-09 13:35:02,305 [INFO] Fetched 111 trades for Markwayne Mullin (total pool: 1000)
2026-06-09 13:35:02,310 [INFO] Found 0 new trades to process (out of 111 total)
2026-06-09 13:35:02,311 [INFO] No new trades — nothing to execute
2026-06-09 13:40:02,073 [INFO] --- Checking trades for Markwayne Mullin ---
2026-06-09 13:40:02,365 [INFO] Fetched 111 trades for Markwayne Mullin (total pool: 1000)
2026-06-09 13:40:02,369 [INFO] Found 0 new trades to process (out of 111 total)
2026-06-09 13:40:02,370 [INFO] No new trades — nothing to execute
2026-06-09 13:45:02,304 [INFO] --- Checking trades for Markwayne Mullin ---
2026-06-09 13:45:02,607 [INFO] Fetched 111 trades for Markwayne Mullin (total pool: 1000)
2026-06-09 13:45:02,613 [INFO] Found 0 new trades to process (out of 111 total)
2026-06-09 13:45:02,614 [INFO] No new trades — nothing to execute
2026-06-09 13:50:01,981 [INFO] --- Checking trades for Markwayne Mullin ---
2026-06-09 13:50:02,172 [ERROR] Failed to fetch trades: 401 Client Error: Unauthorized for url: https://api.quiverquant.com/beta/live/congresstrading
2026-06-09 13:50:02,175 [INFO] No trades returned from QuiverQuant
2026-06-09 13:55:02,243 [INFO] --- Checking trades for Markwayne Mullin ---
2026-06-09 13:55:02,583 [INFO] Fetched 111 trades for Markwayne Mullin (total pool: 1000)
2026-06-09 13:55:02,588 [INFO] Found 0 new trades to process (out of 111 total)
2026-06-09 13:55:02,589 [INFO] No new trades — nothing to execute
2026-06-09 14:00:02,160 [INFO] --- Checking trades for Markwayne Mullin ---
2026-06-09 14:00:02,544 [INFO] Fetched 111 trades for Markwayne Mullin (total pool: 1000)
2026-06-09 14:00:02,550 [INFO] Found 0 new trades to process (out of 111 total)
2026-06-09 14:00:02,551 [INFO] No new trades — nothing to execute
2026-06-09 14:05:02,027 [INFO] --- Checking trades for Markwayne Mullin ---
2026-06-09 14:05:02,422 [ERROR] Failed to fetch trades: 401 Client Error: Unauthorized for url: https://api.quiverquant.com/beta/live/congresstrading
2026-06-09 14:05:02,425 [INFO] No trades returned from QuiverQuant
2026-06-09 14:10:02,835 [INFO] --- Checking trades for Markwayne Mullin ---
2026-06-09 14:10:03,244 [INFO] Fetched 111 trades for Markwayne Mullin (total pool: 1000)
2026-06-09 14:10:03,250 [INFO] Found 0 new trades to process (out of 111 total)
2026-06-09 14:10:03,251 [INFO] No new trades — nothing to execute
2026-06-09 14:15:02,739 [INFO] --- Checking trades for Markwayne Mullin ---
2026-06-09 14:15:03,071 [INFO] Fetched 111 trades for Markwayne Mullin (total pool: 1000)
2026-06-09 14:15:03,077 [INFO] Found 0 new trades to process (out of 111 total)
2026-06-09 14:15:03,078 [INFO] No new trades — nothing to execute
2026-06-09 14:20:02,257 [INFO] --- Checking trades for Markwayne Mullin ---
2026-06-09 14:20:02,613 [ERROR] Failed to fetch trades: 401 Client Error: Unauthorized for url: https://api.quiverquant.com/beta/live/congresstrading
2026-06-09 14:20:02,616 [INFO] No trades returned from QuiverQuant
2026-06-09 14:25:02,017 [INFO] --- Checking trades for Markwayne Mullin ---
2026-06-09 14:25:02,357 [INFO] Fetched 111 trades for Markwayne Mullin (total pool: 1000)
2026-06-09 14:25:02,363 [INFO] Found 0 new trades to process (out of 111 total)
2026-06-09 14:25:02,364 [INFO] No new trades — nothing to execute
2026-06-09 14:30:02,034 [INFO] --- Checking trades for Markwayne Mullin ---
2026-06-09 14:30:02,548 [INFO] Fetched 111 trades for Markwayne Mullin (total pool: 1000)
2026-06-09 14:30:02,554 [INFO] Found 0 new trades to process (out of 111 total)
2026-06-09 14:30:02,555 [INFO] No new trades — nothing to execute
2026-06-09 14:35:02,583 [INFO] --- Checking trades for Markwayne Mullin ---
2026-06-09 14:35:02,897 [ERROR] Failed to fetch trades: 401 Client Error: Unauthorized for url: https://api.quiverquant.com/beta/live/congresstrading
2026-06-09 14:35:02,899 [INFO] No trades returned from QuiverQuant
2026-06-09 14:40:02,362 [INFO] --- Checking trades for Markwayne Mullin ---
2026-06-09 14:40:02,857 [INFO] Fetched 111 trades for Markwayne Mullin (total pool: 1000)
2026-06-09 14:40:02,863 [INFO] Found 0 new trades to process (out of 111 total)
2026-06-09 14:40:02,864 [INFO] No new trades — nothing to execute
2026-06-09 14:45:02,291 [INFO] --- Checking trades for Markwayne Mullin ---
2026-06-09 14:45:02,569 [INFO] Fetched 111 trades for Markwayne Mullin (total pool: 1000)
2026-06-09 14:45:02,575 [INFO] Found 0 new trades to process (out of 111 total)
2026-06-09 14:45:02,575 [INFO] No new trades — nothing to execute
2026-06-09 14:50:02,451 [INFO] --- Checking trades for Markwayne Mullin ---
2026-06-09 14:50:02,790 [INFO] Fetched 111 trades for Markwayne Mullin (total pool: 1000)
2026-06-09 14:50:02,796 [INFO] Found 0 new trades to process (out of 111 total)
2026-06-09 14:50:02,797 [INFO] No new trades — nothing to execute
2026-06-09 14:55:01,996 [INFO] --- Checking trades for Markwayne Mullin ---
2026-06-09 14:55:02,233 [INFO] Fetched 111 trades for Markwayne Mullin (total pool: 1000)
2026-06-09 14:55:02,238 [INFO] Found 0 new trades to process (out of 111 total)
2026-06-09 14:55:02,239 [INFO] No new trades — nothing to execute
2026-06-09 15:00:02,274 [INFO] --- Checking trades for Markwayne Mullin ---
2026-06-09 15:00:03,496 [ERROR] Failed to fetch trades: 401 Client Error: Unauthorized for url: https://api.quiverquant.com/beta/live/congresstrading
2026-06-09 15:00:03,500 [INFO] No trades returned from QuiverQuant
2026-06-09 15:05:02,439 [INFO] --- Checking trades for Markwayne Mullin ---
2026-06-09 15:05:02,722 [INFO] Fetched 111 trades for Markwayne Mullin (total pool: 1000)
2026-06-09 15:05:02,728 [INFO] Found 0 new trades to process (out of 111 total)
2026-06-09 15:05:02,729 [INFO] No new trades — nothing to execute
2026-06-09 15:10:02,620 [INFO] --- Checking trades for Markwayne Mullin ---
2026-06-09 15:10:03,117 [INFO] Fetched 111 trades for Markwayne Mullin (total pool: 1000)
2026-06-09 15:10:03,123 [INFO] Found 0 new trades to process (out of 111 total)
2026-06-09 15:10:03,124 [INFO] No new trades — nothing to execute
2026-06-09 15:15:01,991 [INFO] --- Checking trades for Markwayne Mullin ---
2026-06-09 15:15:02,396 [INFO] Fetched 111 trades for Markwayne Mullin (total pool: 1000)
2026-06-09 15:15:02,403 [INFO] Found 0 new trades to process (out of 111 total)
2026-06-09 15:15:02,404 [INFO] No new trades — nothing to execute
2026-06-09 15:20:02,339 [INFO] --- Checking trades for Markwayne Mullin ---
2026-06-09 15:20:02,699 [ERROR] Failed to fetch trades: 401 Client Error: Unauthorized for url: https://api.quiverquant.com/beta/live/congresstrading
2026-06-09 15:20:02,702 [INFO] No trades returned from QuiverQuant
2026-06-09 15:25:02,674 [INFO] --- Checking trades for Markwayne Mullin ---
2026-06-09 15:25:03,040 [ERROR] Failed to fetch trades: 401 Client Error: Unauthorized for url: https://api.quiverquant.com/beta/live/congresstrading
2026-06-09 15:25:03,043 [INFO] No trades returned from QuiverQuant
2026-06-09 15:30:01,947 [INFO] --- Checking trades for Markwayne Mullin ---
2026-06-09 15:30:02,291 [ERROR] Failed to fetch trades: 401 Client Error: Unauthorized for url: https://api.quiverquant.com/beta/live/congresstrading
2026-06-09 15:30:02,294 [INFO] No trades returned from QuiverQuant
2026-06-09 15:35:02,221 [INFO] --- Checking trades for Markwayne Mullin ---
2026-06-09 15:35:02,576 [INFO] Fetched 111 trades for Markwayne Mullin (total pool: 1000)
2026-06-09 15:35:02,581 [INFO] Found 0 new trades to process (out of 111 total)
2026-06-09 15:35:02,582 [INFO] No new trades — nothing to execute
2026-06-09 15:40:02,438 [INFO] --- Checking trades for Markwayne Mullin ---
2026-06-09 15:40:02,757 [ERROR] Failed to fetch trades: 401 Client Error: Unauthorized for url: https://api.quiverquant.com/beta/live/congresstrading
2026-06-09 15:40:02,760 [INFO] No trades returned from QuiverQuant
2026-06-09 15:45:02,683 [INFO] --- Checking trades for Markwayne Mullin ---
2026-06-09 15:45:02,959 [ERROR] Failed to fetch trades: 401 Client Error: Unauthorized for url: https://api.quiverquant.com/beta/live/congresstrading
2026-06-09 15:45:02,962 [INFO] No trades returned from QuiverQuant
2026-06-09 15:50:02,035 [INFO] --- Checking trades for Markwayne Mullin ---
2026-06-09 15:50:02,474 [INFO] Fetched 111 trades for Markwayne Mullin (total pool: 1000)
2026-06-09 15:50:02,480 [INFO] Found 0 new trades to process (out of 111 total)
2026-06-09 15:50:02,481 [INFO] No new trades — nothing to execute
2026-06-09 15:55:02,389 [INFO] --- Checking trades for Markwayne Mullin ---
2026-06-09 15:55:02,688 [INFO] Fetched 111 trades for Markwayne Mullin (total pool: 1000)
2026-06-09 15:55:02,693 [INFO] Found 0 new trades to process (out of 111 total)
2026-06-09 15:55:02,694 [INFO] No new trades — nothing to execute
2026-06-09 16:00:02,669 [INFO] --- Checking trades for Markwayne Mullin ---
2026-06-09 16:00:03,392 [ERROR] Failed to fetch trades: 401 Client Error: Unauthorized for url: https://api.quiverquant.com/beta/live/congresstrading
2026-06-09 16:00:03,395 [INFO] No trades returned from QuiverQuant
2026-06-09 16:05:02,283 [INFO] --- Checking trades for Markwayne Mullin ---
2026-06-09 16:05:02,501 [INFO] Fetched 111 trades for Markwayne Mullin (total pool: 1000)
2026-06-09 16:05:02,508 [INFO] Found 0 new trades to process (out of 111 total)
2026-06-09 16:05:02,509 [INFO] No new trades — nothing to execute
2026-06-09 16:10:02,602 [INFO] --- Checking trades for Markwayne Mullin ---
2026-06-09 16:10:02,861 [INFO] Fetched 111 trades for Markwayne Mullin (total pool: 1000)
2026-06-09 16:10:02,866 [INFO] Found 0 new trades to process (out of 111 total)
2026-06-09 16:10:02,867 [INFO] No new trades — nothing to execute
2026-06-09 16:15:02,769 [INFO] --- Checking trades for Markwayne Mullin ---
2026-06-09 16:15:03,106 [INFO] Fetched 111 trades for Markwayne Mullin (total pool: 1000)
2026-06-09 16:15:03,112 [INFO] Found 0 new trades to process (out of 111 total)
2026-06-09 16:15:03,113 [INFO] No new trades — nothing to execute
2026-06-09 16:20:02,056 [INFO] --- Checking trades for Markwayne Mullin ---
2026-06-09 16:20:02,366 [INFO] Fetched 111 trades for Markwayne Mullin (total pool: 1000)
2026-06-09 16:20:02,372 [INFO] Found 0 new trades to process (out of 111 total)
2026-06-09 16:20:02,373 [INFO] No new trades — nothing to execute
2026-06-09 16:25:02,295 [INFO] --- Checking trades for Markwayne Mullin ---
2026-06-09 16:25:02,626 [INFO] Fetched 111 trades for Markwayne Mullin (total pool: 1000)
2026-06-09 16:25:02,631 [INFO] Found 0 new trades to process (out of 111 total)
2026-06-09 16:25:02,632 [INFO] No new trades — nothing to execute
2026-06-09 16:30:02,582 [INFO] --- Checking trades for Markwayne Mullin ---
2026-06-09 16:30:02,894 [ERROR] Failed to fetch trades: 401 Client Error: Unauthorized for url: https://api.quiverquant.com/beta/live/congresstrading
2026-06-09 16:30:02,897 [INFO] No trades returned from QuiverQuant
2026-06-09 16:35:02,839 [INFO] --- Checking trades for Markwayne Mullin ---
2026-06-09 16:35:03,473 [ERROR] Failed to fetch trades: 401 Client Error: Unauthorized for url: https://api.quiverquant.com/beta/live/congresstrading
2026-06-09 16:35:03,477 [INFO] No trades returned from QuiverQuant
2026-06-09 16:40:02,388 [INFO] --- Checking trades for Markwayne Mullin ---
2026-06-09 16:40:02,681 [INFO] Fetched 111 trades for Markwayne Mullin (total pool: 1000)
2026-06-09 16:40:02,688 [INFO] Found 0 new trades to process (out of 111 total)
2026-06-09 16:40:02,689 [INFO] No new trades — nothing to execute
2026-06-09 16:45:02,648 [INFO] --- Checking trades for Markwayne Mullin ---
2026-06-09 16:45:03,026 [INFO] Fetched 111 trades for Markwayne Mullin (total pool: 1000)
2026-06-09 16:45:03,032 [INFO] Found 0 new trades to process (out of 111 total)
2026-06-09 16:45:03,033 [INFO] No new trades — nothing to execute
2026-06-09 16:50:02,014 [INFO] --- Checking trades for Markwayne Mullin ---
2026-06-09 16:50:02,621 [ERROR] Failed to fetch trades: 401 Client Error: Unauthorized for url: https://api.quiverquant.com/beta/live/congresstrading
2026-06-09 16:50:02,624 [INFO] No trades returned from QuiverQuant
2026-06-09 16:55:02,590 [INFO] --- Checking trades for Markwayne Mullin ---
2026-06-09 16:55:02,912 [INFO] Fetched 111 trades for Markwayne Mullin (total pool: 1000)
2026-06-09 16:55:02,918 [INFO] Found 0 new trades to process (out of 111 total)
2026-06-09 16:55:02,919 [INFO] No new trades — nothing to execute
2026-06-09 17:00:02,836 [INFO] --- Checking trades for Markwayne Mullin ---
2026-06-09 17:00:03,302 [INFO] Fetched 111 trades for Markwayne Mullin (total pool: 1000)
2026-06-09 17:00:03,308 [INFO] Found 0 new trades to process (out of 111 total)
2026-06-09 17:00:03,309 [INFO] No new trades — nothing to execute
2026-06-09 17:05:02,264 [INFO] --- Checking trades for Markwayne Mullin ---
2026-06-09 17:05:02,678 [ERROR] Failed to fetch trades: 401 Client Error: Unauthorized for url: https://api.quiverquant.com/beta/live/congresstrading
2026-06-09 17:05:02,681 [INFO] No trades returned from QuiverQuant
2026-06-09 17:10:02,618 [INFO] --- Checking trades for Markwayne Mullin ---
2026-06-09 17:10:03,114 [ERROR] Failed to fetch trades: 401 Client Error: Unauthorized for url: https://api.quiverquant.com/beta/live/congresstrading
2026-06-09 17:10:03,118 [INFO] No trades returned from QuiverQuant
2026-06-09 17:15:02,024 [INFO] --- Checking trades for Markwayne Mullin ---
2026-06-09 17:15:02,458 [ERROR] Failed to fetch trades: 401 Client Error: Unauthorized for url: https://api.quiverquant.com/beta/live/congresstrading
2026-06-09 17:15:02,461 [INFO] No trades returned from QuiverQuant
2026-06-09 17:20:02,348 [INFO] --- Checking trades for Markwayne Mullin ---
2026-06-09 17:20:02,857 [INFO] Fetched 111 trades for Markwayne Mullin (total pool: 1000)
2026-06-09 17:20:02,863 [INFO] Found 0 new trades to process (out of 111 total)
2026-06-09 17:20:02,864 [INFO] No new trades — nothing to execute
2026-06-09 17:25:02,776 [INFO] --- Checking trades for Markwayne Mullin ---
2026-06-09 17:25:03,127 [INFO] Fetched 111 trades for Markwayne Mullin (total pool: 1000)
2026-06-09 17:25:03,132 [INFO] Found 0 new trades to process (out of 111 total)
2026-06-09 17:25:03,133 [INFO] No new trades — nothing to execute
2026-06-09 17:30:02,148 [INFO] --- Checking trades for Markwayne Mullin ---
2026-06-09 17:30:02,465 [INFO] Fetched 111 trades for Markwayne Mullin (total pool: 1000)
2026-06-09 17:30:02,471 [INFO] Found 0 new trades to process (out of 111 total)
2026-06-09 17:30:02,472 [INFO] No new trades — nothing to execute
2026-06-09 17:35:02,343 [INFO] --- Checking trades for Markwayne Mullin ---
2026-06-09 17:35:02,854 [INFO] Fetched 111 trades for Markwayne Mullin (total pool: 1000)
2026-06-09 17:35:02,860 [INFO] Found 0 new trades to process (out of 111 total)
2026-06-09 17:35:02,861 [INFO] No new trades — nothing to execute
2026-06-09 17:40:02,789 [INFO] --- Checking trades for Markwayne Mullin ---
2026-06-09 17:40:03,105 [INFO] Fetched 111 trades for Markwayne Mullin (total pool: 1000)
2026-06-09 17:40:03,111 [INFO] Found 0 new trades to process (out of 111 total)
2026-06-09 17:40:03,112 [INFO] No new trades — nothing to execute
2026-06-09 17:45:01,997 [INFO] --- Checking trades for Markwayne Mullin ---
2026-06-09 17:45:02,242 [INFO] Fetched 111 trades for Markwayne Mullin (total pool: 1000)
2026-06-09 17:45:02,247 [INFO] Found 0 new trades to process (out of 111 total)
2026-06-09 17:45:02,248 [INFO] No new trades — nothing to execute
2026-06-09 17:50:02,219 [INFO] --- Checking trades for Markwayne Mullin ---
2026-06-09 17:50:02,826 [ERROR] Failed to fetch trades: 401 Client Error: Unauthorized for url: https://api.quiverquant.com/beta/live/congresstrading
2026-06-09 17:50:02,829 [INFO] No trades returned from QuiverQuant
2026-06-09 17:55:02,796 [INFO] --- Checking trades for Markwayne Mullin ---
2026-06-09 17:55:03,122 [INFO] Fetched 111 trades for Markwayne Mullin (total pool: 1000)
2026-06-09 17:55:03,128 [INFO] Found 0 new trades to process (out of 111 total)
2026-06-09 17:55:03,129 [INFO] No new trades — nothing to execute
2026-06-09 18:00:02,270 [INFO] --- Checking trades for Markwayne Mullin ---
2026-06-09 18:00:04,473 [ERROR] Failed to fetch trades: 401 Client Error: Unauthorized for url: https://api.quiverquant.com/beta/live/congresstrading
2026-06-09 18:00:04,476 [INFO] No trades returned from QuiverQuant
2026-06-09 18:05:02,375 [INFO] --- Checking trades for Markwayne Mullin ---
2026-06-09 18:05:02,840 [INFO] Fetched 111 trades for Markwayne Mullin (total pool: 1000)
2026-06-09 18:05:02,848 [INFO] Found 0 new trades to process (out of 111 total)
2026-06-09 18:05:02,848 [INFO] No new trades — nothing to execute
2026-06-09 18:10:02,752 [INFO] --- Checking trades for Markwayne Mullin ---
2026-06-09 18:10:03,227 [ERROR] Failed to fetch trades: 401 Client Error: Unauthorized for url: https://api.quiverquant.com/beta/live/congresstrading
2026-06-09 18:10:03,230 [INFO] No trades returned from QuiverQuant
2026-06-09 18:15:02,155 [INFO] --- Checking trades for Markwayne Mullin ---
2026-06-09 18:15:02,447 [INFO] Fetched 111 trades for Markwayne Mullin (total pool: 1000)
2026-06-09 18:15:02,454 [INFO] Found 0 new trades to process (out of 111 total)
2026-06-09 18:15:02,455 [INFO] No new trades — nothing to execute
2026-06-09 18:20:02,541 [INFO] --- Checking trades for Markwayne Mullin ---
2026-06-09 18:20:02,856 [INFO] Fetched 111 trades for Markwayne Mullin (total pool: 1000)
2026-06-09 18:20:02,862 [INFO] Found 0 new trades to process (out of 111 total)
2026-06-09 18:20:02,863 [INFO] No new trades — nothing to execute
2026-06-09 18:25:02,813 [INFO] --- Checking trades for Markwayne Mullin ---
2026-06-09 18:25:03,127 [INFO] Fetched 111 trades for Markwayne Mullin (total pool: 1000)
2026-06-09 18:25:03,133 [INFO] Found 0 new trades to process (out of 111 total)
2026-06-09 18:25:03,134 [INFO] No new trades — nothing to execute
2026-06-09 18:30:02,133 [INFO] --- Checking trades for Markwayne Mullin ---
2026-06-09 18:30:02,718 [ERROR] Failed to fetch trades: 401 Client Error: Unauthorized for url: https://api.quiverquant.com/beta/live/congresstrading
2026-06-09 18:30:02,722 [INFO] No trades returned from QuiverQuant
2026-06-09 18:35:02,636 [INFO] --- Checking trades for Markwayne Mullin ---
2026-06-09 18:35:02,901 [INFO] Fetched 111 trades for Markwayne Mullin (total pool: 1000)
2026-06-09 18:35:02,906 [INFO] Found 0 new trades to process (out of 111 total)
2026-06-09 18:35:02,907 [INFO] No new trades — nothing to execute
2026-06-09 18:40:02,836 [INFO] --- Checking trades for Markwayne Mullin ---
2026-06-09 18:40:03,151 [INFO] Fetched 111 trades for Markwayne Mullin (total pool: 1000)
2026-06-09 18:40:03,157 [INFO] Found 0 new trades to process (out of 111 total)
2026-06-09 18:40:03,159 [INFO] No new trades — nothing to execute
2026-06-09 18:45:02,088 [INFO] --- Checking trades for Markwayne Mullin ---
2026-06-09 18:45:02,343 [INFO] Fetched 111 trades for Markwayne Mullin (total pool: 1000)
2026-06-09 18:45:02,349 [INFO] Found 0 new trades to process (out of 111 total)
2026-06-09 18:45:02,350 [INFO] No new trades — nothing to execute
2026-06-09 18:50:02,305 [INFO] --- Checking trades for Markwayne Mullin ---
2026-06-09 18:50:02,802 [INFO] Fetched 111 trades for Markwayne Mullin (total pool: 1000)
2026-06-09 18:50:02,809 [INFO] Found 0 new trades to process (out of 111 total)
2026-06-09 18:50:02,810 [INFO] No new trades — nothing to execute
2026-06-09 18:55:02,731 [INFO] --- Checking trades for Markwayne Mullin ---
2026-06-09 18:55:03,218 [INFO] Fetched 111 trades for Markwayne Mullin (total pool: 1000)
2026-06-09 18:55:03,225 [INFO] Found 0 new trades to process (out of 111 total)
2026-06-09 18:55:03,226 [INFO] No new trades — nothing to execute
2026-06-09 19:00:02,135 [INFO] --- Checking trades for Markwayne Mullin ---
2026-06-09 19:00:02,431 [INFO] Fetched 111 trades for Markwayne Mullin (total pool: 1000)
2026-06-09 19:00:02,437 [INFO] Found 0 new trades to process (out of 111 total)
2026-06-09 19:00:02,438 [INFO] No new trades — nothing to execute
2026-06-09 19:05:02,439 [INFO] --- Checking trades for Markwayne Mullin ---
2026-06-09 19:05:02,747 [INFO] Fetched 111 trades for Markwayne Mullin (total pool: 1000)
2026-06-09 19:05:02,753 [INFO] Found 0 new trades to process (out of 111 total)
2026-06-09 19:05:02,754 [INFO] No new trades — nothing to execute
2026-06-09 19:10:02,641 [INFO] --- Checking trades for Markwayne Mullin ---
2026-06-09 19:10:02,953 [INFO] Fetched 111 trades for Markwayne Mullin (total pool: 1000)
2026-06-09 19:10:02,960 [INFO] Found 0 new trades to process (out of 111 total)
2026-06-09 19:10:02,961 [INFO] No new trades — nothing to execute
2026-06-09 19:15:01,853 [INFO] --- Checking trades for Markwayne Mullin ---
2026-06-09 19:15:02,252 [ERROR] Failed to fetch trades: 401 Client Error: Unauthorized for url: https://api.quiverquant.com/beta/live/congresstrading
2026-06-09 19:15:02,256 [INFO] No trades returned from QuiverQuant
2026-06-09 19:20:02,259 [INFO] --- Checking trades for Markwayne Mullin ---
2026-06-09 19:20:03,165 [ERROR] Failed to fetch trades: 401 Client Error: Unauthorized for url: https://api.quiverquant.com/beta/live/congresstrading
2026-06-09 19:20:03,169 [INFO] No trades returned from QuiverQuant
2026-06-09 19:25:02,054 [INFO] --- Checking trades for Markwayne Mullin ---
2026-06-09 19:25:02,434 [INFO] Fetched 111 trades for Markwayne Mullin (total pool: 1000)
2026-06-09 19:25:02,441 [INFO] Found 0 new trades to process (out of 111 total)
2026-06-09 19:25:02,441 [INFO] No new trades — nothing to execute
2026-06-09 19:30:02,478 [INFO] --- Checking trades for Markwayne Mullin ---
2026-06-09 19:30:02,850 [INFO] Fetched 111 trades for Markwayne Mullin (total pool: 1000)
2026-06-09 19:30:02,856 [INFO] Found 0 new trades to process (out of 111 total)
2026-06-09 19:30:02,857 [INFO] No new trades — nothing to execute
2026-06-09 19:35:02,783 [INFO] --- Checking trades for Markwayne Mullin ---
2026-06-09 19:35:03,093 [ERROR] Failed to fetch trades: 401 Client Error: Unauthorized for url: https://api.quiverquant.com/beta/live/congresstrading
2026-06-09 19:35:03,097 [INFO] No trades returned from QuiverQuant
2026-06-09 19:40:02,047 [INFO] --- Checking trades for Markwayne Mullin ---
2026-06-09 19:40:02,359 [INFO] Fetched 111 trades for Markwayne Mullin (total pool: 1000)
2026-06-09 19:40:02,366 [INFO] Found 0 new trades to process (out of 111 total)
2026-06-09 19:40:02,367 [INFO] No new trades — nothing to execute
2026-06-09 19:45:02,283 [INFO] --- Checking trades for Markwayne Mullin ---
2026-06-09 19:45:02,581 [INFO] Fetched 111 trades for Markwayne Mullin (total pool: 1000)
2026-06-09 19:45:02,587 [INFO] Found 0 new trades to process (out of 111 total)
2026-06-09 19:45:02,588 [INFO] No new trades — nothing to execute
2026-06-09 19:50:02,631 [INFO] --- Checking trades for Markwayne Mullin ---
2026-06-09 19:50:02,925 [INFO] Fetched 111 trades for Markwayne Mullin (total pool: 1000)
2026-06-09 19:50:02,931 [INFO] Found 0 new trades to process (out of 111 total)
2026-06-09 19:50:02,931 [INFO] No new trades — nothing to execute
2026-06-09 19:55:01,909 [INFO] --- Checking trades for Markwayne Mullin ---
2026-06-09 19:55:02,292 [INFO] Fetched 111 trades for Markwayne Mullin (total pool: 1000)
2026-06-09 19:55:02,299 [INFO] Found 0 new trades to process (out of 111 total)
2026-06-09 19:55:02,300 [INFO] No new trades — nothing to execute
2026-06-10 13:00:02,648 [INFO] --- Checking trades for Markwayne Mullin ---
2026-06-10 13:00:03,127 [INFO] Fetched 111 trades for Markwayne Mullin (total pool: 1000)
2026-06-10 13:00:03,133 [INFO] Found 0 new trades to process (out of 111 total)
2026-06-10 13:00:03,134 [INFO] No new trades — nothing to execute
2026-06-10 13:05:02,369 [INFO] --- Checking trades for Markwayne Mullin ---
2026-06-10 13:05:02,644 [INFO] Fetched 111 trades for Markwayne Mullin (total pool: 1000)
2026-06-10 13:05:02,649 [INFO] Found 0 new trades to process (out of 111 total)
2026-06-10 13:05:02,650 [INFO] No new trades — nothing to execute
2026-06-10 13:10:02,362 [INFO] --- Checking trades for Markwayne Mullin ---
2026-06-10 13:10:02,612 [INFO] Fetched 111 trades for Markwayne Mullin (total pool: 1000)
2026-06-10 13:10:02,618 [INFO] Found 0 new trades to process (out of 111 total)
2026-06-10 13:10:02,619 [INFO] No new trades — nothing to execute
2026-06-10 13:15:02,805 [INFO] --- Checking trades for Markwayne Mullin ---
2026-06-10 13:15:03,093 [ERROR] Failed to fetch trades: 401 Client Error: Unauthorized for url: https://api.quiverquant.com/beta/live/congresstrading
2026-06-10 13:15:03,096 [INFO] No trades returned from QuiverQuant
2026-06-10 13:20:02,032 [INFO] --- Checking trades for Markwayne Mullin ---
2026-06-10 13:20:02,351 [INFO] Fetched 111 trades for Markwayne Mullin (total pool: 1000)
2026-06-10 13:20:02,356 [INFO] Found 0 new trades to process (out of 111 total)
2026-06-10 13:20:02,356 [INFO] No new trades — nothing to execute
2026-06-10 13:25:02,667 [INFO] --- Checking trades for Markwayne Mullin ---
2026-06-10 13:25:02,952 [INFO] Fetched 111 trades for Markwayne Mullin (total pool: 1000)
2026-06-10 13:25:02,957 [INFO] Found 0 new trades to process (out of 111 total)
2026-06-10 13:25:02,958 [INFO] No new trades — nothing to execute
2026-06-10 13:30:02,499 [INFO] --- Checking trades for Markwayne Mullin ---
2026-06-10 13:30:02,860 [INFO] Fetched 111 trades for Markwayne Mullin (total pool: 1000)
2026-06-10 13:30:02,865 [INFO] Found 0 new trades to process (out of 111 total)
2026-06-10 13:30:02,866 [INFO] No new trades — nothing to execute
2026-06-10 13:35:02,354 [INFO] --- Checking trades for Markwayne Mullin ---
2026-06-10 13:35:02,679 [ERROR] Failed to fetch trades: 401 Client Error: Unauthorized for url: https://api.quiverquant.com/beta/live/congresstrading
2026-06-10 13:35:02,681 [INFO] No trades returned from QuiverQuant
2026-06-10 13:40:02,389 [INFO] --- Checking trades for Markwayne Mullin ---
2026-06-10 13:40:02,691 [INFO] Fetched 111 trades for Markwayne Mullin (total pool: 1000)
2026-06-10 13:40:02,696 [INFO] Found 0 new trades to process (out of 111 total)
2026-06-10 13:40:02,697 [INFO] No new trades — nothing to execute
2026-06-10 13:45:02,199 [INFO] --- Checking trades for Markwayne Mullin ---
2026-06-10 13:45:02,470 [INFO] Fetched 111 trades for Markwayne Mullin (total pool: 1000)
2026-06-10 13:45:02,476 [INFO] Found 0 new trades to process (out of 111 total)
2026-06-10 13:45:02,477 [INFO] No new trades — nothing to execute
2026-06-10 13:50:02,413 [INFO] --- Checking trades for Markwayne Mullin ---
2026-06-10 13:50:02,685 [INFO] Fetched 111 trades for Markwayne Mullin (total pool: 1000)
2026-06-10 13:50:02,691 [INFO] Found 0 new trades to process (out of 111 total)
2026-06-10 13:50:02,691 [INFO] No new trades — nothing to execute
2026-06-10 13:55:02,075 [INFO] --- Checking trades for Markwayne Mullin ---
2026-06-10 13:55:02,339 [INFO] Fetched 111 trades for Markwayne Mullin (total pool: 1000)
2026-06-10 13:55:02,345 [INFO] Found 0 new trades to process (out of 111 total)
2026-06-10 13:55:02,346 [INFO] No new trades — nothing to execute
2026-06-10 14:00:02,718 [INFO] --- Checking trades for Markwayne Mullin ---
2026-06-10 14:00:08,063 [ERROR] Failed to fetch trades: 401 Client Error: Unauthorized for url: https://api.quiverquant.com/beta/live/congresstrading
2026-06-10 14:00:08,067 [INFO] No trades returned from QuiverQuant
2026-06-10 14:05:02,659 [INFO] --- Checking trades for Markwayne Mullin ---
2026-06-10 14:05:02,910 [INFO] Fetched 111 trades for Markwayne Mullin (total pool: 1000)
2026-06-10 14:05:02,916 [INFO] Found 0 new trades to process (out of 111 total)
2026-06-10 14:05:02,916 [INFO] No new trades — nothing to execute
2026-06-10 14:10:02,754 [INFO] --- Checking trades for Markwayne Mullin ---
2026-06-10 14:10:03,066 [INFO] Fetched 111 trades for Markwayne Mullin (total pool: 1000)
2026-06-10 14:10:03,071 [INFO] Found 0 new trades to process (out of 111 total)
2026-06-10 14:10:03,072 [INFO] No new trades — nothing to execute
2026-06-10 14:15:02,340 [INFO] --- Checking trades for Markwayne Mullin ---
2026-06-10 14:15:02,611 [INFO] Fetched 111 trades for Markwayne Mullin (total pool: 1000)
2026-06-10 14:15:02,617 [INFO] Found 0 new trades to process (out of 111 total)
2026-06-10 14:15:02,618 [INFO] No new trades — nothing to execute
2026-06-10 14:20:02,411 [INFO] --- Checking trades for Markwayne Mullin ---
2026-06-10 14:20:02,709 [INFO] Fetched 111 trades for Markwayne Mullin (total pool: 1000)
2026-06-10 14:20:02,716 [INFO] Found 0 new trades to process (out of 111 total)
2026-06-10 14:20:02,717 [INFO] No new trades — nothing to execute
2026-06-10 14:25:02,272 [INFO] --- Checking trades for Markwayne Mullin ---
2026-06-10 14:25:02,581 [INFO] Fetched 111 trades for Markwayne Mullin (total pool: 1000)
2026-06-10 14:25:02,585 [INFO] Found 0 new trades to process (out of 111 total)
2026-06-10 14:25:02,586 [INFO] No new trades — nothing to execute
2026-06-10 14:30:02,663 [INFO] --- Checking trades for Markwayne Mullin ---
2026-06-10 14:30:04,715 [ERROR] Failed to fetch trades: 401 Client Error: Unauthorized for url: https://api.quiverquant.com/beta/live/congresstrading
2026-06-10 14:30:04,718 [INFO] No trades returned from QuiverQuant
2026-06-10 14:35:02,129 [INFO] --- Checking trades for Markwayne Mullin ---
2026-06-10 14:35:03,342 [INFO] Fetched 111 trades for Markwayne Mullin (total pool: 1000)
2026-06-10 14:35:03,349 [INFO] Found 0 new trades to process (out of 111 total)
2026-06-10 14:35:03,350 [INFO] No new trades — nothing to execute
2026-06-10 14:40:02,387 [INFO] --- Checking trades for Markwayne Mullin ---
2026-06-10 14:40:02,900 [INFO] Fetched 111 trades for Markwayne Mullin (total pool: 1000)
2026-06-10 14:40:02,907 [INFO] Found 0 new trades to process (out of 111 total)
2026-06-10 14:40:02,908 [INFO] No new trades — nothing to execute
2026-06-10 14:45:02,072 [INFO] --- Checking trades for Markwayne Mullin ---
2026-06-10 14:45:02,467 [ERROR] Failed to fetch trades: 401 Client Error: Unauthorized for url: https://api.quiverquant.com/beta/live/congresstrading
2026-06-10 14:45:02,471 [INFO] No trades returned from QuiverQuant
2026-06-10 14:50:02,691 [INFO] --- Checking trades for Markwayne Mullin ---
2026-06-10 14:50:03,306 [ERROR] Failed to fetch trades: 401 Client Error: Unauthorized for url: https://api.quiverquant.com/beta/live/congresstrading
2026-06-10 14:50:03,310 [INFO] No trades returned from QuiverQuant
2026-06-10 14:55:02,625 [INFO] --- Checking trades for Markwayne Mullin ---
2026-06-10 14:55:02,902 [ERROR] Failed to fetch trades: 401 Client Error: Unauthorized for url: https://api.quiverquant.com/beta/live/congresstrading
2026-06-10 14:55:02,905 [INFO] No trades returned from QuiverQuant
2026-06-10 15:00:02,919 [INFO] --- Checking trades for Markwayne Mullin ---
2026-06-10 15:00:03,492 [INFO] Fetched 111 trades for Markwayne Mullin (total pool: 1000)
2026-06-10 15:00:03,499 [INFO] Found 0 new trades to process (out of 111 total)
2026-06-10 15:00:03,500 [INFO] No new trades — nothing to execute
2026-06-10 15:05:02,879 [INFO] --- Checking trades for Markwayne Mullin ---
2026-06-10 15:05:03,250 [INFO] Fetched 111 trades for Markwayne Mullin (total pool: 1000)
2026-06-10 15:05:03,256 [INFO] Found 0 new trades to process (out of 111 total)
2026-06-10 15:05:03,257 [INFO] No new trades — nothing to execute
2026-06-10 15:10:02,466 [INFO] --- Checking trades for Markwayne Mullin ---
2026-06-10 15:10:02,832 [INFO] Fetched 111 trades for Markwayne Mullin (total pool: 1000)
2026-06-10 15:10:02,838 [INFO] Found 0 new trades to process (out of 111 total)
2026-06-10 15:10:02,839 [INFO] No new trades — nothing to execute
2026-06-10 15:15:02,033 [INFO] --- Checking trades for Markwayne Mullin ---
2026-06-10 15:15:02,330 [INFO] Fetched 111 trades for Markwayne Mullin (total pool: 1000)
2026-06-10 15:15:02,337 [INFO] Found 0 new trades to process (out of 111 total)
2026-06-10 15:15:02,338 [INFO] No new trades — nothing to execute
2026-06-10 15:20:02,528 [INFO] --- Checking trades for Markwayne Mullin ---
2026-06-10 15:20:02,885 [ERROR] Failed to fetch trades: 401 Client Error: Unauthorized for url: https://api.quiverquant.com/beta/live/congresstrading
2026-06-10 15:20:02,888 [INFO] No trades returned from QuiverQuant
2026-06-10 15:25:02,085 [INFO] --- Checking trades for Markwayne Mullin ---
2026-06-10 15:25:02,421 [INFO] Fetched 111 trades for Markwayne Mullin (total pool: 1000)
2026-06-10 15:25:02,427 [INFO] Found 0 new trades to process (out of 111 total)
2026-06-10 15:25:02,427 [INFO] No new trades — nothing to execute
2026-06-10 15:30:02,664 [INFO] --- Checking trades for Markwayne Mullin ---
2026-06-10 15:30:03,009 [INFO] Fetched 111 trades for Markwayne Mullin (total pool: 1000)
2026-06-10 15:30:03,015 [INFO] Found 0 new trades to process (out of 111 total)
2026-06-10 15:30:03,016 [INFO] No new trades — nothing to execute
2026-06-10 15:35:02,177 [INFO] --- Checking trades for Markwayne Mullin ---
2026-06-10 15:35:02,531 [INFO] Fetched 111 trades for Markwayne Mullin (total pool: 1000)
2026-06-10 15:35:02,537 [INFO] Found 0 new trades to process (out of 111 total)
2026-06-10 15:35:02,538 [INFO] No new trades — nothing to execute
2026-06-10 15:40:02,696 [INFO] --- Checking trades for Markwayne Mullin ---
2026-06-10 15:40:03,219 [INFO] Fetched 111 trades for Markwayne Mullin (total pool: 1000)
2026-06-10 15:40:03,227 [INFO] Found 0 new trades to process (out of 111 total)
2026-06-10 15:40:03,228 [INFO] No new trades — nothing to execute
2026-06-10 15:45:02,418 [INFO] --- Checking trades for Markwayne Mullin ---
2026-06-10 15:45:02,717 [INFO] Fetched 111 trades for Markwayne Mullin (total pool: 1000)
2026-06-10 15:45:02,723 [INFO] Found 0 new trades to process (out of 111 total)
2026-06-10 15:45:02,724 [INFO] No new trades — nothing to execute
2026-06-10 15:50:02,871 [INFO] --- Checking trades for Markwayne Mullin ---
2026-06-10 15:50:03,179 [ERROR] Failed to fetch trades: 401 Client Error: Unauthorized for url: https://api.quiverquant.com/beta/live/congresstrading
2026-06-10 15:50:03,182 [INFO] No trades returned from QuiverQuant
2026-06-10 15:55:02,420 [INFO] --- Checking trades for Markwayne Mullin ---
2026-06-10 15:55:02,716 [ERROR] Failed to fetch trades: 401 Client Error: Unauthorized for url: https://api.quiverquant.com/beta/live/congresstrading
2026-06-10 15:55:02,719 [INFO] No trades returned from QuiverQuant
2026-06-10 16:00:02,942 [INFO] --- Checking trades for Markwayne Mullin ---
2026-06-10 16:00:03,311 [INFO] Fetched 111 trades for Markwayne Mullin (total pool: 1000)
2026-06-10 16:00:03,318 [INFO] Found 0 new trades to process (out of 111 total)
2026-06-10 16:00:03,319 [INFO] No new trades — nothing to execute
2026-06-10 16:05:02,470 [INFO] --- Checking trades for Markwayne Mullin ---
2026-06-10 16:05:02,630 [INFO] Fetched 111 trades for Markwayne Mullin (total pool: 1000)
2026-06-10 16:05:02,636 [INFO] Found 0 new trades to process (out of 111 total)
2026-06-10 16:05:02,637 [INFO] No new trades — nothing to execute
2026-06-10 16:10:02,811 [INFO] --- Checking trades for Markwayne Mullin ---
2026-06-10 16:10:03,164 [INFO] Fetched 111 trades for Markwayne Mullin (total pool: 1000)
2026-06-10 16:10:03,170 [INFO] Found 0 new trades to process (out of 111 total)
2026-06-10 16:10:03,171 [INFO] No new trades — nothing to execute
2026-06-10 16:15:02,284 [INFO] --- Checking trades for Markwayne Mullin ---
2026-06-10 16:15:02,728 [ERROR] Failed to fetch trades: 401 Client Error: Unauthorized for url: https://api.quiverquant.com/beta/live/congresstrading
2026-06-10 16:15:02,731 [INFO] No trades returned from QuiverQuant
2026-06-10 16:20:02,835 [INFO] --- Checking trades for Markwayne Mullin ---
2026-06-10 16:20:03,317 [ERROR] Failed to fetch trades: 401 Client Error: Unauthorized for url: https://api.quiverquant.com/beta/live/congresstrading
2026-06-10 16:20:03,321 [INFO] No trades returned from QuiverQuant
2026-06-10 16:25:02,430 [INFO] --- Checking trades for Markwayne Mullin ---
2026-06-10 16:25:02,971 [INFO] Fetched 111 trades for Markwayne Mullin (total pool: 1000)
2026-06-10 16:25:02,977 [INFO] Found 0 new trades to process (out of 111 total)
2026-06-10 16:25:02,978 [INFO] No new trades — nothing to execute
2026-06-10 16:30:02,215 [INFO] --- Checking trades for Markwayne Mullin ---
2026-06-10 16:30:02,566 [INFO] Fetched 111 trades for Markwayne Mullin (total pool: 1000)
2026-06-10 16:30:02,573 [INFO] Found 0 new trades to process (out of 111 total)
2026-06-10 16:30:02,574 [INFO] No new trades — nothing to execute
2026-06-10 16:35:02,727 [INFO] --- Checking trades for Markwayne Mullin ---
2026-06-10 16:35:03,039 [INFO] Fetched 111 trades for Markwayne Mullin (total pool: 1000)
2026-06-10 16:35:03,045 [INFO] Found 0 new trades to process (out of 111 total)
2026-06-10 16:35:03,045 [INFO] No new trades — nothing to execute
2026-06-10 16:40:02,169 [INFO] --- Checking trades for Markwayne Mullin ---
2026-06-10 16:40:02,435 [INFO] Fetched 111 trades for Markwayne Mullin (total pool: 1000)
2026-06-10 16:40:02,440 [INFO] Found 0 new trades to process (out of 111 total)
2026-06-10 16:40:02,441 [INFO] No new trades — nothing to execute
2026-06-10 16:45:02,583 [INFO] --- Checking trades for Markwayne Mullin ---
2026-06-10 16:45:03,064 [INFO] Fetched 111 trades for Markwayne Mullin (total pool: 1000)
2026-06-10 16:45:03,070 [INFO] Found 0 new trades to process (out of 111 total)
2026-06-10 16:45:03,071 [INFO] No new trades — nothing to execute
2026-06-10 16:50:02,238 [INFO] --- Checking trades for Markwayne Mullin ---
2026-06-10 16:50:02,723 [INFO] Fetched 111 trades for Markwayne Mullin (total pool: 1000)
2026-06-10 16:50:02,729 [INFO] Found 0 new trades to process (out of 111 total)
2026-06-10 16:50:02,730 [INFO] No new trades — nothing to execute
2026-06-10 16:55:02,826 [INFO] --- Checking trades for Markwayne Mullin ---
2026-06-10 16:55:03,129 [INFO] Fetched 111 trades for Markwayne Mullin (total pool: 1000)
2026-06-10 16:55:03,135 [INFO] Found 0 new trades to process (out of 111 total)
2026-06-10 16:55:03,136 [INFO] No new trades — nothing to execute
2026-06-10 17:00:02,410 [INFO] --- Checking trades for Markwayne Mullin ---
2026-06-10 17:00:02,833 [INFO] Fetched 111 trades for Markwayne Mullin (total pool: 1000)
2026-06-10 17:00:02,841 [INFO] Found 0 new trades to process (out of 111 total)
2026-06-10 17:00:02,842 [INFO] No new trades — nothing to execute
2026-06-10 17:05:02,006 [INFO] --- Checking trades for Markwayne Mullin ---
2026-06-10 17:05:02,317 [INFO] Fetched 111 trades for Markwayne Mullin (total pool: 1000)
2026-06-10 17:05:02,323 [INFO] Found 0 new trades to process (out of 111 total)
2026-06-10 17:05:02,324 [INFO] No new trades — nothing to execute
2026-06-10 17:10:02,503 [INFO] --- Checking trades for Markwayne Mullin ---
2026-06-10 17:10:02,755 [INFO] Fetched 111 trades for Markwayne Mullin (total pool: 1000)
2026-06-10 17:10:02,761 [INFO] Found 0 new trades to process (out of 111 total)
2026-06-10 17:10:02,762 [INFO] No new trades — nothing to execute
2026-06-10 17:15:01,959 [INFO] --- Checking trades for Markwayne Mullin ---
2026-06-10 17:15:02,185 [INFO] Fetched 111 trades for Markwayne Mullin (total pool: 1000)
2026-06-10 17:15:02,192 [INFO] Found 0 new trades to process (out of 111 total)
2026-06-10 17:15:02,193 [INFO] No new trades — nothing to execute
2026-06-10 17:20:02,333 [INFO] --- Checking trades for Markwayne Mullin ---
2026-06-10 17:20:02,821 [INFO] Fetched 111 trades for Markwayne Mullin (total pool: 1000)
2026-06-10 17:20:02,827 [INFO] Found 0 new trades to process (out of 111 total)
2026-06-10 17:20:02,828 [INFO] No new trades — nothing to execute
2026-06-10 17:25:01,908 [INFO] --- Checking trades for Markwayne Mullin ---
2026-06-10 17:25:02,148 [INFO] Fetched 111 trades for Markwayne Mullin (total pool: 1000)
2026-06-10 17:25:02,153 [INFO] Found 0 new trades to process (out of 111 total)
2026-06-10 17:25:02,154 [INFO] No new trades — nothing to execute
2026-06-10 17:30:02,435 [INFO] --- Checking trades for Markwayne Mullin ---
2026-06-10 17:30:02,770 [INFO] Fetched 111 trades for Markwayne Mullin (total pool: 1000)
2026-06-10 17:30:02,776 [INFO] Found 0 new trades to process (out of 111 total)
2026-06-10 17:30:02,777 [INFO] No new trades — nothing to execute
2026-06-10 17:35:01,930 [INFO] --- Checking trades for Markwayne Mullin ---
2026-06-10 17:35:02,143 [INFO] Fetched 111 trades for Markwayne Mullin (total pool: 1000)
2026-06-10 17:35:02,148 [INFO] Found 0 new trades to process (out of 111 total)
2026-06-10 17:35:02,149 [INFO] No new trades — nothing to execute
2026-06-10 17:40:02,349 [INFO] --- Checking trades for Markwayne Mullin ---
2026-06-10 17:40:02,725 [ERROR] Failed to fetch trades: 401 Client Error: Unauthorized for url: https://api.quiverquant.com/beta/live/congresstrading
2026-06-10 17:40:02,728 [INFO] No trades returned from QuiverQuant
2026-06-10 17:45:02,932 [INFO] --- Checking trades for Markwayne Mullin ---
2026-06-10 17:45:03,226 [INFO] Fetched 111 trades for Markwayne Mullin (total pool: 1000)
2026-06-10 17:45:03,232 [INFO] Found 0 new trades to process (out of 111 total)
2026-06-10 17:45:03,232 [INFO] No new trades — nothing to execute
2026-06-10 17:50:02,391 [INFO] --- Checking trades for Markwayne Mullin ---
2026-06-10 17:50:02,581 [INFO] Fetched 111 trades for Markwayne Mullin (total pool: 1000)
2026-06-10 17:50:02,588 [INFO] Found 0 new trades to process (out of 111 total)
2026-06-10 17:50:02,589 [INFO] No new trades — nothing to execute
2026-06-10 17:55:02,761 [INFO] --- Checking trades for Markwayne Mullin ---
2026-06-10 17:55:03,311 [ERROR] Failed to fetch trades: 401 Client Error: Unauthorized for url: https://api.quiverquant.com/beta/live/congresstrading
2026-06-10 17:55:03,315 [INFO] No trades returned from QuiverQuant
2026-06-10 18:00:02,556 [INFO] --- Checking trades for Markwayne Mullin ---
2026-06-10 18:00:03,618 [ERROR] Failed to fetch trades: 401 Client Error: Unauthorized for url: https://api.quiverquant.com/beta/live/congresstrading
2026-06-10 18:00:03,622 [INFO] No trades returned from QuiverQuant
2026-06-10 18:05:02,762 [INFO] --- Checking trades for Markwayne Mullin ---
2026-06-10 18:05:03,098 [INFO] Fetched 111 trades for Markwayne Mullin (total pool: 1000)
2026-06-10 18:05:03,104 [INFO] Found 0 new trades to process (out of 111 total)
2026-06-10 18:05:03,106 [INFO] No new trades — nothing to execute
2026-06-10 18:10:02,305 [INFO] --- Checking trades for Markwayne Mullin ---
2026-06-10 18:10:02,609 [INFO] Fetched 111 trades for Markwayne Mullin (total pool: 1000)
2026-06-10 18:10:02,616 [INFO] Found 0 new trades to process (out of 111 total)
2026-06-10 18:10:02,616 [INFO] No new trades — nothing to execute
2026-06-10 18:15:02,779 [INFO] --- Checking trades for Markwayne Mullin ---
2026-06-10 18:15:03,085 [INFO] Fetched 111 trades for Markwayne Mullin (total pool: 1000)
2026-06-10 18:15:03,091 [INFO] Found 0 new trades to process (out of 111 total)
2026-06-10 18:15:03,092 [INFO] No new trades — nothing to execute
2026-06-10 18:20:02,252 [INFO] --- Checking trades for Markwayne Mullin ---
2026-06-10 18:20:02,532 [INFO] Fetched 111 trades for Markwayne Mullin (total pool: 1000)
2026-06-10 18:20:02,539 [INFO] Found 0 new trades to process (out of 111 total)
2026-06-10 18:20:02,540 [INFO] No new trades — nothing to execute
2026-06-10 18:25:02,625 [INFO] --- Checking trades for Markwayne Mullin ---
2026-06-10 18:25:02,926 [INFO] Fetched 111 trades for Markwayne Mullin (total pool: 1000)
2026-06-10 18:25:02,932 [INFO] Found 0 new trades to process (out of 111 total)
2026-06-10 18:25:02,932 [INFO] No new trades — nothing to execute
2026-06-10 18:30:02,149 [INFO] --- Checking trades for Markwayne Mullin ---
2026-06-10 18:30:02,446 [INFO] Fetched 111 trades for Markwayne Mullin (total pool: 1000)
2026-06-10 18:30:02,453 [INFO] Found 0 new trades to process (out of 111 total)
2026-06-10 18:30:02,454 [INFO] No new trades — nothing to execute
2026-06-10 18:35:02,622 [INFO] --- Checking trades for Markwayne Mullin ---
2026-06-10 18:35:02,979 [INFO] Fetched 111 trades for Markwayne Mullin (total pool: 1000)
2026-06-10 18:35:02,985 [INFO] Found 0 new trades to process (out of 111 total)
2026-06-10 18:35:02,986 [INFO] No new trades — nothing to execute
2026-06-10 18:40:02,195 [INFO] --- Checking trades for Markwayne Mullin ---
2026-06-10 18:40:02,459 [INFO] Fetched 111 trades for Markwayne Mullin (total pool: 1000)
2026-06-10 18:40:02,465 [INFO] Found 0 new trades to process (out of 111 total)
2026-06-10 18:40:02,466 [INFO] No new trades — nothing to execute
2026-06-10 18:45:02,584 [INFO] --- Checking trades for Markwayne Mullin ---
2026-06-10 18:45:02,853 [INFO] Fetched 111 trades for Markwayne Mullin (total pool: 1000)
2026-06-10 18:45:02,859 [INFO] Found 0 new trades to process (out of 111 total)
2026-06-10 18:45:02,860 [INFO] No new trades — nothing to execute
2026-06-10 18:50:02,068 [INFO] --- Checking trades for Markwayne Mullin ---
2026-06-10 18:50:02,982 [ERROR] Failed to fetch trades: 401 Client Error: Unauthorized for url: https://api.quiverquant.com/beta/live/congresstrading
2026-06-10 18:50:02,985 [INFO] No trades returned from QuiverQuant
2026-06-10 18:55:02,165 [INFO] --- Checking trades for Markwayne Mullin ---
2026-06-10 18:55:02,662 [INFO] Fetched 111 trades for Markwayne Mullin (total pool: 1000)
2026-06-10 18:55:02,669 [INFO] Found 0 new trades to process (out of 111 total)
2026-06-10 18:55:02,670 [INFO] No new trades — nothing to execute
2026-06-10 19:00:02,915 [INFO] --- Checking trades for Markwayne Mullin ---
2026-06-10 19:00:03,604 [INFO] Fetched 111 trades for Markwayne Mullin (total pool: 1000)
2026-06-10 19:00:03,610 [INFO] Found 0 new trades to process (out of 111 total)
2026-06-10 19:00:03,611 [INFO] No new trades — nothing to execute
2026-06-10 19:05:02,772 [INFO] --- Checking trades for Markwayne Mullin ---
2026-06-10 19:05:03,097 [INFO] Fetched 111 trades for Markwayne Mullin (total pool: 1000)
2026-06-10 19:05:03,102 [INFO] Found 0 new trades to process (out of 111 total)
2026-06-10 19:05:03,103 [INFO] No new trades — nothing to execute
2026-06-10 19:10:02,305 [INFO] --- Checking trades for Markwayne Mullin ---
2026-06-10 19:10:02,628 [INFO] Fetched 111 trades for Markwayne Mullin (total pool: 1000)
2026-06-10 19:10:02,635 [INFO] Found 0 new trades to process (out of 111 total)
2026-06-10 19:10:02,636 [INFO] No new trades — nothing to execute
2026-06-10 19:15:02,819 [INFO] --- Checking trades for Markwayne Mullin ---
2026-06-10 19:15:03,288 [ERROR] Failed to fetch trades: 401 Client Error: Unauthorized for url: https://api.quiverquant.com/beta/live/congresstrading
2026-06-10 19:15:03,291 [INFO] No trades returned from QuiverQuant
2026-06-10 19:20:02,366 [INFO] --- Checking trades for Markwayne Mullin ---
2026-06-10 19:20:02,963 [ERROR] Failed to fetch trades: 401 Client Error: Unauthorized for url: https://api.quiverquant.com/beta/live/congresstrading
2026-06-10 19:20:02,966 [INFO] No trades returned from QuiverQuant
2026-06-10 19:25:02,172 [INFO] --- Checking trades for Markwayne Mullin ---
2026-06-10 19:25:02,502 [INFO] Fetched 111 trades for Markwayne Mullin (total pool: 1000)
2026-06-10 19:25:02,507 [INFO] Found 0 new trades to process (out of 111 total)
2026-06-10 19:25:02,514 [INFO] No new trades — nothing to execute
2026-06-10 19:30:02,781 [INFO] --- Checking trades for Markwayne Mullin ---
2026-06-10 19:30:03,261 [INFO] Fetched 111 trades for Markwayne Mullin (total pool: 1000)
2026-06-10 19:30:03,269 [INFO] Found 0 new trades to process (out of 111 total)
2026-06-10 19:30:03,270 [INFO] No new trades — nothing to execute
2026-06-10 19:35:02,478 [INFO] --- Checking trades for Markwayne Mullin ---
2026-06-10 19:35:03,003 [INFO] Fetched 111 trades for Markwayne Mullin (total pool: 1000)
2026-06-10 19:35:03,011 [INFO] Found 0 new trades to process (out of 111 total)
2026-06-10 19:35:03,012 [INFO] No new trades — nothing to execute
2026-06-10 19:40:02,202 [INFO] --- Checking trades for Markwayne Mullin ---
2026-06-10 19:40:02,502 [INFO] Fetched 111 trades for Markwayne Mullin (total pool: 1000)
2026-06-10 19:40:02,508 [INFO] Found 0 new trades to process (out of 111 total)
2026-06-10 19:40:02,509 [INFO] No new trades — nothing to execute
2026-06-10 19:45:02,700 [INFO] --- Checking trades for Markwayne Mullin ---
2026-06-10 19:45:03,046 [INFO] Fetched 111 trades for Markwayne Mullin (total pool: 1000)
2026-06-10 19:45:03,052 [INFO] Found 0 new trades to process (out of 111 total)
2026-06-10 19:45:03,052 [INFO] No new trades — nothing to execute
2026-06-10 19:50:02,219 [INFO] --- Checking trades for Markwayne Mullin ---
2026-06-10 19:50:02,547 [INFO] Fetched 111 trades for Markwayne Mullin (total pool: 1000)
2026-06-10 19:50:02,553 [INFO] Found 0 new trades to process (out of 111 total)
2026-06-10 19:50:02,554 [INFO] No new trades — nothing to execute
2026-06-10 19:55:02,709 [INFO] --- Checking trades for Markwayne Mullin ---
2026-06-10 19:55:03,084 [ERROR] Failed to fetch trades: 401 Client Error: Unauthorized for url: https://api.quiverquant.com/beta/live/congresstrading
2026-06-10 19:55:03,088 [INFO] No trades returned from QuiverQuant
2026-06-10 21:54:19,287 [INFO] --- Checking trades for Markwayne Mullin ---
2026-06-10 21:54:19,598 [INFO] Fetched 111 trades for Markwayne Mullin (total pool: 1000)
2026-06-10 21:54:19,604 [INFO] Found 0 new trades to process (out of 111 total)
2026-06-10 21:54:19,605 [INFO] No new trades — nothing to execute
2026-06-11 09:45:02,888 [INFO] --- Checking trades for Markwayne Mullin ---
2026-06-11 09:45:03,408 [INFO] Fetched 111 trades for Markwayne Mullin (total pool: 1000)
2026-06-11 09:45:03,592 [INFO] Found 0 new trades to process (out of 111 total)
2026-06-11 09:45:03,592 [INFO] No new trades — nothing to execute
2026-06-11 09:50:02,979 [INFO] --- Checking trades for Markwayne Mullin ---
2026-06-11 09:50:03,235 [ERROR] Failed to fetch trades: 401 Client Error: Unauthorized for url: https://api.quiverquant.com/beta/live/congresstrading
2026-06-11 09:50:03,236 [INFO] No trades returned from QuiverQuant
2026-06-11 09:55:02,001 [INFO] --- Checking trades for Markwayne Mullin ---
2026-06-11 09:55:02,275 [INFO] Fetched 111 trades for Markwayne Mullin (total pool: 1000)
2026-06-11 09:55:02,280 [INFO] Found 0 new trades to process (out of 111 total)
2026-06-11 09:55:02,280 [INFO] No new trades — nothing to execute
2026-06-11 10:00:02,978 [INFO] --- Checking trades for Markwayne Mullin ---
2026-06-11 10:00:03,775 [INFO] Fetched 111 trades for Markwayne Mullin (total pool: 1000)
2026-06-11 10:00:03,778 [INFO] Found 0 new trades to process (out of 111 total)
2026-06-11 10:00:03,778 [INFO] No new trades — nothing to execute
2026-06-11 10:05:02,555 [INFO] --- Checking trades for Markwayne Mullin ---
2026-06-11 10:05:02,811 [INFO] Fetched 111 trades for Markwayne Mullin (total pool: 1000)
2026-06-11 10:05:02,814 [INFO] Found 0 new trades to process (out of 111 total)
2026-06-11 10:05:02,814 [INFO] No new trades — nothing to execute
2026-06-11 10:10:02,281 [INFO] --- Checking trades for Markwayne Mullin ---
2026-06-11 10:10:02,566 [INFO] Fetched 111 trades for Markwayne Mullin (total pool: 1000)
2026-06-11 10:10:02,569 [INFO] Found 0 new trades to process (out of 111 total)
2026-06-11 10:10:02,569 [INFO] No new trades — nothing to execute
2026-06-11 10:15:02,838 [INFO] --- Checking trades for Markwayne Mullin ---
2026-06-11 10:15:03,188 [INFO] Fetched 111 trades for Markwayne Mullin (total pool: 1000)
2026-06-11 10:15:03,191 [INFO] Found 0 new trades to process (out of 111 total)
2026-06-11 10:15:03,191 [INFO] No new trades — nothing to execute
2026-06-11 10:20:02,731 [INFO] --- Checking trades for Markwayne Mullin ---
2026-06-11 10:20:02,947 [INFO] Fetched 111 trades for Markwayne Mullin (total pool: 1000)
2026-06-11 10:20:02,949 [INFO] Found 0 new trades to process (out of 111 total)
2026-06-11 10:20:02,950 [INFO] No new trades — nothing to execute
2026-06-11 10:25:02,427 [INFO] --- Checking trades for Markwayne Mullin ---
2026-06-11 10:25:02,946 [INFO] Fetched 111 trades for Markwayne Mullin (total pool: 1000)
2026-06-11 10:25:02,948 [INFO] Found 0 new trades to process (out of 111 total)
2026-06-11 10:25:02,949 [INFO] No new trades — nothing to execute
2026-06-11 10:30:02,973 [INFO] --- Checking trades for Markwayne Mullin ---
2026-06-11 10:30:03,236 [INFO] Fetched 111 trades for Markwayne Mullin (total pool: 1000)
2026-06-11 10:30:03,239 [INFO] Found 0 new trades to process (out of 111 total)
2026-06-11 10:30:03,239 [INFO] No new trades — nothing to execute
2026-06-11 10:35:02,863 [INFO] --- Checking trades for Markwayne Mullin ---
2026-06-11 10:35:03,117 [ERROR] Failed to fetch trades: 401 Client Error: Unauthorized for url: https://api.quiverquant.com/beta/live/congresstrading
2026-06-11 10:35:03,119 [INFO] No trades returned from QuiverQuant
2026-06-11 10:40:02,177 [INFO] --- Checking trades for Markwayne Mullin ---
2026-06-11 10:40:02,513 [INFO] Fetched 111 trades for Markwayne Mullin (total pool: 1000)
2026-06-11 10:40:02,517 [INFO] Found 0 new trades to process (out of 111 total)
2026-06-11 10:40:02,517 [INFO] No new trades — nothing to execute
2026-06-11 10:45:02,276 [INFO] --- Checking trades for Markwayne Mullin ---
2026-06-11 10:45:02,611 [INFO] Fetched 111 trades for Markwayne Mullin (total pool: 1000)
2026-06-11 10:45:02,613 [INFO] Found 0 new trades to process (out of 111 total)
2026-06-11 10:45:02,613 [INFO] No new trades — nothing to execute
2026-06-11 10:50:02,479 [INFO] --- Checking trades for Markwayne Mullin ---
2026-06-11 10:50:02,782 [ERROR] Failed to fetch trades: 401 Client Error: Unauthorized for url: https://api.quiverquant.com/beta/live/congresstrading
2026-06-11 10:50:02,784 [INFO] No trades returned from QuiverQuant
2026-06-11 10:55:02,293 [INFO] --- Checking trades for Markwayne Mullin ---
2026-06-11 10:55:02,562 [INFO] Fetched 111 trades for Markwayne Mullin (total pool: 1000)
2026-06-11 10:55:02,565 [INFO] Found 0 new trades to process (out of 111 total)
2026-06-11 10:55:02,565 [INFO] No new trades — nothing to execute
2026-06-11 11:00:03,049 [INFO] --- Checking trades for Markwayne Mullin ---
2026-06-11 11:00:03,851 [ERROR] Failed to fetch trades: 401 Client Error: Unauthorized for url: https://api.quiverquant.com/beta/live/congresstrading
2026-06-11 11:00:03,853 [INFO] No trades returned from QuiverQuant
2026-06-11 11:05:02,919 [INFO] --- Checking trades for Markwayne Mullin ---
2026-06-11 11:05:03,118 [ERROR] Failed to fetch trades: 401 Client Error: Unauthorized for url: https://api.quiverquant.com/beta/live/congresstrading
2026-06-11 11:05:03,119 [INFO] No trades returned from QuiverQuant
2026-06-11 11:10:03,002 [INFO] --- Checking trades for Markwayne Mullin ---
2026-06-11 11:10:03,302 [INFO] Fetched 111 trades for Markwayne Mullin (total pool: 1000)
2026-06-11 11:10:03,305 [INFO] Found 0 new trades to process (out of 111 total)
2026-06-11 11:10:03,305 [INFO] No new trades — nothing to execute
2026-06-11 11:15:02,846 [INFO] --- Checking trades for Markwayne Mullin ---
2026-06-11 11:15:03,131 [ERROR] Failed to fetch trades: 401 Client Error: Unauthorized for url: https://api.quiverquant.com/beta/live/congresstrading
2026-06-11 11:15:03,132 [INFO] No trades returned from QuiverQuant
2026-06-11 11:20:02,805 [INFO] --- Checking trades for Markwayne Mullin ---
2026-06-11 11:20:03,131 [INFO] Fetched 111 trades for Markwayne Mullin (total pool: 1000)
2026-06-11 11:20:03,133 [INFO] Found 0 new trades to process (out of 111 total)
2026-06-11 11:20:03,133 [INFO] No new trades — nothing to execute
2026-06-11 11:25:02,717 [INFO] --- Checking trades for Markwayne Mullin ---
2026-06-11 11:25:03,043 [INFO] Fetched 111 trades for Markwayne Mullin (total pool: 1000)
2026-06-11 11:25:03,046 [INFO] Found 0 new trades to process (out of 111 total)
2026-06-11 11:25:03,047 [INFO] No new trades — nothing to execute
2026-06-11 11:30:02,797 [INFO] --- Checking trades for Markwayne Mullin ---
2026-06-11 11:30:03,090 [INFO] Fetched 111 trades for Markwayne Mullin (total pool: 1000)
2026-06-11 11:30:03,093 [INFO] Found 0 new trades to process (out of 111 total)
2026-06-11 11:30:03,093 [INFO] No new trades — nothing to execute
2026-06-11 11:35:02,855 [INFO] --- Checking trades for Markwayne Mullin ---
2026-06-11 11:35:03,156 [INFO] Fetched 111 trades for Markwayne Mullin (total pool: 1000)
2026-06-11 11:35:03,159 [INFO] Found 0 new trades to process (out of 111 total)
2026-06-11 11:35:03,159 [INFO] No new trades — nothing to execute
2026-06-11 11:40:02,033 [INFO] --- Checking trades for Markwayne Mullin ---
2026-06-11 11:40:02,342 [ERROR] Failed to fetch trades: 401 Client Error: Unauthorized for url: https://api.quiverquant.com/beta/live/congresstrading
2026-06-11 11:40:02,343 [INFO] No trades returned from QuiverQuant
2026-06-11 11:45:02,226 [INFO] --- Checking trades for Markwayne Mullin ---
2026-06-11 11:45:02,531 [INFO] Fetched 111 trades for Markwayne Mullin (total pool: 1000)
2026-06-11 11:45:02,534 [INFO] Found 0 new trades to process (out of 111 total)
2026-06-11 11:45:02,534 [INFO] No new trades — nothing to execute
2026-06-11 11:50:02,906 [INFO] --- Checking trades for Markwayne Mullin ---
2026-06-11 11:50:03,221 [INFO] Fetched 111 trades for Markwayne Mullin (total pool: 1000)
2026-06-11 11:50:03,224 [INFO] Found 0 new trades to process (out of 111 total)
2026-06-11 11:50:03,225 [INFO] No new trades — nothing to execute
2026-06-11 11:55:02,974 [INFO] --- Checking trades for Markwayne Mullin ---
2026-06-11 11:55:03,270 [INFO] Fetched 111 trades for Markwayne Mullin (total pool: 1000)
2026-06-11 11:55:03,273 [INFO] Found 0 new trades to process (out of 111 total)
2026-06-11 11:55:03,273 [INFO] No new trades — nothing to execute
2026-06-11 12:00:02,403 [INFO] --- Checking trades for Markwayne Mullin ---
2026-06-11 12:00:02,615 [INFO] Fetched 111 trades for Markwayne Mullin (total pool: 1000)
2026-06-11 12:00:02,617 [INFO] Found 0 new trades to process (out of 111 total)
2026-06-11 12:00:02,618 [INFO] No new trades — nothing to execute
2026-06-11 12:05:02,525 [INFO] --- Checking trades for Markwayne Mullin ---
2026-06-11 12:05:02,779 [INFO] Fetched 111 trades for Markwayne Mullin (total pool: 1000)
2026-06-11 12:05:02,781 [INFO] Found 0 new trades to process (out of 111 total)
2026-06-11 12:05:02,781 [INFO] No new trades — nothing to execute
2026-06-11 12:10:02,417 [INFO] --- Checking trades for Markwayne Mullin ---
2026-06-11 12:10:02,729 [INFO] Fetched 111 trades for Markwayne Mullin (total pool: 1000)
2026-06-11 12:10:02,732 [INFO] Found 0 new trades to process (out of 111 total)
2026-06-11 12:10:02,732 [INFO] No new trades — nothing to execute
2026-06-11 12:15:02,130 [INFO] --- Checking trades for Markwayne Mullin ---
2026-06-11 12:15:02,420 [INFO] Fetched 111 trades for Markwayne Mullin (total pool: 1000)
2026-06-11 12:15:02,423 [INFO] Found 0 new trades to process (out of 111 total)
2026-06-11 12:15:02,423 [INFO] No new trades — nothing to execute
2026-06-11 12:20:02,176 [INFO] --- Checking trades for Markwayne Mullin ---
2026-06-11 12:20:02,472 [INFO] Fetched 111 trades for Markwayne Mullin (total pool: 1000)
2026-06-11 12:20:02,476 [INFO] Found 0 new trades to process (out of 111 total)
2026-06-11 12:20:02,476 [INFO] No new trades — nothing to execute
2026-06-11 12:25:02,192 [INFO] --- Checking trades for Markwayne Mullin ---
2026-06-11 12:25:02,658 [INFO] Fetched 111 trades for Markwayne Mullin (total pool: 1000)
2026-06-11 12:25:02,660 [INFO] Found 0 new trades to process (out of 111 total)
2026-06-11 12:25:02,660 [INFO] No new trades — nothing to execute
2026-06-11 12:30:02,326 [INFO] --- Checking trades for Markwayne Mullin ---
2026-06-11 12:30:02,629 [INFO] Fetched 111 trades for Markwayne Mullin (total pool: 1000)
2026-06-11 12:30:02,631 [INFO] Found 0 new trades to process (out of 111 total)
2026-06-11 12:30:02,631 [INFO] No new trades — nothing to execute
2026-06-11 12:35:02,919 [INFO] --- Checking trades for Markwayne Mullin ---
2026-06-11 12:35:03,281 [ERROR] Failed to fetch trades: 401 Client Error: Unauthorized for url: https://api.quiverquant.com/beta/live/congresstrading
2026-06-11 12:35:03,283 [INFO] No trades returned from QuiverQuant
2026-06-11 12:40:02,758 [INFO] --- Checking trades for Markwayne Mullin ---
2026-06-11 12:40:03,032 [INFO] Fetched 111 trades for Markwayne Mullin (total pool: 1000)
2026-06-11 12:40:03,035 [INFO] Found 0 new trades to process (out of 111 total)
2026-06-11 12:40:03,035 [INFO] No new trades — nothing to execute
2026-06-11 12:45:02,202 [INFO] --- Checking trades for Markwayne Mullin ---
2026-06-11 12:45:02,489 [INFO] Fetched 111 trades for Markwayne Mullin (total pool: 1000)
2026-06-11 12:45:02,493 [INFO] Found 0 new trades to process (out of 111 total)
2026-06-11 12:45:02,493 [INFO] No new trades — nothing to execute
2026-06-11 12:50:02,350 [INFO] --- Checking trades for Markwayne Mullin ---
2026-06-11 12:50:02,675 [INFO] Fetched 111 trades for Markwayne Mullin (total pool: 1000)
2026-06-11 12:50:02,677 [INFO] Found 0 new trades to process (out of 111 total)
2026-06-11 12:50:02,678 [INFO] No new trades — nothing to execute
2026-06-11 12:55:02,699 [INFO] --- Checking trades for Markwayne Mullin ---
2026-06-11 12:55:03,024 [INFO] Fetched 111 trades for Markwayne Mullin (total pool: 1000)
2026-06-11 12:55:03,027 [INFO] Found 0 new trades to process (out of 111 total)
2026-06-11 12:55:03,027 [INFO] No new trades — nothing to execute
2026-06-11 13:00:02,261 [INFO] --- Checking trades for Markwayne Mullin ---
2026-06-11 13:00:02,592 [INFO] Fetched 111 trades for Markwayne Mullin (total pool: 1000)
2026-06-11 13:00:02,595 [INFO] Found 0 new trades to process (out of 111 total)
2026-06-11 13:00:02,595 [INFO] No new trades — nothing to execute
2026-06-11 13:05:02,557 [INFO] --- Checking trades for Markwayne Mullin ---
2026-06-11 13:05:03,643 [ERROR] Failed to fetch trades: 401 Client Error: Unauthorized for url: https://api.quiverquant.com/beta/live/congresstrading
2026-06-11 13:05:03,644 [INFO] No trades returned from QuiverQuant
2026-06-11 13:10:02,558 [INFO] --- Checking trades for Markwayne Mullin ---
2026-06-11 13:10:03,298 [ERROR] Failed to fetch trades: 401 Client Error: Unauthorized for url: https://api.quiverquant.com/beta/live/congresstrading
2026-06-11 13:10:03,300 [INFO] No trades returned from QuiverQuant
2026-06-11 13:15:02,405 [INFO] --- Checking trades for Markwayne Mullin ---
2026-06-11 13:15:02,668 [INFO] Fetched 111 trades for Markwayne Mullin (total pool: 1000)
2026-06-11 13:15:02,670 [INFO] Found 0 new trades to process (out of 111 total)
2026-06-11 13:15:02,670 [INFO] No new trades — nothing to execute
2026-06-11 13:20:02,286 [INFO] --- Checking trades for Markwayne Mullin ---
2026-06-11 13:20:02,614 [INFO] Fetched 111 trades for Markwayne Mullin (total pool: 1000)
2026-06-11 13:20:02,618 [INFO] Found 0 new trades to process (out of 111 total)
2026-06-11 13:20:02,619 [INFO] No new trades — nothing to execute
2026-06-11 13:25:02,502 [INFO] --- Checking trades for Markwayne Mullin ---
2026-06-11 13:25:03,830 [ERROR] Failed to fetch trades: 401 Client Error: Unauthorized for url: https://api.quiverquant.com/beta/live/congresstrading
2026-06-11 13:25:03,832 [INFO] No trades returned from QuiverQuant
2026-06-11 13:30:02,844 [INFO] --- Checking trades for Markwayne Mullin ---
2026-06-11 13:30:03,090 [INFO] Fetched 111 trades for Markwayne Mullin (total pool: 1000)
2026-06-11 13:30:03,092 [INFO] Found 0 new trades to process (out of 111 total)
2026-06-11 13:30:03,092 [INFO] No new trades — nothing to execute
2026-06-11 13:35:02,659 [INFO] --- Checking trades for Markwayne Mullin ---
2026-06-11 13:35:02,933 [INFO] Fetched 111 trades for Markwayne Mullin (total pool: 1000)
2026-06-11 13:35:02,936 [INFO] Found 0 new trades to process (out of 111 total)
2026-06-11 13:35:02,937 [INFO] No new trades — nothing to execute
2026-06-11 13:40:02,639 [INFO] --- Checking trades for Markwayne Mullin ---
2026-06-11 13:40:03,186 [INFO] Fetched 111 trades for Markwayne Mullin (total pool: 1000)
2026-06-11 13:40:03,189 [INFO] Found 0 new trades to process (out of 111 total)
2026-06-11 13:40:03,190 [INFO] No new trades — nothing to execute
2026-06-11 13:45:02,963 [INFO] --- Checking trades for Markwayne Mullin ---
2026-06-11 13:45:03,244 [INFO] Fetched 111 trades for Markwayne Mullin (total pool: 1000)
2026-06-11 13:45:03,246 [INFO] Found 0 new trades to process (out of 111 total)
2026-06-11 13:45:03,246 [INFO] No new trades — nothing to execute
2026-06-11 13:50:02,540 [INFO] --- Checking trades for Markwayne Mullin ---
2026-06-11 13:50:02,771 [INFO] Fetched 111 trades for Markwayne Mullin (total pool: 1000)
2026-06-11 13:50:02,774 [INFO] Found 0 new trades to process (out of 111 total)
2026-06-11 13:50:02,774 [INFO] No new trades — nothing to execute
2026-06-11 13:55:02,028 [INFO] --- Checking trades for Markwayne Mullin ---
2026-06-11 13:55:02,399 [INFO] Fetched 111 trades for Markwayne Mullin (total pool: 1000)
2026-06-11 13:55:02,401 [INFO] Found 0 new trades to process (out of 111 total)
2026-06-11 13:55:02,401 [INFO] No new trades — nothing to execute
2026-06-11 14:00:02,321 [INFO] --- Checking trades for Markwayne Mullin ---
2026-06-11 14:00:02,647 [INFO] Fetched 111 trades for Markwayne Mullin (total pool: 1000)
2026-06-11 14:00:02,651 [INFO] Found 0 new trades to process (out of 111 total)
2026-06-11 14:00:02,651 [INFO] No new trades — nothing to execute
2026-06-11 14:05:02,430 [INFO] --- Checking trades for Markwayne Mullin ---
2026-06-11 14:05:02,730 [INFO] Fetched 111 trades for Markwayne Mullin (total pool: 1000)
2026-06-11 14:05:02,734 [INFO] Found 0 new trades to process (out of 111 total)
2026-06-11 14:05:02,734 [INFO] No new trades — nothing to execute
2026-06-11 14:10:02,870 [INFO] --- Checking trades for Markwayne Mullin ---
2026-06-11 14:10:03,199 [INFO] Fetched 111 trades for Markwayne Mullin (total pool: 1000)
2026-06-11 14:10:03,203 [INFO] Found 0 new trades to process (out of 111 total)
2026-06-11 14:10:03,203 [INFO] No new trades — nothing to execute
2026-06-11 14:15:02,014 [INFO] --- Checking trades for Markwayne Mullin ---
2026-06-11 14:15:02,282 [INFO] Fetched 111 trades for Markwayne Mullin (total pool: 1000)
2026-06-11 14:15:02,284 [INFO] Found 0 new trades to process (out of 111 total)
2026-06-11 14:15:02,284 [INFO] No new trades — nothing to execute
2026-06-11 14:20:02,469 [INFO] --- Checking trades for Markwayne Mullin ---
2026-06-11 14:20:02,787 [INFO] Fetched 111 trades for Markwayne Mullin (total pool: 1000)
2026-06-11 14:20:02,791 [INFO] Found 0 new trades to process (out of 111 total)
2026-06-11 14:20:02,791 [INFO] No new trades — nothing to execute
2026-06-11 14:25:02,350 [INFO] --- Checking trades for Markwayne Mullin ---
2026-06-11 14:25:02,651 [INFO] Fetched 111 trades for Markwayne Mullin (total pool: 1000)
2026-06-11 14:25:02,655 [INFO] Found 0 new trades to process (out of 111 total)
2026-06-11 14:25:02,655 [INFO] No new trades — nothing to execute
2026-06-11 14:30:02,610 [INFO] --- Checking trades for Markwayne Mullin ---
2026-06-11 14:30:02,973 [INFO] Fetched 111 trades for Markwayne Mullin (total pool: 1000)
2026-06-11 14:30:02,975 [INFO] Found 0 new trades to process (out of 111 total)
2026-06-11 14:30:02,975 [INFO] No new trades — nothing to execute
2026-06-11 14:35:02,444 [INFO] --- Checking trades for Markwayne Mullin ---
2026-06-11 14:35:02,770 [INFO] Fetched 111 trades for Markwayne Mullin (total pool: 1000)
2026-06-11 14:35:02,773 [INFO] Found 0 new trades to process (out of 111 total)
2026-06-11 14:35:02,773 [INFO] No new trades — nothing to execute
2026-06-11 14:40:02,937 [INFO] --- Checking trades for Markwayne Mullin ---
2026-06-11 14:40:03,305 [ERROR] Failed to fetch trades: 401 Client Error: Unauthorized for url: https://api.quiverquant.com/beta/live/congresstrading
2026-06-11 14:40:03,307 [INFO] No trades returned from QuiverQuant
2026-06-11 14:45:02,343 [INFO] --- Checking trades for Markwayne Mullin ---
2026-06-11 14:45:02,628 [INFO] Fetched 111 trades for Markwayne Mullin (total pool: 1000)
2026-06-11 14:45:02,630 [INFO] Found 0 new trades to process (out of 111 total)
2026-06-11 14:45:02,630 [INFO] No new trades — nothing to execute
2026-06-11 14:50:02,833 [INFO] --- Checking trades for Markwayne Mullin ---
2026-06-11 14:50:03,234 [ERROR] Failed to fetch trades: 401 Client Error: Unauthorized for url: https://api.quiverquant.com/beta/live/congresstrading
2026-06-11 14:50:03,235 [INFO] No trades returned from QuiverQuant
2026-06-11 14:55:02,864 [INFO] --- Checking trades for Markwayne Mullin ---
2026-06-11 14:55:03,333 [INFO] Fetched 111 trades for Markwayne Mullin (total pool: 1000)
2026-06-11 14:55:03,335 [INFO] Found 0 new trades to process (out of 111 total)
2026-06-11 14:55:03,335 [INFO] No new trades — nothing to execute
2026-06-11 15:00:02,708 [INFO] --- Checking trades for Markwayne Mullin ---
2026-06-11 15:00:03,172 [INFO] Fetched 111 trades for Markwayne Mullin (total pool: 1000)
2026-06-11 15:00:03,175 [INFO] Found 0 new trades to process (out of 111 total)
2026-06-11 15:00:03,175 [INFO] No new trades — nothing to execute
2026-06-11 15:05:02,816 [INFO] --- Checking trades for Markwayne Mullin ---
2026-06-11 15:05:03,207 [ERROR] Failed to fetch trades: 401 Client Error: Unauthorized for url: https://api.quiverquant.com/beta/live/congresstrading
2026-06-11 15:05:03,208 [INFO] No trades returned from QuiverQuant
2026-06-11 15:10:02,498 [INFO] --- Checking trades for Markwayne Mullin ---
2026-06-11 15:10:02,773 [ERROR] Failed to fetch trades: 401 Client Error: Unauthorized for url: https://api.quiverquant.com/beta/live/congresstrading
2026-06-11 15:10:02,776 [INFO] No trades returned from QuiverQuant
2026-06-11 15:15:02,481 [INFO] --- Checking trades for Markwayne Mullin ---
2026-06-11 15:15:03,026 [INFO] Fetched 111 trades for Markwayne Mullin (total pool: 1000)
2026-06-11 15:15:03,028 [INFO] Found 0 new trades to process (out of 111 total)
2026-06-11 15:15:03,028 [INFO] No new trades — nothing to execute
2026-06-11 15:20:02,612 [INFO] --- Checking trades for Markwayne Mullin ---
2026-06-11 15:20:02,941 [INFO] Fetched 111 trades for Markwayne Mullin (total pool: 1000)
2026-06-11 15:20:02,943 [INFO] Found 0 new trades to process (out of 111 total)
2026-06-11 15:20:02,943 [INFO] No new trades — nothing to execute
2026-06-11 15:25:02,799 [INFO] --- Checking trades for Markwayne Mullin ---
2026-06-11 15:25:03,091 [INFO] Fetched 111 trades for Markwayne Mullin (total pool: 1000)
2026-06-11 15:25:03,094 [INFO] Found 0 new trades to process (out of 111 total)
2026-06-11 15:25:03,094 [INFO] No new trades — nothing to execute
2026-06-11 15:30:02,739 [INFO] --- Checking trades for Markwayne Mullin ---
2026-06-11 15:30:03,071 [INFO] Fetched 111 trades for Markwayne Mullin (total pool: 1000)
2026-06-11 15:30:03,073 [INFO] Found 0 new trades to process (out of 111 total)
2026-06-11 15:30:03,073 [INFO] No new trades — nothing to execute
2026-06-11 15:35:02,070 [INFO] --- Checking trades for Markwayne Mullin ---
2026-06-11 15:35:02,883 [ERROR] Failed to fetch trades: 401 Client Error: Unauthorized for url: https://api.quiverquant.com/beta/live/congresstrading
2026-06-11 15:35:02,885 [INFO] No trades returned from QuiverQuant
2026-06-11 15:40:02,247 [INFO] --- Checking trades for Markwayne Mullin ---
2026-06-11 15:40:02,597 [INFO] Fetched 111 trades for Markwayne Mullin (total pool: 1000)
2026-06-11 15:40:02,599 [INFO] Found 0 new trades to process (out of 111 total)
2026-06-11 15:40:02,599 [INFO] No new trades — nothing to execute
2026-06-11 15:45:02,722 [INFO] --- Checking trades for Markwayne Mullin ---
2026-06-11 15:45:02,952 [ERROR] Failed to fetch trades: 401 Client Error: Unauthorized for url: https://api.quiverquant.com/beta/live/congresstrading
2026-06-11 15:45:02,954 [INFO] No trades returned from QuiverQuant
2026-06-11 15:50:02,504 [INFO] --- Checking trades for Markwayne Mullin ---
2026-06-11 15:50:02,732 [INFO] Fetched 111 trades for Markwayne Mullin (total pool: 1000)
2026-06-11 15:50:02,734 [INFO] Found 0 new trades to process (out of 111 total)
2026-06-11 15:50:02,735 [INFO] No new trades — nothing to execute
2026-06-11 15:55:02,960 [INFO] --- Checking trades for Markwayne Mullin ---
2026-06-11 15:55:03,292 [ERROR] Failed to fetch trades: 401 Client Error: Unauthorized for url: https://api.quiverquant.com/beta/live/congresstrading
2026-06-11 15:55:03,293 [INFO] No trades returned from QuiverQuant
2026-06-12 08:00:02,631 [INFO] --- Checking trades for Markwayne Mullin ---
2026-06-12 08:00:02,889 [INFO] Fetched 111 trades for Markwayne Mullin (total pool: 1000)
2026-06-12 08:00:02,891 [INFO] Found 0 new trades to process (out of 111 total)
2026-06-12 08:00:02,892 [INFO] No new trades — nothing to execute
2026-06-12 08:05:02,874 [INFO] --- Checking trades for Markwayne Mullin ---
2026-06-12 08:05:03,308 [INFO] Fetched 111 trades for Markwayne Mullin (total pool: 1000)
2026-06-12 08:05:03,311 [INFO] Found 0 new trades to process (out of 111 total)
2026-06-12 08:05:03,311 [INFO] No new trades — nothing to execute
2026-06-12 08:10:02,899 [INFO] --- Checking trades for Markwayne Mullin ---
2026-06-12 08:10:03,167 [INFO] Fetched 111 trades for Markwayne Mullin (total pool: 1000)
2026-06-12 08:10:03,169 [INFO] Found 0 new trades to process (out of 111 total)
2026-06-12 08:10:03,169 [INFO] No new trades — nothing to execute
2026-06-12 08:15:02,164 [INFO] --- Checking trades for Markwayne Mullin ---
2026-06-12 08:15:02,811 [ERROR] Failed to fetch trades: 401 Client Error: Unauthorized for url: https://api.quiverquant.com/beta/live/congresstrading
2026-06-12 08:15:02,812 [INFO] No trades returned from QuiverQuant
2026-06-12 08:20:02,536 [INFO] --- Checking trades for Markwayne Mullin ---
2026-06-12 08:20:02,811 [INFO] Fetched 111 trades for Markwayne Mullin (total pool: 1000)
2026-06-12 08:20:02,814 [INFO] Found 0 new trades to process (out of 111 total)
2026-06-12 08:20:02,814 [INFO] No new trades — nothing to execute
2026-06-12 08:25:02,513 [INFO] --- Checking trades for Markwayne Mullin ---
2026-06-12 08:25:02,796 [ERROR] Failed to fetch trades: 401 Client Error: Unauthorized for url: https://api.quiverquant.com/beta/live/congresstrading
2026-06-12 08:25:02,798 [INFO] No trades returned from QuiverQuant
2026-06-12 08:30:02,975 [INFO] --- Checking trades for Markwayne Mullin ---
2026-06-12 08:30:04,366 [ERROR] Failed to fetch trades: 401 Client Error: Unauthorized for url: https://api.quiverquant.com/beta/live/congresstrading
2026-06-12 08:30:04,368 [INFO] No trades returned from QuiverQuant
2026-06-12 08:35:02,822 [INFO] --- Checking trades for Markwayne Mullin ---
2026-06-12 08:35:03,016 [INFO] Fetched 111 trades for Markwayne Mullin (total pool: 1000)
2026-06-12 08:35:03,018 [INFO] Found 0 new trades to process (out of 111 total)
2026-06-12 08:35:03,018 [INFO] No new trades — nothing to execute
2026-06-12 08:40:02,294 [INFO] --- Checking trades for Markwayne Mullin ---
2026-06-12 08:40:02,535 [INFO] Fetched 111 trades for Markwayne Mullin (total pool: 1000)
2026-06-12 08:40:02,537 [INFO] Found 0 new trades to process (out of 111 total)
2026-06-12 08:40:02,537 [INFO] No new trades — nothing to execute
2026-06-12 08:45:02,721 [INFO] --- Checking trades for Markwayne Mullin ---
2026-06-12 08:45:03,024 [INFO] Fetched 111 trades for Markwayne Mullin (total pool: 1000)
2026-06-12 08:45:03,027 [INFO] Found 0 new trades to process (out of 111 total)
2026-06-12 08:45:03,027 [INFO] No new trades — nothing to execute
2026-06-12 08:50:02,186 [INFO] --- Checking trades for Markwayne Mullin ---
2026-06-12 08:50:02,494 [INFO] Fetched 111 trades for Markwayne Mullin (total pool: 1000)
2026-06-12 08:50:02,497 [INFO] Found 0 new trades to process (out of 111 total)
2026-06-12 08:50:02,497 [INFO] No new trades — nothing to execute
2026-06-12 08:55:02,584 [INFO] --- Checking trades for Markwayne Mullin ---
2026-06-12 08:55:03,100 [INFO] Fetched 111 trades for Markwayne Mullin (total pool: 1000)
2026-06-12 08:55:03,104 [INFO] Found 0 new trades to process (out of 111 total)
2026-06-12 08:55:03,104 [INFO] No new trades — nothing to execute
2026-06-12 09:00:02,116 [INFO] --- Checking trades for Markwayne Mullin ---
2026-06-12 09:00:02,637 [ERROR] Failed to fetch trades: 401 Client Error: Unauthorized for url: https://api.quiverquant.com/beta/live/congresstrading
2026-06-12 09:00:02,639 [INFO] No trades returned from QuiverQuant
2026-06-12 09:05:02,465 [INFO] --- Checking trades for Markwayne Mullin ---
2026-06-12 09:05:02,771 [INFO] Fetched 111 trades for Markwayne Mullin (total pool: 1000)
2026-06-12 09:05:02,774 [INFO] Found 0 new trades to process (out of 111 total)
2026-06-12 09:05:02,774 [INFO] No new trades — nothing to execute
2026-06-12 09:10:02,655 [INFO] --- Checking trades for Markwayne Mullin ---
2026-06-12 09:10:02,936 [ERROR] Failed to fetch trades: 401 Client Error: Unauthorized for url: https://api.quiverquant.com/beta/live/congresstrading
2026-06-12 09:10:02,938 [INFO] No trades returned from QuiverQuant
2026-06-12 09:15:02,151 [INFO] --- Checking trades for Markwayne Mullin ---
2026-06-12 09:15:02,436 [INFO] Fetched 111 trades for Markwayne Mullin (total pool: 1000)
2026-06-12 09:15:02,438 [INFO] Found 0 new trades to process (out of 111 total)
2026-06-12 09:15:02,438 [INFO] No new trades — nothing to execute
2026-06-12 09:20:02,558 [INFO] --- Checking trades for Markwayne Mullin ---
2026-06-12 09:20:02,861 [INFO] Fetched 111 trades for Markwayne Mullin (total pool: 1000)
2026-06-12 09:20:02,863 [INFO] Found 0 new trades to process (out of 111 total)
2026-06-12 09:20:02,863 [INFO] No new trades — nothing to execute
2026-06-12 09:25:02,195 [INFO] --- Checking trades for Markwayne Mullin ---
2026-06-12 09:25:02,539 [INFO] Fetched 111 trades for Markwayne Mullin (total pool: 1000)
2026-06-12 09:25:02,543 [INFO] Found 0 new trades to process (out of 111 total)
2026-06-12 09:25:02,544 [INFO] No new trades — nothing to execute
2026-06-12 09:30:02,629 [INFO] --- Checking trades for Markwayne Mullin ---
2026-06-12 09:30:02,989 [INFO] Fetched 111 trades for Markwayne Mullin (total pool: 1000)
2026-06-12 09:30:02,991 [INFO] Found 0 new trades to process (out of 111 total)
2026-06-12 09:30:02,991 [INFO] No new trades — nothing to execute
2026-06-12 09:35:02,430 [INFO] --- Checking trades for Markwayne Mullin ---
2026-06-12 09:35:02,758 [ERROR] Failed to fetch trades: 401 Client Error: Unauthorized for url: https://api.quiverquant.com/beta/live/congresstrading
2026-06-12 09:35:02,761 [INFO] No trades returned from QuiverQuant
2026-06-12 09:40:02,883 [INFO] --- Checking trades for Markwayne Mullin ---
2026-06-12 09:40:03,231 [INFO] Fetched 111 trades for Markwayne Mullin (total pool: 1000)
2026-06-12 09:40:03,233 [INFO] Found 0 new trades to process (out of 111 total)
2026-06-12 09:40:03,233 [INFO] No new trades — nothing to execute
2026-06-12 09:45:02,565 [INFO] --- Checking trades for Markwayne Mullin ---
2026-06-12 09:45:02,842 [INFO] Fetched 111 trades for Markwayne Mullin (total pool: 1000)
2026-06-12 09:45:02,845 [INFO] Found 0 new trades to process (out of 111 total)
2026-06-12 09:45:02,845 [INFO] No new trades — nothing to execute
2026-06-12 09:50:02,791 [INFO] --- Checking trades for Markwayne Mullin ---
2026-06-12 09:50:03,232 [ERROR] Failed to fetch trades: 401 Client Error: Unauthorized for url: https://api.quiverquant.com/beta/live/congresstrading
2026-06-12 09:50:03,234 [INFO] No trades returned from QuiverQuant
2026-06-12 09:55:02,770 [INFO] --- Checking trades for Markwayne Mullin ---
2026-06-12 09:55:03,059 [INFO] Fetched 111 trades for Markwayne Mullin (total pool: 1000)
2026-06-12 09:55:03,062 [INFO] Found 0 new trades to process (out of 111 total)
2026-06-12 09:55:03,062 [INFO] No new trades — nothing to execute
2026-06-12 10:00:02,461 [INFO] --- Checking trades for Markwayne Mullin ---
2026-06-12 10:00:02,786 [INFO] Fetched 111 trades for Markwayne Mullin (total pool: 1000)
2026-06-12 10:00:02,789 [INFO] Found 0 new trades to process (out of 111 total)
2026-06-12 10:00:02,789 [INFO] No new trades — nothing to execute
2026-06-12 10:05:02,099 [INFO] --- Checking trades for Markwayne Mullin ---
2026-06-12 10:05:02,518 [ERROR] Failed to fetch trades: 401 Client Error: Unauthorized for url: https://api.quiverquant.com/beta/live/congresstrading
2026-06-12 10:05:02,520 [INFO] No trades returned from QuiverQuant
2026-06-12 10:10:02,172 [INFO] --- Checking trades for Markwayne Mullin ---
2026-06-12 10:10:02,464 [INFO] Fetched 111 trades for Markwayne Mullin (total pool: 1000)
2026-06-12 10:10:02,467 [INFO] Found 0 new trades to process (out of 111 total)
2026-06-12 10:10:02,467 [INFO] No new trades — nothing to execute
2026-06-12 10:15:02,907 [INFO] --- Checking trades for Markwayne Mullin ---
2026-06-12 10:15:03,221 [INFO] Fetched 111 trades for Markwayne Mullin (total pool: 1000)
2026-06-12 10:15:03,225 [INFO] Found 0 new trades to process (out of 111 total)
2026-06-12 10:15:03,225 [INFO] No new trades — nothing to execute
2026-06-12 10:20:02,796 [INFO] --- Checking trades for Markwayne Mullin ---
2026-06-12 10:20:03,061 [INFO] Fetched 111 trades for Markwayne Mullin (total pool: 1000)
2026-06-12 10:20:03,064 [INFO] Found 0 new trades to process (out of 111 total)
2026-06-12 10:20:03,064 [INFO] No new trades — nothing to execute
2026-06-12 10:25:02,442 [INFO] --- Checking trades for Markwayne Mullin ---
2026-06-12 10:25:02,772 [INFO] Fetched 111 trades for Markwayne Mullin (total pool: 1000)
2026-06-12 10:25:02,775 [INFO] Found 0 new trades to process (out of 111 total)
2026-06-12 10:25:02,775 [INFO] No new trades — nothing to execute
2026-06-12 10:30:02,633 [INFO] --- Checking trades for Markwayne Mullin ---
2026-06-12 10:30:02,948 [ERROR] Failed to fetch trades: 401 Client Error: Unauthorized for url: https://api.quiverquant.com/beta/live/congresstrading
2026-06-12 10:30:02,950 [INFO] No trades returned from QuiverQuant
2026-06-12 10:35:02,685 [INFO] --- Checking trades for Markwayne Mullin ---
2026-06-12 10:35:02,997 [INFO] Fetched 111 trades for Markwayne Mullin (total pool: 1000)
2026-06-12 10:35:02,999 [INFO] Found 0 new trades to process (out of 111 total)
2026-06-12 10:35:03,000 [INFO] No new trades — nothing to execute
2026-06-12 10:40:02,057 [INFO] --- Checking trades for Markwayne Mullin ---
2026-06-12 10:40:02,628 [ERROR] Failed to fetch trades: 401 Client Error: Unauthorized for url: https://api.quiverquant.com/beta/live/congresstrading
2026-06-12 10:40:02,631 [INFO] No trades returned from QuiverQuant
2026-06-12 10:45:02,160 [INFO] --- Checking trades for Markwayne Mullin ---
2026-06-12 10:45:02,470 [INFO] Fetched 111 trades for Markwayne Mullin (total pool: 1000)
2026-06-12 10:45:02,473 [INFO] Found 0 new trades to process (out of 111 total)
2026-06-12 10:45:02,473 [INFO] No new trades — nothing to execute
2026-06-12 10:50:02,726 [INFO] --- Checking trades for Markwayne Mullin ---
2026-06-12 10:50:02,995 [ERROR] Failed to fetch trades: 401 Client Error: Unauthorized for url: https://api.quiverquant.com/beta/live/congresstrading
2026-06-12 10:50:02,996 [INFO] No trades returned from QuiverQuant
2026-06-12 10:55:02,248 [INFO] --- Checking trades for Markwayne Mullin ---
2026-06-12 10:55:02,552 [INFO] Fetched 111 trades for Markwayne Mullin (total pool: 1000)
2026-06-12 10:55:02,554 [INFO] Found 0 new trades to process (out of 111 total)
2026-06-12 10:55:02,554 [INFO] No new trades — nothing to execute
2026-06-12 11:00:02,668 [INFO] --- Checking trades for Markwayne Mullin ---
2026-06-12 11:00:02,999 [INFO] Fetched 111 trades for Markwayne Mullin (total pool: 1000)
2026-06-12 11:00:03,002 [INFO] Found 0 new trades to process (out of 111 total)
2026-06-12 11:00:03,002 [INFO] No new trades — nothing to execute
2026-06-12 11:05:02,642 [INFO] --- Checking trades for Markwayne Mullin ---
2026-06-12 11:05:02,951 [ERROR] Failed to fetch trades: 401 Client Error: Unauthorized for url: https://api.quiverquant.com/beta/live/congresstrading
2026-06-12 11:05:02,953 [INFO] No trades returned from QuiverQuant
2026-06-12 11:10:02,528 [INFO] --- Checking trades for Markwayne Mullin ---
2026-06-12 11:10:02,818 [INFO] Fetched 111 trades for Markwayne Mullin (total pool: 1000)
2026-06-12 11:10:02,821 [INFO] Found 0 new trades to process (out of 111 total)
2026-06-12 11:10:02,821 [INFO] No new trades — nothing to execute
2026-06-12 11:15:02,799 [INFO] --- Checking trades for Markwayne Mullin ---
2026-06-12 11:15:03,096 [INFO] Fetched 111 trades for Markwayne Mullin (total pool: 1000)
2026-06-12 11:15:03,098 [INFO] Found 0 new trades to process (out of 111 total)
2026-06-12 11:15:03,098 [INFO] No new trades — nothing to execute
2026-06-12 11:20:02,587 [INFO] --- Checking trades for Markwayne Mullin ---
2026-06-12 11:20:03,021 [INFO] Fetched 111 trades for Markwayne Mullin (total pool: 1000)
2026-06-12 11:20:03,025 [INFO] Found 0 new trades to process (out of 111 total)
2026-06-12 11:20:03,025 [INFO] No new trades — nothing to execute
2026-06-12 11:25:02,142 [INFO] --- Checking trades for Markwayne Mullin ---
2026-06-12 11:25:02,419 [ERROR] Failed to fetch trades: 401 Client Error: Unauthorized for url: https://api.quiverquant.com/beta/live/congresstrading
2026-06-12 11:25:02,421 [INFO] No trades returned from QuiverQuant
2026-06-12 11:30:02,107 [INFO] --- Checking trades for Markwayne Mullin ---
2026-06-12 11:30:02,809 [INFO] Fetched 111 trades for Markwayne Mullin (total pool: 1000)
2026-06-12 11:30:02,812 [INFO] Found 0 new trades to process (out of 111 total)
2026-06-12 11:30:02,812 [INFO] No new trades — nothing to execute
2026-06-12 11:35:02,288 [INFO] --- Checking trades for Markwayne Mullin ---
2026-06-12 11:35:02,561 [INFO] Fetched 111 trades for Markwayne Mullin (total pool: 1000)
2026-06-12 11:35:02,564 [INFO] Found 0 new trades to process (out of 111 total)
2026-06-12 11:35:02,564 [INFO] No new trades — nothing to execute
2026-06-12 11:40:02,846 [INFO] --- Checking trades for Markwayne Mullin ---
2026-06-12 11:40:03,093 [ERROR] Failed to fetch trades: 401 Client Error: Unauthorized for url: https://api.quiverquant.com/beta/live/congresstrading
2026-06-12 11:40:03,095 [INFO] No trades returned from QuiverQuant
2026-06-12 11:45:02,506 [INFO] --- Checking trades for Markwayne Mullin ---
2026-06-12 11:45:02,822 [INFO] Fetched 111 trades for Markwayne Mullin (total pool: 1000)
2026-06-12 11:45:02,824 [INFO] Found 0 new trades to process (out of 111 total)
2026-06-12 11:45:02,825 [INFO] No new trades — nothing to execute
2026-06-12 11:50:02,444 [INFO] --- Checking trades for Markwayne Mullin ---
2026-06-12 11:50:02,781 [INFO] Fetched 111 trades for Markwayne Mullin (total pool: 1000)
2026-06-12 11:50:02,783 [INFO] Found 0 new trades to process (out of 111 total)
2026-06-12 11:50:02,783 [INFO] No new trades — nothing to execute
2026-06-12 11:55:02,298 [INFO] --- Checking trades for Markwayne Mullin ---
2026-06-12 11:55:02,609 [ERROR] Failed to fetch trades: 401 Client Error: Unauthorized for url: https://api.quiverquant.com/beta/live/congresstrading
2026-06-12 11:55:02,611 [INFO] No trades returned from QuiverQuant
2026-06-12 12:00:02,996 [INFO] --- Checking trades for Markwayne Mullin ---
2026-06-12 12:00:03,468 [INFO] Fetched 111 trades for Markwayne Mullin (total pool: 1000)
2026-06-12 12:00:03,471 [INFO] Found 0 new trades to process (out of 111 total)
2026-06-12 12:00:03,471 [INFO] No new trades — nothing to execute
2026-06-12 12:05:02,022 [INFO] --- Checking trades for Markwayne Mullin ---
2026-06-12 12:05:02,213 [INFO] Fetched 111 trades for Markwayne Mullin (total pool: 1000)
2026-06-12 12:05:02,217 [INFO] Found 0 new trades to process (out of 111 total)
2026-06-12 12:05:02,217 [INFO] No new trades — nothing to execute
2026-06-12 12:10:02,044 [INFO] --- Checking trades for Markwayne Mullin ---
2026-06-12 12:10:02,310 [INFO] Fetched 111 trades for Markwayne Mullin (total pool: 1000)
2026-06-12 12:10:02,312 [INFO] Found 0 new trades to process (out of 111 total)
2026-06-12 12:10:02,312 [INFO] No new trades — nothing to execute
2026-06-12 12:15:02,538 [INFO] --- Checking trades for Markwayne Mullin ---
2026-06-12 12:15:02,778 [ERROR] Failed to fetch trades: 401 Client Error: Unauthorized for url: https://api.quiverquant.com/beta/live/congresstrading
2026-06-12 12:15:02,779 [INFO] No trades returned from QuiverQuant
2026-06-12 12:20:02,942 [INFO] --- Checking trades for Markwayne Mullin ---
2026-06-12 12:20:03,260 [INFO] Fetched 111 trades for Markwayne Mullin (total pool: 1000)
2026-06-12 12:20:03,264 [INFO] Found 0 new trades to process (out of 111 total)
2026-06-12 12:20:03,264 [INFO] No new trades — nothing to execute
2026-06-12 12:25:02,092 [INFO] --- Checking trades for Markwayne Mullin ---
2026-06-12 12:25:02,260 [INFO] Fetched 111 trades for Markwayne Mullin (total pool: 1000)
2026-06-12 12:25:02,262 [INFO] Found 0 new trades to process (out of 111 total)
2026-06-12 12:25:02,262 [INFO] No new trades — nothing to execute
2026-06-12 12:30:02,309 [INFO] --- Checking trades for Markwayne Mullin ---
2026-06-12 12:30:02,867 [ERROR] Failed to fetch trades: 401 Client Error: Unauthorized for url: https://api.quiverquant.com/beta/live/congresstrading
2026-06-12 12:30:02,869 [INFO] No trades returned from QuiverQuant
2026-06-12 12:35:02,482 [INFO] --- Checking trades for Markwayne Mullin ---
2026-06-12 12:35:02,750 [ERROR] Failed to fetch trades: 401 Client Error: Unauthorized for url: https://api.quiverquant.com/beta/live/congresstrading
2026-06-12 12:35:02,751 [INFO] No trades returned from QuiverQuant
2026-06-12 12:40:02,043 [INFO] --- Checking trades for Markwayne Mullin ---
2026-06-12 12:40:02,463 [ERROR] Failed to fetch trades: 401 Client Error: Unauthorized for url: https://api.quiverquant.com/beta/live/congresstrading
2026-06-12 12:40:02,465 [INFO] No trades returned from QuiverQuant
2026-06-12 12:45:02,681 [INFO] --- Checking trades for Markwayne Mullin ---
2026-06-12 12:45:09,729 [INFO] Fetched 111 trades for Markwayne Mullin (total pool: 1000)
2026-06-12 12:45:09,732 [INFO] Found 0 new trades to process (out of 111 total)
2026-06-12 12:45:09,732 [INFO] No new trades — nothing to execute
2026-06-12 12:50:02,800 [INFO] --- Checking trades for Markwayne Mullin ---
2026-06-12 12:50:03,029 [ERROR] Failed to fetch trades: 401 Client Error: Unauthorized for url: https://api.quiverquant.com/beta/live/congresstrading
2026-06-12 12:50:03,031 [INFO] No trades returned from QuiverQuant
2026-06-12 12:55:02,116 [INFO] --- Checking trades for Markwayne Mullin ---
2026-06-12 12:55:02,412 [INFO] Fetched 111 trades for Markwayne Mullin (total pool: 1000)
2026-06-12 12:55:02,415 [INFO] Found 0 new trades to process (out of 111 total)
2026-06-12 12:55:02,415 [INFO] No new trades — nothing to execute
2026-06-12 13:00:02,626 [INFO] --- Checking trades for Markwayne Mullin ---
2026-06-12 13:00:04,859 [ERROR] Failed to fetch trades: 401 Client Error: Unauthorized for url: https://api.quiverquant.com/beta/live/congresstrading
2026-06-12 13:00:04,860 [INFO] No trades returned from QuiverQuant
2026-06-12 13:05:02,134 [INFO] --- Checking trades for Markwayne Mullin ---
2026-06-12 13:05:02,464 [INFO] Fetched 111 trades for Markwayne Mullin (total pool: 1000)
2026-06-12 13:05:02,469 [INFO] Found 0 new trades to process (out of 111 total)
2026-06-12 13:05:02,469 [INFO] No new trades — nothing to execute
2026-06-12 13:10:02,433 [INFO] --- Checking trades for Markwayne Mullin ---
2026-06-12 13:10:03,006 [ERROR] Failed to fetch trades: 401 Client Error: Unauthorized for url: https://api.quiverquant.com/beta/live/congresstrading
2026-06-12 13:10:03,007 [INFO] No trades returned from QuiverQuant
2026-06-12 13:15:02,268 [INFO] --- Checking trades for Markwayne Mullin ---
2026-06-12 13:15:02,595 [INFO] Fetched 111 trades for Markwayne Mullin (total pool: 1000)
2026-06-12 13:15:02,598 [INFO] Found 0 new trades to process (out of 111 total)
2026-06-12 13:15:02,598 [INFO] No new trades — nothing to execute
2026-06-12 13:20:02,919 [INFO] --- Checking trades for Markwayne Mullin ---
2026-06-12 13:20:04,193 [INFO] Fetched 111 trades for Markwayne Mullin (total pool: 1000)
2026-06-12 13:20:04,195 [INFO] Found 0 new trades to process (out of 111 total)
2026-06-12 13:20:04,195 [INFO] No new trades — nothing to execute
2026-06-12 13:25:02,935 [INFO] --- Checking trades for Markwayne Mullin ---
2026-06-12 13:25:03,113 [INFO] Fetched 111 trades for Markwayne Mullin (total pool: 1000)
2026-06-12 13:25:03,115 [INFO] Found 0 new trades to process (out of 111 total)
2026-06-12 13:25:03,116 [INFO] No new trades — nothing to execute
2026-06-12 13:30:02,069 [INFO] --- Checking trades for Markwayne Mullin ---
2026-06-12 13:30:02,475 [ERROR] Failed to fetch trades: 401 Client Error: Unauthorized for url: https://api.quiverquant.com/beta/live/congresstrading
2026-06-12 13:30:02,477 [INFO] No trades returned from QuiverQuant
2026-06-12 13:35:02,309 [INFO] --- Checking trades for Markwayne Mullin ---
2026-06-12 13:35:02,834 [INFO] Fetched 111 trades for Markwayne Mullin (total pool: 1000)
2026-06-12 13:35:02,836 [INFO] Found 0 new trades to process (out of 111 total)
2026-06-12 13:35:02,836 [INFO] No new trades — nothing to execute
2026-06-12 13:40:02,407 [INFO] --- Checking trades for Markwayne Mullin ---
2026-06-12 13:40:02,650 [INFO] Fetched 111 trades for Markwayne Mullin (total pool: 1000)
2026-06-12 13:40:02,654 [INFO] Found 0 new trades to process (out of 111 total)
2026-06-12 13:40:02,654 [INFO] No new trades — nothing to execute
2026-06-12 13:45:01,995 [INFO] --- Checking trades for Markwayne Mullin ---
2026-06-12 13:45:02,360 [INFO] Fetched 111 trades for Markwayne Mullin (total pool: 1000)
2026-06-12 13:45:02,363 [INFO] Found 0 new trades to process (out of 111 total)
2026-06-12 13:45:02,363 [INFO] No new trades — nothing to execute
2026-06-12 13:50:02,771 [INFO] --- Checking trades for Markwayne Mullin ---
2026-06-12 13:50:03,031 [INFO] Fetched 111 trades for Markwayne Mullin (total pool: 1000)
2026-06-12 13:50:03,033 [INFO] Found 0 new trades to process (out of 111 total)
2026-06-12 13:50:03,033 [INFO] No new trades — nothing to execute
2026-06-12 13:55:02,831 [INFO] --- Checking trades for Markwayne Mullin ---
2026-06-12 13:55:03,266 [ERROR] Failed to fetch trades: 401 Client Error: Unauthorized for url: https://api.quiverquant.com/beta/live/congresstrading
2026-06-12 13:55:03,267 [INFO] No trades returned from QuiverQuant
2026-06-12 14:00:02,787 [INFO] --- Checking trades for Markwayne Mullin ---
2026-06-12 14:00:03,016 [INFO] Fetched 111 trades for Markwayne Mullin (total pool: 1000)
2026-06-12 14:00:03,018 [INFO] Found 0 new trades to process (out of 111 total)
2026-06-12 14:00:03,018 [INFO] No new trades — nothing to execute
2026-06-12 14:05:02,761 [INFO] --- Checking trades for Markwayne Mullin ---
2026-06-12 14:05:03,053 [INFO] Fetched 111 trades for Markwayne Mullin (total pool: 1000)
2026-06-12 14:05:03,057 [INFO] Found 0 new trades to process (out of 111 total)
2026-06-12 14:05:03,057 [INFO] No new trades — nothing to execute
2026-06-12 14:10:02,226 [INFO] --- Checking trades for Markwayne Mullin ---
2026-06-12 14:10:02,512 [INFO] Fetched 111 trades for Markwayne Mullin (total pool: 1000)
2026-06-12 14:10:02,515 [INFO] Found 0 new trades to process (out of 111 total)
2026-06-12 14:10:02,515 [INFO] No new trades — nothing to execute
2026-06-12 14:15:02,943 [INFO] --- Checking trades for Markwayne Mullin ---
2026-06-12 14:15:03,512 [ERROR] Failed to fetch trades: 401 Client Error: Unauthorized for url: https://api.quiverquant.com/beta/live/congresstrading
2026-06-12 14:15:03,514 [INFO] No trades returned from QuiverQuant
2026-06-12 14:20:02,604 [INFO] --- Checking trades for Markwayne Mullin ---
2026-06-12 14:20:02,824 [INFO] Fetched 111 trades for Markwayne Mullin (total pool: 1000)
2026-06-12 14:20:02,827 [INFO] Found 0 new trades to process (out of 111 total)
2026-06-12 14:20:02,828 [INFO] No new trades — nothing to execute
2026-06-12 14:25:02,716 [INFO] --- Checking trades for Markwayne Mullin ---
2026-06-12 14:25:03,070 [INFO] Fetched 111 trades for Markwayne Mullin (total pool: 1000)
2026-06-12 14:25:03,072 [INFO] Found 0 new trades to process (out of 111 total)
2026-06-12 14:25:03,072 [INFO] No new trades — nothing to execute
2026-06-12 14:30:02,780 [INFO] --- Checking trades for Markwayne Mullin ---
2026-06-12 14:30:03,012 [INFO] Fetched 111 trades for Markwayne Mullin (total pool: 1000)
2026-06-12 14:30:03,015 [INFO] Found 0 new trades to process (out of 111 total)
2026-06-12 14:30:03,015 [INFO] No new trades — nothing to execute
2026-06-12 14:35:02,839 [INFO] --- Checking trades for Markwayne Mullin ---
2026-06-12 14:35:03,138 [INFO] Fetched 111 trades for Markwayne Mullin (total pool: 1000)
2026-06-12 14:35:03,141 [INFO] Found 0 new trades to process (out of 111 total)
2026-06-12 14:35:03,141 [INFO] No new trades — nothing to execute
2026-06-12 14:40:02,791 [INFO] --- Checking trades for Markwayne Mullin ---
2026-06-12 14:40:03,092 [INFO] Fetched 111 trades for Markwayne Mullin (total pool: 1000)
2026-06-12 14:40:03,094 [INFO] Found 0 new trades to process (out of 111 total)
2026-06-12 14:40:03,094 [INFO] No new trades — nothing to execute
2026-06-12 14:45:02,947 [INFO] --- Checking trades for Markwayne Mullin ---
2026-06-12 14:45:03,379 [ERROR] Failed to fetch trades: 401 Client Error: Unauthorized for url: https://api.quiverquant.com/beta/live/congresstrading
2026-06-12 14:45:03,382 [INFO] No trades returned from QuiverQuant
2026-06-12 14:50:02,828 [INFO] --- Checking trades for Markwayne Mullin ---
2026-06-12 14:50:03,230 [INFO] Fetched 111 trades for Markwayne Mullin (total pool: 1000)
2026-06-12 14:50:03,233 [INFO] Found 0 new trades to process (out of 111 total)
2026-06-12 14:50:03,233 [INFO] No new trades — nothing to execute
2026-06-12 14:55:02,584 [INFO] --- Checking trades for Markwayne Mullin ---
2026-06-12 14:55:02,896 [INFO] Fetched 111 trades for Markwayne Mullin (total pool: 1000)
2026-06-12 14:55:02,898 [INFO] Found 0 new trades to process (out of 111 total)
2026-06-12 14:55:02,898 [INFO] No new trades — nothing to execute
2026-06-12 15:00:02,264 [INFO] --- Checking trades for Markwayne Mullin ---
2026-06-12 15:00:02,533 [INFO] Fetched 111 trades for Markwayne Mullin (total pool: 1000)
2026-06-12 15:00:02,535 [INFO] Found 0 new trades to process (out of 111 total)
2026-06-12 15:00:02,536 [INFO] No new trades — nothing to execute
2026-06-12 15:05:02,975 [INFO] --- Checking trades for Markwayne Mullin ---
2026-06-12 15:05:03,237 [INFO] Fetched 111 trades for Markwayne Mullin (total pool: 1000)
2026-06-12 15:05:03,240 [INFO] Found 0 new trades to process (out of 111 total)
2026-06-12 15:05:03,240 [INFO] No new trades — nothing to execute
2026-06-12 15:10:02,838 [INFO] --- Checking trades for Markwayne Mullin ---
2026-06-12 15:10:03,027 [INFO] Fetched 111 trades for Markwayne Mullin (total pool: 1000)
2026-06-12 15:10:03,030 [INFO] Found 0 new trades to process (out of 111 total)
2026-06-12 15:10:03,030 [INFO] No new trades — nothing to execute
2026-06-12 15:15:02,484 [INFO] --- Checking trades for Markwayne Mullin ---
2026-06-12 15:15:02,772 [INFO] Fetched 111 trades for Markwayne Mullin (total pool: 1000)
2026-06-12 15:15:02,776 [INFO] Found 0 new trades to process (out of 111 total)
2026-06-12 15:15:02,776 [INFO] No new trades — nothing to execute
2026-06-12 15:20:02,184 [INFO] --- Checking trades for Markwayne Mullin ---
2026-06-12 15:20:02,519 [INFO] Fetched 111 trades for Markwayne Mullin (total pool: 1000)
2026-06-12 15:20:02,522 [INFO] Found 0 new trades to process (out of 111 total)
2026-06-12 15:20:02,522 [INFO] No new trades — nothing to execute
2026-06-12 15:25:02,162 [INFO] --- Checking trades for Markwayne Mullin ---
2026-06-12 15:25:02,451 [INFO] Fetched 111 trades for Markwayne Mullin (total pool: 1000)
2026-06-12 15:25:02,454 [INFO] Found 0 new trades to process (out of 111 total)
2026-06-12 15:25:02,454 [INFO] No new trades — nothing to execute
2026-06-12 15:30:02,903 [INFO] --- Checking trades for Markwayne Mullin ---
2026-06-12 15:30:03,758 [ERROR] Failed to fetch trades: 401 Client Error: Unauthorized for url: https://api.quiverquant.com/beta/live/congresstrading
2026-06-12 15:30:03,760 [INFO] No trades returned from QuiverQuant
2026-06-12 15:35:02,406 [INFO] --- Checking trades for Markwayne Mullin ---
2026-06-12 15:35:02,699 [INFO] Fetched 111 trades for Markwayne Mullin (total pool: 1000)
2026-06-12 15:35:02,701 [INFO] Found 0 new trades to process (out of 111 total)
2026-06-12 15:35:02,702 [INFO] No new trades — nothing to execute
2026-06-12 15:40:02,762 [INFO] --- Checking trades for Markwayne Mullin ---
2026-06-12 15:40:03,113 [INFO] Fetched 111 trades for Markwayne Mullin (total pool: 1000)
2026-06-12 15:40:03,116 [INFO] Found 0 new trades to process (out of 111 total)
2026-06-12 15:40:03,116 [INFO] No new trades — nothing to execute
2026-06-12 15:45:02,198 [INFO] --- Checking trades for Markwayne Mullin ---
2026-06-12 15:45:02,491 [INFO] Fetched 111 trades for Markwayne Mullin (total pool: 1000)
2026-06-12 15:45:02,493 [INFO] Found 0 new trades to process (out of 111 total)
2026-06-12 15:45:02,494 [INFO] No new trades — nothing to execute
2026-06-12 15:50:02,159 [INFO] --- Checking trades for Markwayne Mullin ---
2026-06-12 15:50:02,428 [INFO] Fetched 111 trades for Markwayne Mullin (total pool: 1000)
2026-06-12 15:50:02,431 [INFO] Found 0 new trades to process (out of 111 total)
2026-06-12 15:50:02,431 [INFO] No new trades — nothing to execute
2026-06-12 15:55:02,626 [INFO] --- Checking trades for Markwayne Mullin ---
2026-06-12 15:55:02,894 [ERROR] Failed to fetch trades: 401 Client Error: Unauthorized for url: https://api.quiverquant.com/beta/live/congresstrading
2026-06-12 15:55:02,896 [INFO] No trades returned from QuiverQuant
2026-06-15 08:00:02,449 [INFO] --- Checking trades for Markwayne Mullin ---
2026-06-15 08:00:03,075 [INFO] Fetched 111 trades for Markwayne Mullin (total pool: 1000)
2026-06-15 08:00:03,077 [INFO] Found 0 new trades to process (out of 111 total)
2026-06-15 08:00:03,077 [INFO] No new trades — nothing to execute
2026-06-15 08:05:02,726 [INFO] --- Checking trades for Markwayne Mullin ---
2026-06-15 08:05:03,017 [INFO] Fetched 111 trades for Markwayne Mullin (total pool: 1000)
2026-06-15 08:05:03,021 [INFO] Found 0 new trades to process (out of 111 total)
2026-06-15 08:05:03,021 [INFO] No new trades — nothing to execute
2026-06-15 08:10:02,347 [INFO] --- Checking trades for Markwayne Mullin ---
2026-06-15 08:10:02,646 [INFO] Fetched 111 trades for Markwayne Mullin (total pool: 1000)
2026-06-15 08:10:02,648 [INFO] Found 0 new trades to process (out of 111 total)
2026-06-15 08:10:02,648 [INFO] No new trades — nothing to execute
2026-06-15 08:15:02,066 [INFO] --- Checking trades for Markwayne Mullin ---
2026-06-15 08:15:02,508 [INFO] Fetched 111 trades for Markwayne Mullin (total pool: 1000)
2026-06-15 08:15:02,511 [INFO] Found 0 new trades to process (out of 111 total)
2026-06-15 08:15:02,511 [INFO] No new trades — nothing to execute
2026-06-15 08:20:02,265 [INFO] --- Checking trades for Markwayne Mullin ---
2026-06-15 08:20:02,500 [INFO] Fetched 111 trades for Markwayne Mullin (total pool: 1000)
2026-06-15 08:20:02,502 [INFO] Found 0 new trades to process (out of 111 total)
2026-06-15 08:20:02,502 [INFO] No new trades — nothing to execute
2026-06-15 08:25:02,584 [INFO] --- Checking trades for Markwayne Mullin ---
2026-06-15 08:25:02,782 [INFO] Fetched 111 trades for Markwayne Mullin (total pool: 1000)
2026-06-15 08:25:02,784 [INFO] Found 0 new trades to process (out of 111 total)
2026-06-15 08:25:02,784 [INFO] No new trades — nothing to execute
2026-06-15 08:30:02,876 [INFO] --- Checking trades for Markwayne Mullin ---
2026-06-15 08:30:03,478 [INFO] Fetched 111 trades for Markwayne Mullin (total pool: 1000)
2026-06-15 08:30:03,480 [INFO] Found 0 new trades to process (out of 111 total)
2026-06-15 08:30:03,481 [INFO] No new trades — nothing to execute
2026-06-15 08:35:02,766 [INFO] --- Checking trades for Markwayne Mullin ---
2026-06-15 08:35:03,017 [INFO] Fetched 111 trades for Markwayne Mullin (total pool: 1000)
2026-06-15 08:35:03,019 [INFO] Found 0 new trades to process (out of 111 total)
2026-06-15 08:35:03,019 [INFO] No new trades — nothing to execute
2026-06-15 08:40:02,455 [INFO] --- Checking trades for Markwayne Mullin ---
2026-06-15 08:40:02,804 [ERROR] Failed to fetch trades: 401 Client Error: Unauthorized for url: https://api.quiverquant.com/beta/live/congresstrading
2026-06-15 08:40:02,806 [INFO] No trades returned from QuiverQuant
2026-06-15 08:45:02,739 [INFO] --- Checking trades for Markwayne Mullin ---
2026-06-15 08:45:03,073 [INFO] Fetched 111 trades for Markwayne Mullin (total pool: 1000)
2026-06-15 08:45:03,076 [INFO] Found 0 new trades to process (out of 111 total)
2026-06-15 08:45:03,076 [INFO] No new trades — nothing to execute
2026-06-15 08:50:02,494 [INFO] --- Checking trades for Markwayne Mullin ---
2026-06-15 08:50:02,758 [INFO] Fetched 111 trades for Markwayne Mullin (total pool: 1000)
2026-06-15 08:50:02,762 [INFO] Found 0 new trades to process (out of 111 total)
2026-06-15 08:50:02,762 [INFO] No new trades — nothing to execute
2026-06-15 08:55:02,827 [INFO] --- Checking trades for Markwayne Mullin ---
2026-06-15 08:55:03,168 [INFO] Fetched 111 trades for Markwayne Mullin (total pool: 1000)
2026-06-15 08:55:03,171 [INFO] Found 0 new trades to process (out of 111 total)
2026-06-15 08:55:03,171 [INFO] No new trades — nothing to execute
2026-06-15 09:00:02,879 [INFO] --- Checking trades for Markwayne Mullin ---
2026-06-15 09:00:03,253 [INFO] Fetched 111 trades for Markwayne Mullin (total pool: 1000)
2026-06-15 09:00:03,255 [INFO] Found 0 new trades to process (out of 111 total)
2026-06-15 09:00:03,255 [INFO] No new trades — nothing to execute
2026-06-15 09:05:02,397 [INFO] --- Checking trades for Markwayne Mullin ---
2026-06-15 09:05:02,702 [INFO] Fetched 111 trades for Markwayne Mullin (total pool: 1000)
2026-06-15 09:05:02,706 [INFO] Found 0 new trades to process (out of 111 total)
2026-06-15 09:05:02,706 [INFO] No new trades — nothing to execute
2026-06-15 09:10:02,590 [INFO] --- Checking trades for Markwayne Mullin ---
2026-06-15 09:10:02,874 [INFO] Fetched 111 trades for Markwayne Mullin (total pool: 1000)
2026-06-15 09:10:02,877 [INFO] Found 0 new trades to process (out of 111 total)
2026-06-15 09:10:02,877 [INFO] No new trades — nothing to execute
2026-06-15 09:15:02,557 [INFO] --- Checking trades for Markwayne Mullin ---
2026-06-15 09:15:02,919 [INFO] Fetched 111 trades for Markwayne Mullin (total pool: 1000)
2026-06-15 09:15:02,922 [INFO] Found 0 new trades to process (out of 111 total)
2026-06-15 09:15:02,922 [INFO] No new trades — nothing to execute
2026-06-15 09:20:02,440 [INFO] --- Checking trades for Markwayne Mullin ---
2026-06-15 09:20:02,734 [INFO] Fetched 111 trades for Markwayne Mullin (total pool: 1000)
2026-06-15 09:20:02,737 [INFO] Found 0 new trades to process (out of 111 total)
2026-06-15 09:20:02,737 [INFO] No new trades — nothing to execute
2026-06-15 09:25:02,648 [INFO] --- Checking trades for Markwayne Mullin ---
2026-06-15 09:25:03,018 [ERROR] Failed to fetch trades: 401 Client Error: Unauthorized for url: https://api.quiverquant.com/beta/live/congresstrading
2026-06-15 09:25:03,020 [INFO] No trades returned from QuiverQuant
2026-06-15 09:30:02,313 [INFO] --- Checking trades for Markwayne Mullin ---
2026-06-15 09:30:02,626 [INFO] Fetched 111 trades for Markwayne Mullin (total pool: 1000)
2026-06-15 09:30:02,629 [INFO] Found 0 new trades to process (out of 111 total)
2026-06-15 09:30:02,629 [INFO] No new trades — nothing to execute
2026-06-15 09:35:02,335 [INFO] --- Checking trades for Markwayne Mullin ---
2026-06-15 09:35:02,585 [INFO] Fetched 111 trades for Markwayne Mullin (total pool: 1000)
2026-06-15 09:35:02,587 [INFO] Found 0 new trades to process (out of 111 total)
2026-06-15 09:35:02,587 [INFO] No new trades — nothing to execute
2026-06-15 09:40:02,389 [INFO] --- Checking trades for Markwayne Mullin ---
2026-06-15 09:40:02,715 [ERROR] Failed to fetch trades: 401 Client Error: Unauthorized for url: https://api.quiverquant.com/beta/live/congresstrading
2026-06-15 09:40:02,716 [INFO] No trades returned from QuiverQuant
2026-06-15 09:45:02,849 [INFO] --- Checking trades for Markwayne Mullin ---
2026-06-15 09:45:03,135 [INFO] Fetched 111 trades for Markwayne Mullin (total pool: 1000)
2026-06-15 09:45:03,138 [INFO] Found 0 new trades to process (out of 111 total)
2026-06-15 09:45:03,139 [INFO] No new trades — nothing to execute
2026-06-15 09:50:03,042 [INFO] --- Checking trades for Markwayne Mullin ---
2026-06-15 09:50:03,375 [INFO] Fetched 111 trades for Markwayne Mullin (total pool: 1000)
2026-06-15 09:50:03,378 [INFO] Found 0 new trades to process (out of 111 total)
2026-06-15 09:50:03,378 [INFO] No new trades — nothing to execute
2026-06-15 09:55:02,544 [INFO] --- Checking trades for Markwayne Mullin ---
2026-06-15 09:55:02,736 [INFO] Fetched 111 trades for Markwayne Mullin (total pool: 1000)
2026-06-15 09:55:02,739 [INFO] Found 0 new trades to process (out of 111 total)
2026-06-15 09:55:02,739 [INFO] No new trades — nothing to execute
2026-06-15 10:00:02,681 [INFO] --- Checking trades for Markwayne Mullin ---
2026-06-15 10:00:02,993 [INFO] Fetched 111 trades for Markwayne Mullin (total pool: 1000)
2026-06-15 10:00:02,995 [INFO] Found 0 new trades to process (out of 111 total)
2026-06-15 10:00:02,996 [INFO] No new trades — nothing to execute
2026-06-15 10:05:02,350 [INFO] --- Checking trades for Markwayne Mullin ---
2026-06-15 10:05:03,731 [ERROR] Failed to fetch trades: 401 Client Error: Unauthorized for url: https://api.quiverquant.com/beta/live/congresstrading
2026-06-15 10:05:03,733 [INFO] No trades returned from QuiverQuant
2026-06-15 10:10:02,593 [INFO] --- Checking trades for Markwayne Mullin ---
2026-06-15 10:10:02,872 [INFO] Fetched 111 trades for Markwayne Mullin (total pool: 1000)
2026-06-15 10:10:02,874 [INFO] Found 0 new trades to process (out of 111 total)
2026-06-15 10:10:02,875 [INFO] No new trades — nothing to execute
2026-06-15 10:15:02,706 [INFO] --- Checking trades for Markwayne Mullin ---
2026-06-15 10:15:02,924 [INFO] Fetched 111 trades for Markwayne Mullin (total pool: 1000)
2026-06-15 10:15:02,928 [INFO] Found 0 new trades to process (out of 111 total)
2026-06-15 10:15:02,928 [INFO] No new trades — nothing to execute
2026-06-15 10:20:02,320 [INFO] --- Checking trades for Markwayne Mullin ---
2026-06-15 10:20:02,560 [INFO] Fetched 111 trades for Markwayne Mullin (total pool: 1000)
2026-06-15 10:20:02,563 [INFO] Found 0 new trades to process (out of 111 total)
2026-06-15 10:20:02,563 [INFO] No new trades — nothing to execute
2026-06-15 10:25:02,932 [INFO] --- Checking trades for Markwayne Mullin ---
2026-06-15 10:25:03,281 [INFO] Fetched 111 trades for Markwayne Mullin (total pool: 1000)
2026-06-15 10:25:03,283 [INFO] Found 0 new trades to process (out of 111 total)
2026-06-15 10:25:03,283 [INFO] No new trades — nothing to execute
2026-06-15 10:30:02,509 [INFO] --- Checking trades for Markwayne Mullin ---
2026-06-15 10:30:02,751 [INFO] Fetched 111 trades for Markwayne Mullin (total pool: 1000)
2026-06-15 10:30:02,755 [INFO] Found 0 new trades to process (out of 111 total)
2026-06-15 10:30:02,755 [INFO] No new trades — nothing to execute
2026-06-15 10:35:02,145 [INFO] --- Checking trades for Markwayne Mullin ---
2026-06-15 10:35:03,505 [INFO] Fetched 111 trades for Markwayne Mullin (total pool: 1000)
2026-06-15 10:35:03,507 [INFO] Found 0 new trades to process (out of 111 total)
2026-06-15 10:35:03,507 [INFO] No new trades — nothing to execute
2026-06-15 10:40:02,513 [INFO] --- Checking trades for Markwayne Mullin ---
2026-06-15 10:40:02,811 [ERROR] Failed to fetch trades: 401 Client Error: Unauthorized for url: https://api.quiverquant.com/beta/live/congresstrading
2026-06-15 10:40:02,812 [INFO] No trades returned from QuiverQuant
2026-06-15 10:45:02,495 [INFO] --- Checking trades for Markwayne Mullin ---
2026-06-15 10:45:02,826 [ERROR] Failed to fetch trades: 401 Client Error: Unauthorized for url: https://api.quiverquant.com/beta/live/congresstrading
2026-06-15 10:45:02,828 [INFO] No trades returned from QuiverQuant
2026-06-15 10:50:02,498 [INFO] --- Checking trades for Markwayne Mullin ---
2026-06-15 10:50:02,822 [INFO] Fetched 111 trades for Markwayne Mullin (total pool: 1000)
2026-06-15 10:50:02,825 [INFO] Found 0 new trades to process (out of 111 total)
2026-06-15 10:50:02,825 [INFO] No new trades — nothing to execute
2026-06-15 10:55:02,534 [INFO] --- Checking trades for Markwayne Mullin ---
2026-06-15 10:55:02,869 [ERROR] Failed to fetch trades: 401 Client Error: Unauthorized for url: https://api.quiverquant.com/beta/live/congresstrading
2026-06-15 10:55:02,870 [INFO] No trades returned from QuiverQuant
2026-06-15 11:00:02,310 [INFO] --- Checking trades for Markwayne Mullin ---
2026-06-15 11:00:04,342 [INFO] Fetched 111 trades for Markwayne Mullin (total pool: 1000)
2026-06-15 11:00:04,345 [INFO] Found 0 new trades to process (out of 111 total)
2026-06-15 11:00:04,345 [INFO] No new trades — nothing to execute
2026-06-15 11:05:02,865 [INFO] --- Checking trades for Markwayne Mullin ---
2026-06-15 11:05:03,165 [INFO] Fetched 111 trades for Markwayne Mullin (total pool: 1000)
2026-06-15 11:05:03,168 [INFO] Found 0 new trades to process (out of 111 total)
2026-06-15 11:05:03,168 [INFO] No new trades — nothing to execute
2026-06-15 11:10:02,734 [INFO] --- Checking trades for Markwayne Mullin ---
2026-06-15 11:10:03,955 [ERROR] Failed to fetch trades: 401 Client Error: Unauthorized for url: https://api.quiverquant.com/beta/live/congresstrading
2026-06-15 11:10:03,957 [INFO] No trades returned from QuiverQuant
2026-06-15 11:15:02,741 [INFO] --- Checking trades for Markwayne Mullin ---
2026-06-15 11:15:03,060 [INFO] Fetched 111 trades for Markwayne Mullin (total pool: 1000)
2026-06-15 11:15:03,063 [INFO] Found 0 new trades to process (out of 111 total)
2026-06-15 11:15:03,063 [INFO] No new trades — nothing to execute
2026-06-15 11:20:02,669 [INFO] --- Checking trades for Markwayne Mullin ---
2026-06-15 11:20:03,110 [INFO] Fetched 111 trades for Markwayne Mullin (total pool: 1000)
2026-06-15 11:20:03,113 [INFO] Found 0 new trades to process (out of 111 total)
2026-06-15 11:20:03,113 [INFO] No new trades — nothing to execute
2026-06-15 11:25:02,813 [INFO] --- Checking trades for Markwayne Mullin ---
2026-06-15 11:25:03,100 [INFO] Fetched 111 trades for Markwayne Mullin (total pool: 1000)
2026-06-15 11:25:03,103 [INFO] Found 0 new trades to process (out of 111 total)
2026-06-15 11:25:03,103 [INFO] No new trades — nothing to execute
2026-06-15 11:30:02,796 [INFO] --- Checking trades for Markwayne Mullin ---
2026-06-15 11:30:03,073 [INFO] Fetched 111 trades for Markwayne Mullin (total pool: 1000)
2026-06-15 11:30:03,076 [INFO] Found 0 new trades to process (out of 111 total)
2026-06-15 11:30:03,076 [INFO] No new trades — nothing to execute
2026-06-15 11:35:02,073 [INFO] --- Checking trades for Markwayne Mullin ---
2026-06-15 11:35:02,352 [ERROR] Failed to fetch trades: 401 Client Error: Unauthorized for url: https://api.quiverquant.com/beta/live/congresstrading
2026-06-15 11:35:02,354 [INFO] No trades returned from QuiverQuant
2026-06-15 11:40:02,785 [INFO] --- Checking trades for Markwayne Mullin ---
2026-06-15 11:40:03,029 [INFO] Fetched 111 trades for Markwayne Mullin (total pool: 1000)
2026-06-15 11:40:03,033 [INFO] Found 0 new trades to process (out of 111 total)
2026-06-15 11:40:03,033 [INFO] No new trades — nothing to execute
2026-06-15 11:45:02,437 [INFO] --- Checking trades for Markwayne Mullin ---
2026-06-15 11:45:02,766 [INFO] Fetched 111 trades for Markwayne Mullin (total pool: 1000)
2026-06-15 11:45:02,769 [INFO] Found 0 new trades to process (out of 111 total)
2026-06-15 11:45:02,769 [INFO] No new trades — nothing to execute
2026-06-15 11:50:02,642 [INFO] --- Checking trades for Markwayne Mullin ---
2026-06-15 11:50:02,959 [INFO] Fetched 111 trades for Markwayne Mullin (total pool: 1000)
2026-06-15 11:50:02,962 [INFO] Found 0 new trades to process (out of 111 total)
2026-06-15 11:50:02,962 [INFO] No new trades — nothing to execute
2026-06-15 11:55:02,512 [INFO] --- Checking trades for Markwayne Mullin ---
2026-06-15 11:55:02,812 [ERROR] Failed to fetch trades: 401 Client Error: Unauthorized for url: https://api.quiverquant.com/beta/live/congresstrading
2026-06-15 11:55:02,814 [INFO] No trades returned from QuiverQuant
2026-06-15 12:00:02,267 [INFO] --- Checking trades for Markwayne Mullin ---
2026-06-15 12:00:02,634 [INFO] Fetched 111 trades for Markwayne Mullin (total pool: 1000)
2026-06-15 12:00:02,637 [INFO] Found 0 new trades to process (out of 111 total)
2026-06-15 12:00:02,637 [INFO] No new trades — nothing to execute
2026-06-15 12:05:02,632 [INFO] --- Checking trades for Markwayne Mullin ---
2026-06-15 12:05:02,925 [ERROR] Failed to fetch trades: 401 Client Error: Unauthorized for url: https://api.quiverquant.com/beta/live/congresstrading
2026-06-15 12:05:02,926 [INFO] No trades returned from QuiverQuant
2026-06-15 12:10:02,641 [INFO] --- Checking trades for Markwayne Mullin ---
2026-06-15 12:10:02,969 [INFO] Fetched 111 trades for Markwayne Mullin (total pool: 1000)
2026-06-15 12:10:02,971 [INFO] Found 0 new trades to process (out of 111 total)
2026-06-15 12:10:02,972 [INFO] No new trades — nothing to execute
2026-06-15 12:15:02,278 [INFO] --- Checking trades for Markwayne Mullin ---
2026-06-15 12:15:02,764 [ERROR] Failed to fetch trades: 401 Client Error: Unauthorized for url: https://api.quiverquant.com/beta/live/congresstrading
2026-06-15 12:15:02,765 [INFO] No trades returned from QuiverQuant
2026-06-15 12:20:02,052 [INFO] --- Checking trades for Markwayne Mullin ---
2026-06-15 12:20:02,324 [ERROR] Failed to fetch trades: 401 Client Error: Unauthorized for url: https://api.quiverquant.com/beta/live/congresstrading
2026-06-15 12:20:02,325 [INFO] No trades returned from QuiverQuant
2026-06-15 12:25:02,290 [INFO] --- Checking trades for Markwayne Mullin ---
2026-06-15 12:25:02,640 [INFO] Fetched 111 trades for Markwayne Mullin (total pool: 1000)
2026-06-15 12:25:02,642 [INFO] Found 0 new trades to process (out of 111 total)
2026-06-15 12:25:02,642 [INFO] No new trades — nothing to execute
2026-06-15 12:30:02,750 [INFO] --- Checking trades for Markwayne Mullin ---
2026-06-15 12:30:03,227 [INFO] Fetched 111 trades for Markwayne Mullin (total pool: 1000)
2026-06-15 12:30:03,231 [INFO] Found 0 new trades to process (out of 111 total)
2026-06-15 12:30:03,231 [INFO] No new trades — nothing to execute
2026-06-15 12:35:02,429 [INFO] --- Checking trades for Markwayne Mullin ---
2026-06-15 12:35:02,704 [INFO] Fetched 111 trades for Markwayne Mullin (total pool: 1000)
2026-06-15 12:35:02,707 [INFO] Found 0 new trades to process (out of 111 total)
2026-06-15 12:35:02,707 [INFO] No new trades — nothing to execute
2026-06-15 12:40:02,455 [INFO] --- Checking trades for Markwayne Mullin ---
2026-06-15 12:40:02,746 [INFO] Fetched 111 trades for Markwayne Mullin (total pool: 1000)
2026-06-15 12:40:02,749 [INFO] Found 0 new trades to process (out of 111 total)
2026-06-15 12:40:02,749 [INFO] No new trades — nothing to execute
2026-06-15 12:45:02,606 [INFO] --- Checking trades for Markwayne Mullin ---
2026-06-15 12:45:02,857 [INFO] Fetched 111 trades for Markwayne Mullin (total pool: 1000)
2026-06-15 12:45:02,861 [INFO] Found 0 new trades to process (out of 111 total)
2026-06-15 12:45:02,861 [INFO] No new trades — nothing to execute
2026-06-15 12:50:02,918 [INFO] --- Checking trades for Markwayne Mullin ---
2026-06-15 12:50:03,203 [INFO] Fetched 111 trades for Markwayne Mullin (total pool: 1000)
2026-06-15 12:50:03,206 [INFO] Found 0 new trades to process (out of 111 total)
2026-06-15 12:50:03,206 [INFO] No new trades — nothing to execute
2026-06-15 12:55:02,210 [INFO] --- Checking trades for Markwayne Mullin ---
2026-06-15 12:55:02,458 [INFO] Fetched 111 trades for Markwayne Mullin (total pool: 1000)
2026-06-15 12:55:02,461 [INFO] Found 0 new trades to process (out of 111 total)
2026-06-15 12:55:02,461 [INFO] No new trades — nothing to execute
2026-06-15 13:00:02,136 [INFO] --- Checking trades for Markwayne Mullin ---
2026-06-15 13:00:03,269 [ERROR] Failed to fetch trades: 401 Client Error: Unauthorized for url: https://api.quiverquant.com/beta/live/congresstrading
2026-06-15 13:00:03,271 [INFO] No trades returned from QuiverQuant
2026-06-15 13:05:02,509 [INFO] --- Checking trades for Markwayne Mullin ---
2026-06-15 13:05:02,964 [INFO] Fetched 111 trades for Markwayne Mullin (total pool: 1000)
2026-06-15 13:05:02,967 [INFO] Found 0 new trades to process (out of 111 total)
2026-06-15 13:05:02,967 [INFO] No new trades — nothing to execute
2026-06-15 13:10:02,111 [INFO] --- Checking trades for Markwayne Mullin ---
2026-06-15 13:10:02,566 [INFO] Fetched 111 trades for Markwayne Mullin (total pool: 1000)
2026-06-15 13:10:02,568 [INFO] Found 0 new trades to process (out of 111 total)
2026-06-15 13:10:02,568 [INFO] No new trades — nothing to execute
2026-06-15 13:15:02,376 [INFO] --- Checking trades for Markwayne Mullin ---
2026-06-15 13:15:02,852 [INFO] Fetched 111 trades for Markwayne Mullin (total pool: 1000)
2026-06-15 13:15:02,855 [INFO] Found 0 new trades to process (out of 111 total)
2026-06-15 13:15:02,855 [INFO] No new trades — nothing to execute
2026-06-15 13:20:02,189 [INFO] --- Checking trades for Markwayne Mullin ---
2026-06-15 13:20:02,539 [ERROR] Failed to fetch trades: 401 Client Error: Unauthorized for url: https://api.quiverquant.com/beta/live/congresstrading
2026-06-15 13:20:02,542 [INFO] No trades returned from QuiverQuant
2026-06-15 13:25:02,421 [INFO] --- Checking trades for Markwayne Mullin ---
2026-06-15 13:25:02,949 [INFO] Fetched 111 trades for Markwayne Mullin (total pool: 1000)
2026-06-15 13:25:02,951 [INFO] Found 0 new trades to process (out of 111 total)
2026-06-15 13:25:02,951 [INFO] No new trades — nothing to execute
2026-06-15 13:30:02,178 [INFO] --- Checking trades for Markwayne Mullin ---
2026-06-15 13:30:02,472 [INFO] Fetched 111 trades for Markwayne Mullin (total pool: 1000)
2026-06-15 13:30:02,475 [INFO] Found 0 new trades to process (out of 111 total)
2026-06-15 13:30:02,475 [INFO] No new trades — nothing to execute
2026-06-15 13:35:02,043 [INFO] --- Checking trades for Markwayne Mullin ---
2026-06-15 13:35:03,374 [INFO] Fetched 111 trades for Markwayne Mullin (total pool: 1000)
2026-06-15 13:35:03,376 [INFO] Found 0 new trades to process (out of 111 total)
2026-06-15 13:35:03,376 [INFO] No new trades — nothing to execute
2026-06-15 13:40:02,682 [INFO] --- Checking trades for Markwayne Mullin ---
2026-06-15 13:40:02,964 [ERROR] Failed to fetch trades: 401 Client Error: Unauthorized for url: https://api.quiverquant.com/beta/live/congresstrading
2026-06-15 13:40:02,966 [INFO] No trades returned from QuiverQuant
2026-06-15 13:45:02,559 [INFO] --- Checking trades for Markwayne Mullin ---
2026-06-15 13:45:02,824 [ERROR] Failed to fetch trades: 401 Client Error: Unauthorized for url: https://api.quiverquant.com/beta/live/congresstrading
2026-06-15 13:45:02,826 [INFO] No trades returned from QuiverQuant
2026-06-15 13:50:02,996 [INFO] --- Checking trades for Markwayne Mullin ---
2026-06-15 13:50:03,499 [INFO] Fetched 111 trades for Markwayne Mullin (total pool: 1000)
2026-06-15 13:50:03,502 [INFO] Found 0 new trades to process (out of 111 total)
2026-06-15 13:50:03,502 [INFO] No new trades — nothing to execute
2026-06-15 13:55:02,699 [INFO] --- Checking trades for Markwayne Mullin ---
2026-06-15 13:55:02,956 [ERROR] Failed to fetch trades: 401 Client Error: Unauthorized for url: https://api.quiverquant.com/beta/live/congresstrading
2026-06-15 13:55:02,957 [INFO] No trades returned from QuiverQuant
2026-06-15 14:00:03,004 [INFO] --- Checking trades for Markwayne Mullin ---
2026-06-15 14:00:03,260 [INFO] Fetched 111 trades for Markwayne Mullin (total pool: 1000)
2026-06-15 14:00:03,263 [INFO] Found 0 new trades to process (out of 111 total)
2026-06-15 14:00:03,263 [INFO] No new trades — nothing to execute
2026-06-15 14:05:02,961 [INFO] --- Checking trades for Markwayne Mullin ---
2026-06-15 14:05:03,496 [INFO] Fetched 111 trades for Markwayne Mullin (total pool: 1000)
2026-06-15 14:05:03,498 [INFO] Found 0 new trades to process (out of 111 total)
2026-06-15 14:05:03,499 [INFO] No new trades — nothing to execute
2026-06-15 14:10:02,315 [INFO] --- Checking trades for Markwayne Mullin ---
2026-06-15 14:10:02,694 [ERROR] Failed to fetch trades: 401 Client Error: Unauthorized for url: https://api.quiverquant.com/beta/live/congresstrading
2026-06-15 14:10:02,695 [INFO] No trades returned from QuiverQuant
2026-06-15 14:15:02,177 [INFO] --- Checking trades for Markwayne Mullin ---
2026-06-15 14:15:02,426 [INFO] Fetched 111 trades for Markwayne Mullin (total pool: 1000)
2026-06-15 14:15:02,429 [INFO] Found 0 new trades to process (out of 111 total)
2026-06-15 14:15:02,429 [INFO] No new trades — nothing to execute
2026-06-15 14:20:02,880 [INFO] --- Checking trades for Markwayne Mullin ---
2026-06-15 14:20:03,157 [INFO] Fetched 111 trades for Markwayne Mullin (total pool: 1000)
2026-06-15 14:20:03,159 [INFO] Found 0 new trades to process (out of 111 total)
2026-06-15 14:20:03,159 [INFO] No new trades — nothing to execute
2026-06-15 14:25:02,328 [INFO] --- Checking trades for Markwayne Mullin ---
2026-06-15 14:25:02,547 [INFO] Fetched 111 trades for Markwayne Mullin (total pool: 1000)
2026-06-15 14:25:02,550 [INFO] Found 0 new trades to process (out of 111 total)
2026-06-15 14:25:02,550 [INFO] No new trades — nothing to execute
2026-06-15 14:30:02,768 [INFO] --- Checking trades for Markwayne Mullin ---
2026-06-15 14:30:03,054 [INFO] Fetched 111 trades for Markwayne Mullin (total pool: 1000)
2026-06-15 14:30:03,057 [INFO] Found 0 new trades to process (out of 111 total)
2026-06-15 14:30:03,057 [INFO] No new trades — nothing to execute
2026-06-15 14:35:02,176 [INFO] --- Checking trades for Markwayne Mullin ---
2026-06-15 14:35:02,901 [INFO] Fetched 111 trades for Markwayne Mullin (total pool: 1000)
2026-06-15 14:35:02,903 [INFO] Found 0 new trades to process (out of 111 total)
2026-06-15 14:35:02,904 [INFO] No new trades — nothing to execute
2026-06-15 14:40:02,968 [INFO] --- Checking trades for Markwayne Mullin ---
2026-06-15 14:40:03,232 [INFO] Fetched 111 trades for Markwayne Mullin (total pool: 1000)
2026-06-15 14:40:03,235 [INFO] Found 0 new trades to process (out of 111 total)
2026-06-15 14:40:03,235 [INFO] No new trades — nothing to execute
2026-06-15 14:45:02,840 [INFO] --- Checking trades for Markwayne Mullin ---
2026-06-15 14:45:03,045 [INFO] Fetched 111 trades for Markwayne Mullin (total pool: 1000)
2026-06-15 14:45:03,048 [INFO] Found 0 new trades to process (out of 111 total)
2026-06-15 14:45:03,048 [INFO] No new trades — nothing to execute
2026-06-15 14:50:02,677 [INFO] --- Checking trades for Markwayne Mullin ---
2026-06-15 14:50:02,942 [INFO] Fetched 111 trades for Markwayne Mullin (total pool: 1000)
2026-06-15 14:50:02,945 [INFO] Found 0 new trades to process (out of 111 total)
2026-06-15 14:50:02,945 [INFO] No new trades — nothing to execute
2026-06-15 14:55:02,582 [INFO] --- Checking trades for Markwayne Mullin ---
2026-06-15 14:55:02,980 [ERROR] Failed to fetch trades: 401 Client Error: Unauthorized for url: https://api.quiverquant.com/beta/live/congresstrading
2026-06-15 14:55:02,981 [INFO] No trades returned from QuiverQuant
2026-06-15 15:00:02,356 [INFO] --- Checking trades for Markwayne Mullin ---
2026-06-15 15:00:02,624 [INFO] Fetched 111 trades for Markwayne Mullin (total pool: 1000)
2026-06-15 15:00:02,626 [INFO] Found 0 new trades to process (out of 111 total)
2026-06-15 15:00:02,626 [INFO] No new trades — nothing to execute
2026-06-15 15:05:03,018 [INFO] --- Checking trades for Markwayne Mullin ---
2026-06-15 15:05:03,297 [INFO] Fetched 111 trades for Markwayne Mullin (total pool: 1000)
2026-06-15 15:05:03,299 [INFO] Found 0 new trades to process (out of 111 total)
2026-06-15 15:05:03,300 [INFO] No new trades — nothing to execute
2026-06-15 15:10:02,878 [INFO] --- Checking trades for Markwayne Mullin ---
2026-06-15 15:10:03,279 [INFO] Fetched 111 trades for Markwayne Mullin (total pool: 1000)
2026-06-15 15:10:03,281 [INFO] Found 0 new trades to process (out of 111 total)
2026-06-15 15:10:03,281 [INFO] No new trades — nothing to execute
2026-06-15 15:15:02,202 [INFO] --- Checking trades for Markwayne Mullin ---
2026-06-15 15:15:02,451 [INFO] Fetched 111 trades for Markwayne Mullin (total pool: 1000)
2026-06-15 15:15:02,453 [INFO] Found 0 new trades to process (out of 111 total)
2026-06-15 15:15:02,454 [INFO] No new trades — nothing to execute
2026-06-15 15:20:02,464 [INFO] --- Checking trades for Markwayne Mullin ---
2026-06-15 15:20:02,750 [INFO] Fetched 111 trades for Markwayne Mullin (total pool: 1000)
2026-06-15 15:20:02,752 [INFO] Found 0 new trades to process (out of 111 total)
2026-06-15 15:20:02,753 [INFO] No new trades — nothing to execute
2026-06-15 15:25:02,177 [INFO] --- Checking trades for Markwayne Mullin ---
2026-06-15 15:25:02,446 [INFO] Fetched 111 trades for Markwayne Mullin (total pool: 1000)
2026-06-15 15:25:02,449 [INFO] Found 0 new trades to process (out of 111 total)
2026-06-15 15:25:02,450 [INFO] No new trades — nothing to execute
2026-06-15 15:30:02,738 [INFO] --- Checking trades for Markwayne Mullin ---
2026-06-15 15:30:03,013 [INFO] Fetched 111 trades for Markwayne Mullin (total pool: 1000)
2026-06-15 15:30:03,015 [INFO] Found 0 new trades to process (out of 111 total)
2026-06-15 15:30:03,015 [INFO] No new trades — nothing to execute
2026-06-15 15:35:02,048 [INFO] --- Checking trades for Markwayne Mullin ---
2026-06-15 15:35:02,599 [ERROR] Failed to fetch trades: 401 Client Error: Unauthorized for url: https://api.quiverquant.com/beta/live/congresstrading
2026-06-15 15:35:02,600 [INFO] No trades returned from QuiverQuant
2026-06-15 15:40:02,412 [INFO] --- Checking trades for Markwayne Mullin ---
2026-06-15 15:40:02,759 [INFO] Fetched 111 trades for Markwayne Mullin (total pool: 1000)
2026-06-15 15:40:02,761 [INFO] Found 0 new trades to process (out of 111 total)
2026-06-15 15:40:02,761 [INFO] No new trades — nothing to execute
2026-06-15 15:45:02,692 [INFO] --- Checking trades for Markwayne Mullin ---
2026-06-15 15:45:02,983 [ERROR] Failed to fetch trades: 401 Client Error: Unauthorized for url: https://api.quiverquant.com/beta/live/congresstrading
2026-06-15 15:45:02,985 [INFO] No trades returned from QuiverQuant
2026-06-15 15:50:02,787 [INFO] --- Checking trades for Markwayne Mullin ---
2026-06-15 15:50:03,244 [ERROR] Failed to fetch trades: 401 Client Error: Unauthorized for url: https://api.quiverquant.com/beta/live/congresstrading
2026-06-15 15:50:03,245 [INFO] No trades returned from QuiverQuant
2026-06-15 15:55:03,007 [INFO] --- Checking trades for Markwayne Mullin ---
2026-06-15 15:55:03,316 [INFO] Fetched 111 trades for Markwayne Mullin (total pool: 1000)
2026-06-15 15:55:03,318 [INFO] Found 0 new trades to process (out of 111 total)
2026-06-15 15:55:03,318 [INFO] No new trades — nothing to execute
2026-06-16 08:00:03,034 [INFO] --- Checking trades for Markwayne Mullin ---
2026-06-16 08:00:04,328 [INFO] Fetched 111 trades for Markwayne Mullin (total pool: 1000)
2026-06-16 08:00:04,331 [INFO] Found 0 new trades to process (out of 111 total)
2026-06-16 08:00:04,331 [INFO] No new trades — nothing to execute
2026-06-16 08:05:02,678 [INFO] --- Checking trades for Markwayne Mullin ---
2026-06-16 08:05:03,642 [INFO] Fetched 111 trades for Markwayne Mullin (total pool: 1000)
2026-06-16 08:05:03,644 [INFO] Found 0 new trades to process (out of 111 total)
2026-06-16 08:05:03,644 [INFO] No new trades — nothing to execute
2026-06-16 08:10:02,898 [INFO] --- Checking trades for Markwayne Mullin ---
2026-06-16 08:10:03,343 [INFO] Fetched 111 trades for Markwayne Mullin (total pool: 1000)
2026-06-16 08:10:03,345 [INFO] Found 0 new trades to process (out of 111 total)
2026-06-16 08:10:03,345 [INFO] No new trades — nothing to execute
2026-06-16 08:15:02,112 [INFO] --- Checking trades for Markwayne Mullin ---
2026-06-16 08:15:02,567 [INFO] Fetched 111 trades for Markwayne Mullin (total pool: 1000)
2026-06-16 08:15:02,571 [INFO] Found 0 new trades to process (out of 111 total)
2026-06-16 08:15:02,571 [INFO] No new trades — nothing to execute
2026-06-16 08:20:02,052 [INFO] --- Checking trades for Markwayne Mullin ---
2026-06-16 08:20:02,501 [INFO] Fetched 111 trades for Markwayne Mullin (total pool: 1000)
2026-06-16 08:20:02,504 [INFO] Found 0 new trades to process (out of 111 total)
2026-06-16 08:20:02,504 [INFO] No new trades — nothing to execute
2026-06-16 08:25:02,048 [INFO] --- Checking trades for Markwayne Mullin ---
2026-06-16 08:25:02,528 [ERROR] Failed to fetch trades: 401 Client Error: Unauthorized for url: https://api.quiverquant.com/beta/live/congresstrading
2026-06-16 08:25:02,530 [INFO] No trades returned from QuiverQuant
2026-06-16 08:30:02,708 [INFO] --- Checking trades for Markwayne Mullin ---
2026-06-16 08:30:03,154 [INFO] Fetched 111 trades for Markwayne Mullin (total pool: 1000)
2026-06-16 08:30:03,158 [INFO] Found 0 new trades to process (out of 111 total)
2026-06-16 08:30:03,158 [INFO] No new trades — nothing to execute
2026-06-16 08:35:02,584 [INFO] --- Checking trades for Markwayne Mullin ---
2026-06-16 08:35:02,877 [ERROR] Failed to fetch trades: 401 Client Error: Unauthorized for url: https://api.quiverquant.com/beta/live/congresstrading
2026-06-16 08:35:02,878 [INFO] No trades returned from QuiverQuant
2026-06-16 08:40:02,735 [INFO] --- Checking trades for Markwayne Mullin ---
2026-06-16 08:40:02,983 [INFO] Fetched 111 trades for Markwayne Mullin (total pool: 1000)
2026-06-16 08:40:02,986 [INFO] Found 0 new trades to process (out of 111 total)
2026-06-16 08:40:02,986 [INFO] No new trades — nothing to execute
2026-06-16 08:45:02,871 [INFO] --- Checking trades for Markwayne Mullin ---
2026-06-16 08:45:03,227 [ERROR] Failed to fetch trades: 401 Client Error: Unauthorized for url: https://api.quiverquant.com/beta/live/congresstrading
2026-06-16 08:45:03,229 [INFO] No trades returned from QuiverQuant
2026-06-16 08:50:02,920 [INFO] --- Checking trades for Markwayne Mullin ---
2026-06-16 08:50:03,363 [INFO] Fetched 111 trades for Markwayne Mullin (total pool: 1000)
2026-06-16 08:50:03,365 [INFO] Found 0 new trades to process (out of 111 total)
2026-06-16 08:50:03,366 [INFO] No new trades — nothing to execute
2026-06-16 08:55:02,695 [INFO] --- Checking trades for Markwayne Mullin ---
2026-06-16 08:55:03,166 [INFO] Fetched 111 trades for Markwayne Mullin (total pool: 1000)
2026-06-16 08:55:03,168 [INFO] Found 0 new trades to process (out of 111 total)
2026-06-16 08:55:03,168 [INFO] No new trades — nothing to execute
2026-06-16 09:00:02,148 [INFO] --- Checking trades for Markwayne Mullin ---
2026-06-16 09:00:02,828 [INFO] Fetched 111 trades for Markwayne Mullin (total pool: 1000)
2026-06-16 09:00:02,831 [INFO] Found 0 new trades to process (out of 111 total)
2026-06-16 09:00:02,831 [INFO] No new trades — nothing to execute
2026-06-16 09:05:02,619 [INFO] --- Checking trades for Markwayne Mullin ---
2026-06-16 09:05:03,068 [INFO] Fetched 111 trades for Markwayne Mullin (total pool: 1000)
2026-06-16 09:05:03,070 [INFO] Found 0 new trades to process (out of 111 total)
2026-06-16 09:05:03,071 [INFO] No new trades — nothing to execute
2026-06-16 09:10:02,782 [INFO] --- Checking trades for Markwayne Mullin ---
2026-06-16 09:10:03,201 [INFO] Fetched 111 trades for Markwayne Mullin (total pool: 1000)
2026-06-16 09:10:03,204 [INFO] Found 0 new trades to process (out of 111 total)
2026-06-16 09:10:03,204 [INFO] No new trades — nothing to execute
2026-06-16 09:15:02,400 [INFO] --- Checking trades for Markwayne Mullin ---
2026-06-16 09:15:02,911 [INFO] Fetched 111 trades for Markwayne Mullin (total pool: 1000)
2026-06-16 09:15:02,915 [INFO] Found 0 new trades to process (out of 111 total)
2026-06-16 09:15:02,915 [INFO] No new trades — nothing to execute
2026-06-16 09:20:01,903 [INFO] --- Checking trades for Markwayne Mullin ---
2026-06-16 09:20:02,278 [INFO] Fetched 111 trades for Markwayne Mullin (total pool: 1000)
2026-06-16 09:20:02,280 [INFO] Found 0 new trades to process (out of 111 total)
2026-06-16 09:20:02,280 [INFO] No new trades — nothing to execute
2026-06-16 09:25:03,000 [INFO] --- Checking trades for Markwayne Mullin ---
2026-06-16 09:25:03,270 [INFO] Fetched 111 trades for Markwayne Mullin (total pool: 1000)
2026-06-16 09:25:03,273 [INFO] Found 0 new trades to process (out of 111 total)
2026-06-16 09:25:03,274 [INFO] No new trades — nothing to execute
2026-06-16 09:30:02,256 [INFO] --- Checking trades for Markwayne Mullin ---
2026-06-16 09:30:02,428 [INFO] Fetched 111 trades for Markwayne Mullin (total pool: 1000)
2026-06-16 09:30:02,430 [INFO] Found 0 new trades to process (out of 111 total)
2026-06-16 09:30:02,430 [INFO] No new trades — nothing to execute
2026-06-16 09:35:02,940 [INFO] --- Checking trades for Markwayne Mullin ---
2026-06-16 09:35:03,385 [INFO] Fetched 111 trades for Markwayne Mullin (total pool: 1000)
2026-06-16 09:35:03,388 [INFO] Found 0 new trades to process (out of 111 total)
2026-06-16 09:35:03,388 [INFO] No new trades — nothing to execute
2026-06-16 09:40:02,615 [INFO] --- Checking trades for Markwayne Mullin ---
2026-06-16 09:40:02,774 [INFO] Fetched 111 trades for Markwayne Mullin (total pool: 1000)
2026-06-16 09:40:02,777 [INFO] Found 0 new trades to process (out of 111 total)
2026-06-16 09:40:02,777 [INFO] No new trades — nothing to execute
2026-06-16 09:45:02,576 [INFO] --- Checking trades for Markwayne Mullin ---
2026-06-16 09:45:03,088 [INFO] Fetched 111 trades for Markwayne Mullin (total pool: 1000)
2026-06-16 09:45:03,091 [INFO] Found 0 new trades to process (out of 111 total)
2026-06-16 09:45:03,091 [INFO] No new trades — nothing to execute
2026-06-16 09:50:02,793 [INFO] --- Checking trades for Markwayne Mullin ---
2026-06-16 09:50:03,822 [ERROR] Failed to fetch trades: 401 Client Error: Unauthorized for url: https://api.quiverquant.com/beta/live/congresstrading
2026-06-16 09:50:03,824 [INFO] No trades returned from QuiverQuant
2026-06-16 09:55:02,180 [INFO] --- Checking trades for Markwayne Mullin ---
2026-06-16 09:55:02,679 [INFO] Fetched 111 trades for Markwayne Mullin (total pool: 1000)
2026-06-16 09:55:02,682 [INFO] Found 0 new trades to process (out of 111 total)
2026-06-16 09:55:02,682 [INFO] No new trades — nothing to execute
2026-06-16 10:00:02,916 [INFO] --- Checking trades for Markwayne Mullin ---
2026-06-16 10:00:05,946 [ERROR] Failed to fetch trades: 401 Client Error: Unauthorized for url: https://api.quiverquant.com/beta/live/congresstrading
2026-06-16 10:00:05,949 [INFO] No trades returned from QuiverQuant
2026-06-16 10:05:02,658 [INFO] --- Checking trades for Markwayne Mullin ---
2026-06-16 10:05:03,012 [ERROR] Failed to fetch trades: 401 Client Error: Unauthorized for url: https://api.quiverquant.com/beta/live/congresstrading
2026-06-16 10:05:03,014 [INFO] No trades returned from QuiverQuant
2026-06-16 10:10:02,539 [INFO] --- Checking trades for Markwayne Mullin ---
2026-06-16 10:10:02,844 [INFO] Fetched 111 trades for Markwayne Mullin (total pool: 1000)
2026-06-16 10:10:02,847 [INFO] Found 0 new trades to process (out of 111 total)
2026-06-16 10:10:02,847 [INFO] No new trades — nothing to execute
2026-06-16 10:15:02,605 [INFO] --- Checking trades for Markwayne Mullin ---
2026-06-16 10:15:02,959 [INFO] Fetched 111 trades for Markwayne Mullin (total pool: 1000)
2026-06-16 10:15:02,962 [INFO] Found 0 new trades to process (out of 111 total)
2026-06-16 10:15:02,962 [INFO] No new trades — nothing to execute
2026-06-16 10:20:02,623 [INFO] --- Checking trades for Markwayne Mullin ---
2026-06-16 10:20:05,000 [INFO] Fetched 111 trades for Markwayne Mullin (total pool: 1000)
2026-06-16 10:20:05,003 [INFO] Found 0 new trades to process (out of 111 total)
2026-06-16 10:20:05,003 [INFO] No new trades — nothing to execute
2026-06-16 10:25:01,995 [INFO] --- Checking trades for Markwayne Mullin ---
2026-06-16 10:25:02,478 [ERROR] Failed to fetch trades: 401 Client Error: Unauthorized for url: https://api.quiverquant.com/beta/live/congresstrading
2026-06-16 10:25:02,479 [INFO] No trades returned from QuiverQuant
2026-06-16 10:30:02,243 [INFO] --- Checking trades for Markwayne Mullin ---
2026-06-16 10:30:02,595 [INFO] Fetched 111 trades for Markwayne Mullin (total pool: 1000)
2026-06-16 10:30:02,598 [INFO] Found 0 new trades to process (out of 111 total)
2026-06-16 10:30:02,598 [INFO] No new trades — nothing to execute
2026-06-16 10:35:02,733 [INFO] --- Checking trades for Markwayne Mullin ---
2026-06-16 10:35:03,389 [ERROR] Failed to fetch trades: 401 Client Error: Unauthorized for url: https://api.quiverquant.com/beta/live/congresstrading
2026-06-16 10:35:03,391 [INFO] No trades returned from QuiverQuant
2026-06-16 10:40:02,275 [INFO] --- Checking trades for Markwayne Mullin ---
2026-06-16 10:40:02,591 [INFO] Fetched 111 trades for Markwayne Mullin (total pool: 1000)
2026-06-16 10:40:02,594 [INFO] Found 0 new trades to process (out of 111 total)
2026-06-16 10:40:02,594 [INFO] No new trades — nothing to execute
2026-06-16 10:45:02,660 [INFO] --- Checking trades for Markwayne Mullin ---
2026-06-16 10:45:03,033 [ERROR] Failed to fetch trades: 401 Client Error: Unauthorized for url: https://api.quiverquant.com/beta/live/congresstrading
2026-06-16 10:45:03,035 [INFO] No trades returned from QuiverQuant
2026-06-16 10:50:02,430 [INFO] --- Checking trades for Markwayne Mullin ---
2026-06-16 10:50:02,778 [INFO] Fetched 111 trades for Markwayne Mullin (total pool: 1000)
2026-06-16 10:50:02,782 [INFO] Found 0 new trades to process (out of 111 total)
2026-06-16 10:50:02,782 [INFO] No new trades — nothing to execute
2026-06-16 10:55:02,156 [INFO] --- Checking trades for Markwayne Mullin ---
2026-06-16 10:55:02,603 [INFO] Fetched 111 trades for Markwayne Mullin (total pool: 1000)
2026-06-16 10:55:02,607 [INFO] Found 0 new trades to process (out of 111 total)
2026-06-16 10:55:02,607 [INFO] No new trades — nothing to execute
2026-06-16 11:00:02,038 [INFO] --- Checking trades for Markwayne Mullin ---
2026-06-16 11:00:02,363 [INFO] Fetched 111 trades for Markwayne Mullin (total pool: 1000)
2026-06-16 11:00:02,366 [INFO] Found 0 new trades to process (out of 111 total)
2026-06-16 11:00:02,367 [INFO] No new trades — nothing to execute
2026-06-16 11:05:02,288 [INFO] --- Checking trades for Markwayne Mullin ---
2026-06-16 11:05:02,582 [INFO] Fetched 111 trades for Markwayne Mullin (total pool: 1000)
2026-06-16 11:05:02,586 [INFO] Found 0 new trades to process (out of 111 total)
2026-06-16 11:05:02,586 [INFO] No new trades — nothing to execute
2026-06-16 11:10:02,402 [INFO] --- Checking trades for Markwayne Mullin ---
2026-06-16 11:10:02,707 [INFO] Fetched 111 trades for Markwayne Mullin (total pool: 1000)
2026-06-16 11:10:02,711 [INFO] Found 0 new trades to process (out of 111 total)
2026-06-16 11:10:02,711 [INFO] No new trades — nothing to execute
2026-06-16 11:15:02,672 [INFO] --- Checking trades for Markwayne Mullin ---
2026-06-16 11:15:02,951 [INFO] Fetched 111 trades for Markwayne Mullin (total pool: 1000)
2026-06-16 11:15:02,954 [INFO] Found 0 new trades to process (out of 111 total)
2026-06-16 11:15:02,955 [INFO] No new trades — nothing to execute
2026-06-16 11:20:02,162 [INFO] --- Checking trades for Markwayne Mullin ---
2026-06-16 11:20:02,475 [INFO] Fetched 111 trades for Markwayne Mullin (total pool: 1000)
2026-06-16 11:20:02,478 [INFO] Found 0 new trades to process (out of 111 total)
2026-06-16 11:20:02,478 [INFO] No new trades — nothing to execute
2026-06-16 11:25:02,656 [INFO] --- Checking trades for Markwayne Mullin ---
2026-06-16 11:25:03,141 [INFO] Fetched 111 trades for Markwayne Mullin (total pool: 1000)
2026-06-16 11:25:03,144 [INFO] Found 0 new trades to process (out of 111 total)
2026-06-16 11:25:03,144 [INFO] No new trades — nothing to execute
2026-06-16 11:30:02,413 [INFO] --- Checking trades for Markwayne Mullin ---
2026-06-16 11:30:02,648 [INFO] Fetched 111 trades for Markwayne Mullin (total pool: 1000)
2026-06-16 11:30:02,651 [INFO] Found 0 new trades to process (out of 111 total)
2026-06-16 11:30:02,651 [INFO] No new trades — nothing to execute
2026-06-16 11:35:02,705 [INFO] --- Checking trades for Markwayne Mullin ---
2026-06-16 11:35:03,042 [INFO] Fetched 111 trades for Markwayne Mullin (total pool: 1000)
2026-06-16 11:35:03,045 [INFO] Found 0 new trades to process (out of 111 total)
2026-06-16 11:35:03,045 [INFO] No new trades — nothing to execute
2026-06-16 11:40:02,713 [INFO] --- Checking trades for Markwayne Mullin ---
2026-06-16 11:40:02,934 [ERROR] Failed to fetch trades: 401 Client Error: Unauthorized for url: https://api.quiverquant.com/beta/live/congresstrading
2026-06-16 11:40:02,936 [INFO] No trades returned from QuiverQuant
2026-06-16 11:45:02,927 [INFO] --- Checking trades for Markwayne Mullin ---
2026-06-16 11:45:03,412 [INFO] Fetched 111 trades for Markwayne Mullin (total pool: 1000)
2026-06-16 11:45:03,416 [INFO] Found 0 new trades to process (out of 111 total)
2026-06-16 11:45:03,416 [INFO] No new trades — nothing to execute
2026-06-16 11:50:02,442 [INFO] --- Checking trades for Markwayne Mullin ---
2026-06-16 11:50:03,419 [ERROR] Failed to fetch trades: 401 Client Error: Unauthorized for url: https://api.quiverquant.com/beta/live/congresstrading
2026-06-16 11:50:03,421 [INFO] No trades returned from QuiverQuant
2026-06-16 11:55:02,654 [INFO] --- Checking trades for Markwayne Mullin ---
2026-06-16 11:55:03,079 [ERROR] Failed to fetch trades: 401 Client Error: Unauthorized for url: https://api.quiverquant.com/beta/live/congresstrading
2026-06-16 11:55:03,081 [INFO] No trades returned from QuiverQuant
2026-06-16 12:00:02,746 [INFO] --- Checking trades for Markwayne Mullin ---
2026-06-16 12:00:04,474 [ERROR] Failed to fetch trades: 401 Client Error: Unauthorized for url: https://api.quiverquant.com/beta/live/congresstrading
2026-06-16 12:00:04,475 [INFO] No trades returned from QuiverQuant
2026-06-16 12:05:01,988 [INFO] --- Checking trades for Markwayne Mullin ---
2026-06-16 12:05:02,394 [INFO] Fetched 111 trades for Markwayne Mullin (total pool: 1000)
2026-06-16 12:05:02,397 [INFO] Found 0 new trades to process (out of 111 total)
2026-06-16 12:05:02,397 [INFO] No new trades — nothing to execute
2026-06-16 12:10:02,521 [INFO] --- Checking trades for Markwayne Mullin ---
2026-06-16 12:10:02,813 [INFO] Fetched 111 trades for Markwayne Mullin (total pool: 1000)
2026-06-16 12:10:02,816 [INFO] Found 0 new trades to process (out of 111 total)
2026-06-16 12:10:02,817 [INFO] No new trades — nothing to execute
2026-06-16 12:15:02,098 [INFO] --- Checking trades for Markwayne Mullin ---
2026-06-16 12:15:02,400 [INFO] Fetched 111 trades for Markwayne Mullin (total pool: 1000)
2026-06-16 12:15:02,402 [INFO] Found 0 new trades to process (out of 111 total)
2026-06-16 12:15:02,403 [INFO] No new trades — nothing to execute
2026-06-16 12:20:02,415 [INFO] --- Checking trades for Markwayne Mullin ---
2026-06-16 12:20:02,652 [INFO] Fetched 111 trades for Markwayne Mullin (total pool: 1000)
2026-06-16 12:20:02,655 [INFO] Found 0 new trades to process (out of 111 total)
2026-06-16 12:20:02,655 [INFO] No new trades — nothing to execute
2026-06-16 12:25:02,039 [INFO] --- Checking trades for Markwayne Mullin ---
2026-06-16 12:25:02,266 [ERROR] Failed to fetch trades: 401 Client Error: Unauthorized for url: https://api.quiverquant.com/beta/live/congresstrading
2026-06-16 12:25:02,267 [INFO] No trades returned from QuiverQuant
2026-06-16 12:30:02,118 [INFO] --- Checking trades for Markwayne Mullin ---
2026-06-16 12:30:02,389 [INFO] Fetched 111 trades for Markwayne Mullin (total pool: 1000)
2026-06-16 12:30:02,392 [INFO] Found 0 new trades to process (out of 111 total)
2026-06-16 12:30:02,392 [INFO] No new trades — nothing to execute
2026-06-16 12:35:02,901 [INFO] --- Checking trades for Markwayne Mullin ---
2026-06-16 12:35:03,187 [INFO] Fetched 111 trades for Markwayne Mullin (total pool: 1000)
2026-06-16 12:35:03,189 [INFO] Found 0 new trades to process (out of 111 total)
2026-06-16 12:35:03,189 [INFO] No new trades — nothing to execute
2026-06-16 12:40:02,484 [INFO] --- Checking trades for Markwayne Mullin ---
2026-06-16 12:40:02,860 [ERROR] Failed to fetch trades: 401 Client Error: Unauthorized for url: https://api.quiverquant.com/beta/live/congresstrading
2026-06-16 12:40:02,862 [INFO] No trades returned from QuiverQuant
2026-06-16 12:45:02,774 [INFO] --- Checking trades for Markwayne Mullin ---
2026-06-16 12:45:03,200 [ERROR] Failed to fetch trades: 401 Client Error: Unauthorized for url: https://api.quiverquant.com/beta/live/congresstrading
2026-06-16 12:45:03,201 [INFO] No trades returned from QuiverQuant
2026-06-16 12:50:02,598 [INFO] --- Checking trades for Markwayne Mullin ---
2026-06-16 12:50:02,894 [INFO] Fetched 111 trades for Markwayne Mullin (total pool: 1000)
2026-06-16 12:50:02,898 [INFO] Found 0 new trades to process (out of 111 total)
2026-06-16 12:50:02,898 [INFO] No new trades — nothing to execute
2026-06-16 12:55:02,684 [INFO] --- Checking trades for Markwayne Mullin ---
2026-06-16 12:55:02,934 [INFO] Fetched 111 trades for Markwayne Mullin (total pool: 1000)
2026-06-16 12:55:02,937 [INFO] Found 0 new trades to process (out of 111 total)
2026-06-16 12:55:02,937 [INFO] No new trades — nothing to execute
2026-06-16 13:00:02,927 [INFO] --- Checking trades for Markwayne Mullin ---
2026-06-16 13:00:03,570 [INFO] Fetched 111 trades for Markwayne Mullin (total pool: 1000)
2026-06-16 13:00:03,573 [INFO] Found 0 new trades to process (out of 111 total)
2026-06-16 13:00:03,573 [INFO] No new trades — nothing to execute
2026-06-16 13:05:02,767 [INFO] --- Checking trades for Markwayne Mullin ---
2026-06-16 13:05:03,085 [INFO] Fetched 111 trades for Markwayne Mullin (total pool: 1000)
2026-06-16 13:05:03,089 [INFO] Found 0 new trades to process (out of 111 total)
2026-06-16 13:05:03,089 [INFO] No new trades — nothing to execute
2026-06-16 13:10:02,324 [INFO] --- Checking trades for Markwayne Mullin ---
2026-06-16 13:10:02,573 [INFO] Fetched 111 trades for Markwayne Mullin (total pool: 1000)
2026-06-16 13:10:02,576 [INFO] Found 0 new trades to process (out of 111 total)
2026-06-16 13:10:02,576 [INFO] No new trades — nothing to execute
2026-06-16 13:15:02,701 [INFO] --- Checking trades for Markwayne Mullin ---
2026-06-16 13:15:02,942 [INFO] Fetched 111 trades for Markwayne Mullin (total pool: 1000)
2026-06-16 13:15:02,944 [INFO] Found 0 new trades to process (out of 111 total)
2026-06-16 13:15:02,944 [INFO] No new trades — nothing to execute
2026-06-16 13:20:02,403 [INFO] --- Checking trades for Markwayne Mullin ---
2026-06-16 13:20:02,859 [INFO] Fetched 111 trades for Markwayne Mullin (total pool: 1000)
2026-06-16 13:20:02,862 [INFO] Found 0 new trades to process (out of 111 total)
2026-06-16 13:20:02,862 [INFO] No new trades — nothing to execute
2026-06-16 13:25:02,495 [INFO] --- Checking trades for Markwayne Mullin ---
2026-06-16 13:25:02,765 [INFO] Fetched 111 trades for Markwayne Mullin (total pool: 1000)
2026-06-16 13:25:02,767 [INFO] Found 0 new trades to process (out of 111 total)
2026-06-16 13:25:02,767 [INFO] No new trades — nothing to execute
2026-06-16 13:30:02,333 [INFO] --- Checking trades for Markwayne Mullin ---
2026-06-16 13:30:02,623 [INFO] Fetched 111 trades for Markwayne Mullin (total pool: 1000)
2026-06-16 13:30:02,625 [INFO] Found 0 new trades to process (out of 111 total)
2026-06-16 13:30:02,625 [INFO] No new trades — nothing to execute
2026-06-16 13:35:02,799 [INFO] --- Checking trades for Markwayne Mullin ---
2026-06-16 13:35:03,953 [INFO] Fetched 111 trades for Markwayne Mullin (total pool: 1000)
2026-06-16 13:35:03,957 [INFO] Found 0 new trades to process (out of 111 total)
2026-06-16 13:35:03,957 [INFO] No new trades — nothing to execute
2026-06-16 13:40:02,577 [INFO] --- Checking trades for Markwayne Mullin ---
2026-06-16 13:40:02,845 [INFO] Fetched 111 trades for Markwayne Mullin (total pool: 1000)
2026-06-16 13:40:02,847 [INFO] Found 0 new trades to process (out of 111 total)
2026-06-16 13:40:02,847 [INFO] No new trades — nothing to execute
2026-06-16 13:45:02,035 [INFO] --- Checking trades for Markwayne Mullin ---
2026-06-16 13:45:02,356 [INFO] Fetched 111 trades for Markwayne Mullin (total pool: 1000)
2026-06-16 13:45:02,358 [INFO] Found 0 new trades to process (out of 111 total)
2026-06-16 13:45:02,359 [INFO] No new trades — nothing to execute
2026-06-16 13:50:02,315 [INFO] --- Checking trades for Markwayne Mullin ---
2026-06-16 13:50:02,860 [INFO] Fetched 111 trades for Markwayne Mullin (total pool: 1000)
2026-06-16 13:50:02,863 [INFO] Found 0 new trades to process (out of 111 total)
2026-06-16 13:50:02,863 [INFO] No new trades — nothing to execute
2026-06-16 13:55:02,360 [INFO] --- Checking trades for Markwayne Mullin ---
2026-06-16 13:55:02,627 [ERROR] Failed to fetch trades: 401 Client Error: Unauthorized for url: https://api.quiverquant.com/beta/live/congresstrading
2026-06-16 13:55:02,628 [INFO] No trades returned from QuiverQuant
2026-06-16 14:00:02,126 [INFO] --- Checking trades for Markwayne Mullin ---
2026-06-16 14:00:02,675 [INFO] Fetched 111 trades for Markwayne Mullin (total pool: 1000)
2026-06-16 14:00:02,678 [INFO] Found 0 new trades to process (out of 111 total)
2026-06-16 14:00:02,678 [INFO] No new trades — nothing to execute
2026-06-16 14:05:02,976 [INFO] --- Checking trades for Markwayne Mullin ---
2026-06-16 14:05:03,257 [INFO] Fetched 111 trades for Markwayne Mullin (total pool: 1000)
2026-06-16 14:05:03,260 [INFO] Found 0 new trades to process (out of 111 total)
2026-06-16 14:05:03,260 [INFO] No new trades — nothing to execute
2026-06-16 14:10:02,609 [INFO] --- Checking trades for Markwayne Mullin ---
2026-06-16 14:10:02,857 [ERROR] Failed to fetch trades: 401 Client Error: Unauthorized for url: https://api.quiverquant.com/beta/live/congresstrading
2026-06-16 14:10:02,858 [INFO] No trades returned from QuiverQuant
2026-06-16 14:15:02,565 [INFO] --- Checking trades for Markwayne Mullin ---
2026-06-16 14:15:02,890 [INFO] Fetched 111 trades for Markwayne Mullin (total pool: 1000)
2026-06-16 14:15:02,892 [INFO] Found 0 new trades to process (out of 111 total)
2026-06-16 14:15:02,893 [INFO] No new trades — nothing to execute
2026-06-16 14:20:02,520 [INFO] --- Checking trades for Markwayne Mullin ---
2026-06-16 14:20:02,798 [INFO] Fetched 111 trades for Markwayne Mullin (total pool: 1000)
2026-06-16 14:20:02,801 [INFO] Found 0 new trades to process (out of 111 total)
2026-06-16 14:20:02,801 [INFO] No new trades — nothing to execute
2026-06-16 14:25:02,199 [INFO] --- Checking trades for Markwayne Mullin ---
2026-06-16 14:25:02,462 [ERROR] Failed to fetch trades: 401 Client Error: Unauthorized for url: https://api.quiverquant.com/beta/live/congresstrading
2026-06-16 14:25:02,464 [INFO] No trades returned from QuiverQuant
2026-06-16 14:30:02,759 [INFO] --- Checking trades for Markwayne Mullin ---
2026-06-16 14:30:04,077 [INFO] Fetched 111 trades for Markwayne Mullin (total pool: 1000)
2026-06-16 14:30:04,079 [INFO] Found 0 new trades to process (out of 111 total)
2026-06-16 14:30:04,079 [INFO] No new trades — nothing to execute
2026-06-16 14:35:02,106 [INFO] --- Checking trades for Markwayne Mullin ---
2026-06-16 14:35:02,972 [INFO] Fetched 111 trades for Markwayne Mullin (total pool: 1000)
2026-06-16 14:35:02,975 [INFO] Found 0 new trades to process (out of 111 total)
2026-06-16 14:35:02,975 [INFO] No new trades — nothing to execute
2026-06-16 14:40:02,789 [INFO] --- Checking trades for Markwayne Mullin ---
2026-06-16 14:40:03,158 [INFO] Fetched 111 trades for Markwayne Mullin (total pool: 1000)
2026-06-16 14:40:03,162 [INFO] Found 0 new trades to process (out of 111 total)
2026-06-16 14:40:03,162 [INFO] No new trades — nothing to execute
2026-06-16 14:45:02,162 [INFO] --- Checking trades for Markwayne Mullin ---
2026-06-16 14:45:02,486 [INFO] Fetched 111 trades for Markwayne Mullin (total pool: 1000)
2026-06-16 14:45:02,488 [INFO] Found 0 new trades to process (out of 111 total)
2026-06-16 14:45:02,488 [INFO] No new trades — nothing to execute
2026-06-16 14:50:02,933 [INFO] --- Checking trades for Markwayne Mullin ---
2026-06-16 14:50:03,272 [INFO] Fetched 111 trades for Markwayne Mullin (total pool: 1000)
2026-06-16 14:50:03,274 [INFO] Found 0 new trades to process (out of 111 total)
2026-06-16 14:50:03,274 [INFO] No new trades — nothing to execute
2026-06-16 14:55:02,441 [INFO] --- Checking trades for Markwayne Mullin ---
2026-06-16 14:55:02,693 [INFO] Fetched 111 trades for Markwayne Mullin (total pool: 1000)
2026-06-16 14:55:02,695 [INFO] Found 0 new trades to process (out of 111 total)
2026-06-16 14:55:02,695 [INFO] No new trades — nothing to execute
2026-06-16 15:00:02,536 [INFO] --- Checking trades for Markwayne Mullin ---
2026-06-16 15:00:02,814 [INFO] Fetched 111 trades for Markwayne Mullin (total pool: 1000)
2026-06-16 15:00:02,817 [INFO] Found 0 new trades to process (out of 111 total)
2026-06-16 15:00:02,818 [INFO] No new trades — nothing to execute
2026-06-16 15:05:03,035 [INFO] --- Checking trades for Markwayne Mullin ---
2026-06-16 15:05:03,359 [INFO] Fetched 111 trades for Markwayne Mullin (total pool: 1000)
2026-06-16 15:05:03,362 [INFO] Found 0 new trades to process (out of 111 total)
2026-06-16 15:05:03,362 [INFO] No new trades — nothing to execute
2026-06-16 15:10:02,206 [INFO] --- Checking trades for Markwayne Mullin ---
2026-06-16 15:10:02,752 [INFO] Fetched 111 trades for Markwayne Mullin (total pool: 1000)
2026-06-16 15:10:02,754 [INFO] Found 0 new trades to process (out of 111 total)
2026-06-16 15:10:02,755 [INFO] No new trades — nothing to execute
2026-06-16 15:15:02,948 [INFO] --- Checking trades for Markwayne Mullin ---
2026-06-16 15:15:03,203 [INFO] Fetched 111 trades for Markwayne Mullin (total pool: 1000)
2026-06-16 15:15:03,206 [INFO] Found 0 new trades to process (out of 111 total)
2026-06-16 15:15:03,206 [INFO] No new trades — nothing to execute
2026-06-16 15:20:02,546 [INFO] --- Checking trades for Markwayne Mullin ---
2026-06-16 15:20:02,795 [ERROR] Failed to fetch trades: 401 Client Error: Unauthorized for url: https://api.quiverquant.com/beta/live/congresstrading
2026-06-16 15:20:02,797 [INFO] No trades returned from QuiverQuant
2026-06-16 15:25:02,182 [INFO] --- Checking trades for Markwayne Mullin ---
2026-06-16 15:25:02,524 [INFO] Fetched 111 trades for Markwayne Mullin (total pool: 1000)
2026-06-16 15:25:02,526 [INFO] Found 0 new trades to process (out of 111 total)
2026-06-16 15:25:02,527 [INFO] No new trades — nothing to execute
2026-06-16 15:30:02,865 [INFO] --- Checking trades for Markwayne Mullin ---
2026-06-16 15:30:03,168 [INFO] Fetched 111 trades for Markwayne Mullin (total pool: 1000)
2026-06-16 15:30:03,170 [INFO] Found 0 new trades to process (out of 111 total)
2026-06-16 15:30:03,170 [INFO] No new trades — nothing to execute
2026-06-16 15:35:02,410 [INFO] --- Checking trades for Markwayne Mullin ---
2026-06-16 15:35:02,706 [INFO] Fetched 111 trades for Markwayne Mullin (total pool: 1000)
2026-06-16 15:35:02,710 [INFO] Found 0 new trades to process (out of 111 total)
2026-06-16 15:35:02,710 [INFO] No new trades — nothing to execute
2026-06-16 15:40:02,140 [INFO] --- Checking trades for Markwayne Mullin ---
2026-06-16 15:40:02,461 [INFO] Fetched 111 trades for Markwayne Mullin (total pool: 1000)
2026-06-16 15:40:02,464 [INFO] Found 0 new trades to process (out of 111 total)
2026-06-16 15:40:02,464 [INFO] No new trades — nothing to execute
2026-06-16 15:45:02,464 [INFO] --- Checking trades for Markwayne Mullin ---
2026-06-16 15:45:02,772 [ERROR] Failed to fetch trades: 401 Client Error: Unauthorized for url: https://api.quiverquant.com/beta/live/congresstrading
2026-06-16 15:45:02,774 [INFO] No trades returned from QuiverQuant
2026-06-16 15:50:02,492 [INFO] --- Checking trades for Markwayne Mullin ---
2026-06-16 15:50:03,021 [ERROR] Failed to fetch trades: 401 Client Error: Unauthorized for url: https://api.quiverquant.com/beta/live/congresstrading
2026-06-16 15:50:03,022 [INFO] No trades returned from QuiverQuant
2026-06-16 15:55:02,364 [INFO] --- Checking trades for Markwayne Mullin ---
2026-06-16 15:55:02,648 [INFO] Fetched 111 trades for Markwayne Mullin (total pool: 1000)
2026-06-16 15:55:02,652 [INFO] Found 0 new trades to process (out of 111 total)
2026-06-16 15:55:02,652 [INFO] No new trades — nothing to execute
2026-06-17 08:00:02,899 [INFO] --- Checking trades for Markwayne Mullin ---
2026-06-17 08:00:03,644 [INFO] Fetched 111 trades for Markwayne Mullin (total pool: 1000)
2026-06-17 08:00:03,646 [INFO] Found 0 new trades to process (out of 111 total)
2026-06-17 08:00:03,646 [INFO] No new trades — nothing to execute
2026-06-17 08:05:02,453 [INFO] --- Checking trades for Markwayne Mullin ---
2026-06-17 08:05:02,735 [INFO] Fetched 111 trades for Markwayne Mullin (total pool: 1000)
2026-06-17 08:05:02,737 [INFO] Found 0 new trades to process (out of 111 total)
2026-06-17 08:05:02,737 [INFO] No new trades — nothing to execute
2026-06-17 08:10:02,331 [INFO] --- Checking trades for Markwayne Mullin ---
2026-06-17 08:10:02,675 [ERROR] Failed to fetch trades: 401 Client Error: Unauthorized for url: https://api.quiverquant.com/beta/live/congresstrading
2026-06-17 08:10:02,676 [INFO] No trades returned from QuiverQuant
2026-06-17 08:15:02,690 [INFO] --- Checking trades for Markwayne Mullin ---
2026-06-17 08:15:02,894 [INFO] Fetched 111 trades for Markwayne Mullin (total pool: 1000)
2026-06-17 08:15:02,897 [INFO] Found 0 new trades to process (out of 111 total)
2026-06-17 08:15:02,897 [INFO] No new trades — nothing to execute
2026-06-17 08:20:02,053 [INFO] --- Checking trades for Markwayne Mullin ---
2026-06-17 08:20:02,356 [INFO] Fetched 111 trades for Markwayne Mullin (total pool: 1000)
2026-06-17 08:20:02,358 [INFO] Found 0 new trades to process (out of 111 total)
2026-06-17 08:20:02,358 [INFO] No new trades — nothing to execute
2026-06-17 08:25:02,533 [INFO] --- Checking trades for Markwayne Mullin ---
2026-06-17 08:25:02,943 [ERROR] Failed to fetch trades: 401 Client Error: Unauthorized for url: https://api.quiverquant.com/beta/live/congresstrading
2026-06-17 08:25:02,945 [INFO] No trades returned from QuiverQuant
2026-06-17 08:30:02,010 [INFO] --- Checking trades for Markwayne Mullin ---
2026-06-17 08:30:02,462 [INFO] Fetched 111 trades for Markwayne Mullin (total pool: 1000)
2026-06-17 08:30:02,465 [INFO] Found 0 new trades to process (out of 111 total)
2026-06-17 08:30:02,466 [INFO] No new trades — nothing to execute
2026-06-17 08:35:02,777 [INFO] --- Checking trades for Markwayne Mullin ---
2026-06-17 08:35:03,032 [INFO] Fetched 111 trades for Markwayne Mullin (total pool: 1000)
2026-06-17 08:35:03,035 [INFO] Found 0 new trades to process (out of 111 total)
2026-06-17 08:35:03,035 [INFO] No new trades — nothing to execute
2026-06-17 08:40:02,662 [INFO] --- Checking trades for Markwayne Mullin ---
2026-06-17 08:40:03,139 [ERROR] Failed to fetch trades: 401 Client Error: Unauthorized for url: https://api.quiverquant.com/beta/live/congresstrading
2026-06-17 08:40:03,141 [INFO] No trades returned from QuiverQuant
2026-06-17 08:45:01,930 [INFO] --- Checking trades for Markwayne Mullin ---
2026-06-17 08:45:02,092 [INFO] Fetched 111 trades for Markwayne Mullin (total pool: 1000)
2026-06-17 08:45:02,094 [INFO] Found 0 new trades to process (out of 111 total)
2026-06-17 08:45:02,094 [INFO] No new trades — nothing to execute
2026-06-17 08:50:01,846 [INFO] --- Checking trades for Markwayne Mullin ---
2026-06-17 08:50:02,464 [ERROR] Failed to fetch trades: 401 Client Error: Unauthorized for url: https://api.quiverquant.com/beta/live/congresstrading
2026-06-17 08:50:02,466 [INFO] No trades returned from QuiverQuant
2026-06-17 08:55:02,088 [INFO] --- Checking trades for Markwayne Mullin ---
2026-06-17 08:55:02,365 [INFO] Fetched 111 trades for Markwayne Mullin (total pool: 1000)
2026-06-17 08:55:02,367 [INFO] Found 0 new trades to process (out of 111 total)
2026-06-17 08:55:02,367 [INFO] No new trades — nothing to execute
2026-06-17 09:00:02,556 [INFO] --- Checking trades for Markwayne Mullin ---
2026-06-17 09:00:02,987 [INFO] Fetched 111 trades for Markwayne Mullin (total pool: 1000)
2026-06-17 09:00:02,990 [INFO] Found 0 new trades to process (out of 111 total)
2026-06-17 09:00:02,990 [INFO] No new trades — nothing to execute
2026-06-17 09:05:01,833 [INFO] --- Checking trades for Markwayne Mullin ---
2026-06-17 09:05:02,559 [INFO] Fetched 111 trades for Markwayne Mullin (total pool: 1000)
2026-06-17 09:05:02,562 [INFO] Found 0 new trades to process (out of 111 total)
2026-06-17 09:05:02,562 [INFO] No new trades — nothing to execute
2026-06-17 09:10:02,327 [INFO] --- Checking trades for Markwayne Mullin ---
2026-06-17 09:10:02,772 [INFO] Fetched 111 trades for Markwayne Mullin (total pool: 1000)
2026-06-17 09:10:02,775 [INFO] Found 0 new trades to process (out of 111 total)
2026-06-17 09:10:02,775 [INFO] No new trades — nothing to execute
2026-06-17 09:15:02,668 [INFO] --- Checking trades for Markwayne Mullin ---
2026-06-17 09:15:02,935 [INFO] Fetched 111 trades for Markwayne Mullin (total pool: 1000)
2026-06-17 09:15:02,938 [INFO] Found 0 new trades to process (out of 111 total)
2026-06-17 09:15:02,939 [INFO] No new trades — nothing to execute
2026-06-17 09:20:02,580 [INFO] --- Checking trades for Markwayne Mullin ---
2026-06-17 09:20:02,828 [INFO] Fetched 111 trades for Markwayne Mullin (total pool: 1000)
2026-06-17 09:20:02,830 [INFO] Found 0 new trades to process (out of 111 total)
2026-06-17 09:20:02,830 [INFO] No new trades — nothing to execute
2026-06-17 09:25:01,894 [INFO] --- Checking trades for Markwayne Mullin ---
2026-06-17 09:25:02,071 [ERROR] Failed to fetch trades: 401 Client Error: Unauthorized for url: https://api.quiverquant.com/beta/live/congresstrading
2026-06-17 09:25:02,072 [INFO] No trades returned from QuiverQuant
2026-06-17 09:30:02,230 [INFO] --- Checking trades for Markwayne Mullin ---
2026-06-17 09:30:02,686 [INFO] Fetched 111 trades for Markwayne Mullin (total pool: 1000)
2026-06-17 09:30:02,689 [INFO] Found 0 new trades to process (out of 111 total)
2026-06-17 09:30:02,689 [INFO] No new trades — nothing to execute
2026-06-17 09:35:02,310 [INFO] --- Checking trades for Markwayne Mullin ---
2026-06-17 09:35:02,583 [INFO] Fetched 111 trades for Markwayne Mullin (total pool: 1000)
2026-06-17 09:35:02,586 [INFO] Found 0 new trades to process (out of 111 total)
2026-06-17 09:35:02,586 [INFO] No new trades — nothing to execute
2026-06-17 09:40:02,361 [INFO] --- Checking trades for Markwayne Mullin ---
2026-06-17 09:40:02,667 [INFO] Fetched 111 trades for Markwayne Mullin (total pool: 1000)
2026-06-17 09:40:02,669 [INFO] Found 0 new trades to process (out of 111 total)
2026-06-17 09:40:02,669 [INFO] No new trades — nothing to execute
2026-06-17 09:45:02,642 [INFO] --- Checking trades for Markwayne Mullin ---
2026-06-17 09:45:02,877 [INFO] Fetched 111 trades for Markwayne Mullin (total pool: 1000)
2026-06-17 09:45:02,880 [INFO] Found 0 new trades to process (out of 111 total)
2026-06-17 09:45:02,880 [INFO] No new trades — nothing to execute
2026-06-17 09:50:01,854 [INFO] --- Checking trades for Markwayne Mullin ---
2026-06-17 09:50:02,003 [INFO] Fetched 111 trades for Markwayne Mullin (total pool: 1000)
2026-06-17 09:50:02,005 [INFO] Found 0 new trades to process (out of 111 total)
2026-06-17 09:50:02,005 [INFO] No new trades — nothing to execute
2026-06-17 09:55:02,368 [INFO] --- Checking trades for Markwayne Mullin ---
2026-06-17 09:55:02,675 [ERROR] Failed to fetch trades: 401 Client Error: Unauthorized for url: https://api.quiverquant.com/beta/live/congresstrading
2026-06-17 09:55:02,676 [INFO] No trades returned from QuiverQuant
2026-06-17 10:00:02,319 [INFO] --- Checking trades for Markwayne Mullin ---
2026-06-17 10:00:05,647 [ERROR] Failed to fetch trades: 401 Client Error: Unauthorized for url: https://api.quiverquant.com/beta/live/congresstrading
2026-06-17 10:00:05,649 [INFO] No trades returned from QuiverQuant
2026-06-17 10:05:01,916 [INFO] --- Checking trades for Markwayne Mullin ---
2026-06-17 10:05:02,168 [INFO] Fetched 111 trades for Markwayne Mullin (total pool: 1000)
2026-06-17 10:05:02,171 [INFO] Found 0 new trades to process (out of 111 total)
2026-06-17 10:05:02,171 [INFO] No new trades — nothing to execute
2026-06-17 10:10:02,322 [INFO] --- Checking trades for Markwayne Mullin ---
2026-06-17 10:10:02,785 [INFO] Fetched 111 trades for Markwayne Mullin (total pool: 1000)
2026-06-17 10:10:02,788 [INFO] Found 0 new trades to process (out of 111 total)
2026-06-17 10:10:02,788 [INFO] No new trades — nothing to execute
2026-06-17 10:15:02,118 [INFO] --- Checking trades for Markwayne Mullin ---
2026-06-17 10:15:02,386 [INFO] Fetched 111 trades for Markwayne Mullin (total pool: 1000)
2026-06-17 10:15:02,388 [INFO] Found 0 new trades to process (out of 111 total)
2026-06-17 10:15:02,388 [INFO] No new trades — nothing to execute
2026-06-17 10:20:02,260 [INFO] --- Checking trades for Markwayne Mullin ---
2026-06-17 10:20:02,556 [INFO] Fetched 111 trades for Markwayne Mullin (total pool: 1000)
2026-06-17 10:20:02,559 [INFO] Found 0 new trades to process (out of 111 total)
2026-06-17 10:20:02,559 [INFO] No new trades — nothing to execute
2026-06-17 10:25:02,040 [INFO] --- Checking trades for Markwayne Mullin ---
2026-06-17 10:25:02,276 [INFO] Fetched 111 trades for Markwayne Mullin (total pool: 1000)
2026-06-17 10:25:02,278 [INFO] Found 0 new trades to process (out of 111 total)
2026-06-17 10:25:02,279 [INFO] No new trades — nothing to execute
2026-06-17 10:30:02,485 [INFO] --- Checking trades for Markwayne Mullin ---
2026-06-17 10:30:02,960 [INFO] Fetched 111 trades for Markwayne Mullin (total pool: 1000)
2026-06-17 10:30:02,963 [INFO] Found 0 new trades to process (out of 111 total)
2026-06-17 10:30:02,963 [INFO] No new trades — nothing to execute
2026-06-17 10:35:02,525 [INFO] --- Checking trades for Markwayne Mullin ---
2026-06-17 10:35:02,838 [INFO] Fetched 111 trades for Markwayne Mullin (total pool: 1000)
2026-06-17 10:35:02,841 [INFO] Found 0 new trades to process (out of 111 total)
2026-06-17 10:35:02,841 [INFO] No new trades — nothing to execute
2026-06-17 10:40:02,420 [INFO] --- Checking trades for Markwayne Mullin ---
2026-06-17 10:40:02,668 [INFO] Fetched 111 trades for Markwayne Mullin (total pool: 1000)
2026-06-17 10:40:02,671 [INFO] Found 0 new trades to process (out of 111 total)
2026-06-17 10:40:02,671 [INFO] No new trades — nothing to execute
2026-06-17 10:45:02,044 [INFO] --- Checking trades for Markwayne Mullin ---
2026-06-17 10:45:02,321 [INFO] Fetched 111 trades for Markwayne Mullin (total pool: 1000)
2026-06-17 10:45:02,324 [INFO] Found 0 new trades to process (out of 111 total)
2026-06-17 10:45:02,324 [INFO] No new trades — nothing to execute
2026-06-17 10:50:02,375 [INFO] --- Checking trades for Markwayne Mullin ---
2026-06-17 10:50:02,639 [INFO] Fetched 111 trades for Markwayne Mullin (total pool: 1000)
2026-06-17 10:50:02,641 [INFO] Found 0 new trades to process (out of 111 total)
2026-06-17 10:50:02,641 [INFO] No new trades — nothing to execute
2026-06-17 10:55:02,770 [INFO] --- Checking trades for Markwayne Mullin ---
2026-06-17 10:55:03,023 [INFO] Fetched 111 trades for Markwayne Mullin (total pool: 1000)
2026-06-17 10:55:03,025 [INFO] Found 0 new trades to process (out of 111 total)
2026-06-17 10:55:03,025 [INFO] No new trades — nothing to execute
2026-06-17 11:00:02,264 [INFO] --- Checking trades for Markwayne Mullin ---
2026-06-17 11:00:03,049 [INFO] Fetched 111 trades for Markwayne Mullin (total pool: 1000)
2026-06-17 11:00:03,053 [INFO] Found 0 new trades to process (out of 111 total)
2026-06-17 11:00:03,053 [INFO] No new trades — nothing to execute
2026-06-17 11:05:02,111 [INFO] --- Checking trades for Markwayne Mullin ---
2026-06-17 11:05:02,362 [INFO] Fetched 111 trades for Markwayne Mullin (total pool: 1000)
2026-06-17 11:05:02,365 [INFO] Found 0 new trades to process (out of 111 total)
2026-06-17 11:05:02,365 [INFO] No new trades — nothing to execute
2026-06-17 11:10:01,930 [INFO] --- Checking trades for Markwayne Mullin ---
2026-06-17 11:10:02,171 [INFO] Fetched 111 trades for Markwayne Mullin (total pool: 1000)
2026-06-17 11:10:02,175 [INFO] Found 0 new trades to process (out of 111 total)
2026-06-17 11:10:02,175 [INFO] No new trades — nothing to execute
2026-06-17 11:15:01,904 [INFO] --- Checking trades for Markwayne Mullin ---
2026-06-17 11:15:02,162 [INFO] Fetched 111 trades for Markwayne Mullin (total pool: 1000)
2026-06-17 11:15:02,165 [INFO] Found 0 new trades to process (out of 111 total)
2026-06-17 11:15:02,165 [INFO] No new trades — nothing to execute
2026-06-17 11:20:01,876 [INFO] --- Checking trades for Markwayne Mullin ---
2026-06-17 11:20:02,104 [INFO] Fetched 111 trades for Markwayne Mullin (total pool: 1000)
2026-06-17 11:20:02,107 [INFO] Found 0 new trades to process (out of 111 total)
2026-06-17 11:20:02,107 [INFO] No new trades — nothing to execute
2026-06-17 11:25:02,004 [INFO] --- Checking trades for Markwayne Mullin ---
2026-06-17 11:25:02,246 [INFO] Fetched 111 trades for Markwayne Mullin (total pool: 1000)
2026-06-17 11:25:02,248 [INFO] Found 0 new trades to process (out of 111 total)
2026-06-17 11:25:02,248 [INFO] No new trades — nothing to execute
2026-06-17 11:30:02,798 [INFO] --- Checking trades for Markwayne Mullin ---
2026-06-17 11:30:03,056 [INFO] Fetched 111 trades for Markwayne Mullin (total pool: 1000)
2026-06-17 11:30:03,059 [INFO] Found 0 new trades to process (out of 111 total)
2026-06-17 11:30:03,059 [INFO] No new trades — nothing to execute
2026-06-17 11:35:01,971 [INFO] --- Checking trades for Markwayne Mullin ---
2026-06-17 11:35:02,123 [INFO] Fetched 111 trades for Markwayne Mullin (total pool: 1000)
2026-06-17 11:35:02,125 [INFO] Found 0 new trades to process (out of 111 total)
2026-06-17 11:35:02,125 [INFO] No new trades — nothing to execute
2026-06-17 11:40:02,048 [INFO] --- Checking trades for Markwayne Mullin ---
2026-06-17 11:40:02,320 [ERROR] Failed to fetch trades: 401 Client Error: Unauthorized for url: https://api.quiverquant.com/beta/live/congresstrading
2026-06-17 11:40:02,322 [INFO] No trades returned from QuiverQuant
2026-06-17 11:45:02,350 [INFO] --- Checking trades for Markwayne Mullin ---
2026-06-17 11:45:02,894 [ERROR] Failed to fetch trades: 401 Client Error: Unauthorized for url: https://api.quiverquant.com/beta/live/congresstrading
2026-06-17 11:45:02,895 [INFO] No trades returned from QuiverQuant
2026-06-17 11:50:02,830 [INFO] --- Checking trades for Markwayne Mullin ---
2026-06-17 11:50:03,158 [ERROR] Failed to fetch trades: 401 Client Error: Unauthorized for url: https://api.quiverquant.com/beta/live/congresstrading
2026-06-17 11:50:03,159 [INFO] No trades returned from QuiverQuant
2026-06-17 11:55:02,160 [INFO] --- Checking trades for Markwayne Mullin ---
2026-06-17 11:55:02,470 [INFO] Fetched 111 trades for Markwayne Mullin (total pool: 1000)
2026-06-17 11:55:02,473 [INFO] Found 0 new trades to process (out of 111 total)
2026-06-17 11:55:02,473 [INFO] No new trades — nothing to execute
2026-06-17 12:00:02,607 [INFO] --- Checking trades for Markwayne Mullin ---
2026-06-17 12:00:03,079 [INFO] Fetched 111 trades for Markwayne Mullin (total pool: 1000)
2026-06-17 12:00:03,081 [INFO] Found 0 new trades to process (out of 111 total)
2026-06-17 12:00:03,081 [INFO] No new trades — nothing to execute
2026-06-17 12:05:02,529 [INFO] --- Checking trades for Markwayne Mullin ---
2026-06-17 12:05:02,783 [ERROR] Failed to fetch trades: 401 Client Error: Unauthorized for url: https://api.quiverquant.com/beta/live/congresstrading
2026-06-17 12:05:02,785 [INFO] No trades returned from QuiverQuant
2026-06-17 12:10:02,358 [INFO] --- Checking trades for Markwayne Mullin ---
2026-06-17 12:10:02,682 [INFO] Fetched 111 trades for Markwayne Mullin (total pool: 1000)
2026-06-17 12:10:02,685 [INFO] Found 0 new trades to process (out of 111 total)
2026-06-17 12:10:02,685 [INFO] No new trades — nothing to execute
2026-06-17 12:15:02,238 [INFO] --- Checking trades for Markwayne Mullin ---
2026-06-17 12:15:02,497 [INFO] Fetched 111 trades for Markwayne Mullin (total pool: 1000)
2026-06-17 12:15:02,500 [INFO] Found 0 new trades to process (out of 111 total)
2026-06-17 12:15:02,500 [INFO] No new trades — nothing to execute
2026-06-17 12:20:02,429 [INFO] --- Checking trades for Markwayne Mullin ---
2026-06-17 12:20:02,688 [INFO] Fetched 111 trades for Markwayne Mullin (total pool: 1000)
2026-06-17 12:20:02,691 [INFO] Found 0 new trades to process (out of 111 total)
2026-06-17 12:20:02,691 [INFO] No new trades — nothing to execute
2026-06-17 12:25:02,664 [INFO] --- Checking trades for Markwayne Mullin ---
2026-06-17 12:25:03,000 [INFO] Fetched 111 trades for Markwayne Mullin (total pool: 1000)
2026-06-17 12:25:03,003 [INFO] Found 0 new trades to process (out of 111 total)
2026-06-17 12:25:03,003 [INFO] No new trades — nothing to execute
2026-06-17 12:30:02,632 [INFO] --- Checking trades for Markwayne Mullin ---
2026-06-17 12:30:02,894 [INFO] Fetched 111 trades for Markwayne Mullin (total pool: 1000)
2026-06-17 12:30:02,897 [INFO] Found 0 new trades to process (out of 111 total)
2026-06-17 12:30:02,897 [INFO] No new trades — nothing to execute
2026-06-17 12:35:02,134 [INFO] --- Checking trades for Markwayne Mullin ---
2026-06-17 12:35:02,759 [ERROR] Failed to fetch trades: 401 Client Error: Unauthorized for url: https://api.quiverquant.com/beta/live/congresstrading
2026-06-17 12:35:02,761 [INFO] No trades returned from QuiverQuant
2026-06-17 12:40:01,918 [INFO] --- Checking trades for Markwayne Mullin ---
2026-06-17 12:40:02,075 [INFO] Fetched 111 trades for Markwayne Mullin (total pool: 1000)
2026-06-17 12:40:02,078 [INFO] Found 0 new trades to process (out of 111 total)
2026-06-17 12:40:02,078 [INFO] No new trades — nothing to execute
2026-06-17 12:45:02,778 [INFO] --- Checking trades for Markwayne Mullin ---
2026-06-17 12:45:03,072 [INFO] Fetched 111 trades for Markwayne Mullin (total pool: 1000)
2026-06-17 12:45:03,075 [INFO] Found 0 new trades to process (out of 111 total)
2026-06-17 12:45:03,075 [INFO] No new trades — nothing to execute
2026-06-17 12:50:02,344 [INFO] --- Checking trades for Markwayne Mullin ---
2026-06-17 12:50:02,670 [INFO] Fetched 111 trades for Markwayne Mullin (total pool: 1000)
2026-06-17 12:50:02,673 [INFO] Found 0 new trades to process (out of 111 total)
2026-06-17 12:50:02,673 [INFO] No new trades — nothing to execute
2026-06-17 12:55:02,319 [INFO] --- Checking trades for Markwayne Mullin ---
2026-06-17 12:55:02,626 [INFO] Fetched 111 trades for Markwayne Mullin (total pool: 1000)
2026-06-17 12:55:02,630 [INFO] Found 0 new trades to process (out of 111 total)
2026-06-17 12:55:02,630 [INFO] No new trades — nothing to execute
2026-06-17 13:00:02,061 [INFO] --- Checking trades for Markwayne Mullin ---
2026-06-17 13:00:05,021 [ERROR] Failed to fetch trades: 401 Client Error: Unauthorized for url: https://api.quiverquant.com/beta/live/congresstrading
2026-06-17 13:00:05,024 [INFO] No trades returned from QuiverQuant
2026-06-17 13:05:01,989 [INFO] --- Checking trades for Markwayne Mullin ---
2026-06-17 13:05:02,163 [INFO] Fetched 111 trades for Markwayne Mullin (total pool: 1000)
2026-06-17 13:05:02,166 [INFO] Found 0 new trades to process (out of 111 total)
2026-06-17 13:05:02,166 [INFO] No new trades — nothing to execute
2026-06-17 13:10:02,737 [INFO] --- Checking trades for Markwayne Mullin ---
2026-06-17 13:10:03,083 [INFO] Fetched 111 trades for Markwayne Mullin (total pool: 1000)
2026-06-17 13:10:03,086 [INFO] Found 0 new trades to process (out of 111 total)
2026-06-17 13:10:03,086 [INFO] No new trades — nothing to execute
2026-06-17 13:15:02,677 [INFO] --- Checking trades for Markwayne Mullin ---
2026-06-17 13:15:02,929 [INFO] Fetched 111 trades for Markwayne Mullin (total pool: 1000)
2026-06-17 13:15:02,931 [INFO] Found 0 new trades to process (out of 111 total)
2026-06-17 13:15:02,932 [INFO] No new trades — nothing to execute
2026-06-17 13:20:02,230 [INFO] --- Checking trades for Markwayne Mullin ---
2026-06-17 13:20:02,509 [INFO] Fetched 111 trades for Markwayne Mullin (total pool: 1000)
2026-06-17 13:20:02,512 [INFO] Found 0 new trades to process (out of 111 total)
2026-06-17 13:20:02,512 [INFO] No new trades — nothing to execute
2026-06-17 13:25:02,192 [INFO] --- Checking trades for Markwayne Mullin ---
2026-06-17 13:25:02,633 [ERROR] Failed to fetch trades: 401 Client Error: Unauthorized for url: https://api.quiverquant.com/beta/live/congresstrading
2026-06-17 13:25:02,635 [INFO] No trades returned from QuiverQuant
2026-06-17 13:30:02,692 [INFO] --- Checking trades for Markwayne Mullin ---
2026-06-17 13:30:02,935 [INFO] Fetched 111 trades for Markwayne Mullin (total pool: 1000)
2026-06-17 13:30:02,938 [INFO] Found 0 new trades to process (out of 111 total)
2026-06-17 13:30:02,938 [INFO] No new trades — nothing to execute
2026-06-17 13:35:02,613 [INFO] --- Checking trades for Markwayne Mullin ---
2026-06-17 13:35:02,889 [INFO] Fetched 111 trades for Markwayne Mullin (total pool: 1000)
2026-06-17 13:35:02,891 [INFO] Found 0 new trades to process (out of 111 total)
2026-06-17 13:35:02,891 [INFO] No new trades — nothing to execute
2026-06-17 13:40:02,747 [INFO] --- Checking trades for Markwayne Mullin ---
2026-06-17 13:40:03,301 [ERROR] Failed to fetch trades: 401 Client Error: Unauthorized for url: https://api.quiverquant.com/beta/live/congresstrading
2026-06-17 13:40:03,302 [INFO] No trades returned from QuiverQuant
2026-06-17 13:45:02,363 [INFO] --- Checking trades for Markwayne Mullin ---
2026-06-17 13:45:02,659 [INFO] Fetched 111 trades for Markwayne Mullin (total pool: 1000)
2026-06-17 13:45:02,661 [INFO] Found 0 new trades to process (out of 111 total)
2026-06-17 13:45:02,661 [INFO] No new trades — nothing to execute
2026-06-17 13:50:02,008 [INFO] --- Checking trades for Markwayne Mullin ---
2026-06-17 13:50:02,317 [INFO] Fetched 111 trades for Markwayne Mullin (total pool: 1000)
2026-06-17 13:50:02,321 [INFO] Found 0 new trades to process (out of 111 total)
2026-06-17 13:50:02,321 [INFO] No new trades — nothing to execute
2026-06-17 13:55:01,986 [INFO] --- Checking trades for Markwayne Mullin ---
2026-06-17 13:55:02,182 [INFO] Fetched 111 trades for Markwayne Mullin (total pool: 1000)
2026-06-17 13:55:02,185 [INFO] Found 0 new trades to process (out of 111 total)
2026-06-17 13:55:02,185 [INFO] No new trades — nothing to execute
2026-06-17 14:00:02,070 [INFO] --- Checking trades for Markwayne Mullin ---
2026-06-17 14:00:02,362 [INFO] Fetched 111 trades for Markwayne Mullin (total pool: 1000)
2026-06-17 14:00:02,365 [INFO] Found 0 new trades to process (out of 111 total)
2026-06-17 14:00:02,365 [INFO] No new trades — nothing to execute
2026-06-17 14:05:02,064 [INFO] --- Checking trades for Markwayne Mullin ---
2026-06-17 14:05:02,336 [ERROR] Failed to fetch trades: 401 Client Error: Unauthorized for url: https://api.quiverquant.com/beta/live/congresstrading
2026-06-17 14:05:02,338 [INFO] No trades returned from QuiverQuant
2026-06-17 14:10:02,575 [INFO] --- Checking trades for Markwayne Mullin ---
2026-06-17 14:10:02,863 [INFO] Fetched 111 trades for Markwayne Mullin (total pool: 1000)
2026-06-17 14:10:02,867 [INFO] Found 0 new trades to process (out of 111 total)
2026-06-17 14:10:02,867 [INFO] No new trades — nothing to execute
2026-06-17 14:15:02,116 [INFO] --- Checking trades for Markwayne Mullin ---
2026-06-17 14:15:02,461 [INFO] Fetched 111 trades for Markwayne Mullin (total pool: 1000)
2026-06-17 14:15:02,464 [INFO] Found 0 new trades to process (out of 111 total)
2026-06-17 14:15:02,464 [INFO] No new trades — nothing to execute
2026-06-17 14:20:02,481 [INFO] --- Checking trades for Markwayne Mullin ---
2026-06-17 14:20:02,795 [INFO] Fetched 111 trades for Markwayne Mullin (total pool: 1000)
2026-06-17 14:20:02,798 [INFO] Found 0 new trades to process (out of 111 total)
2026-06-17 14:20:02,798 [INFO] No new trades — nothing to execute
2026-06-17 14:25:02,170 [INFO] --- Checking trades for Markwayne Mullin ---
2026-06-17 14:25:02,675 [INFO] Fetched 111 trades for Markwayne Mullin (total pool: 1000)
2026-06-17 14:25:02,678 [INFO] Found 0 new trades to process (out of 111 total)
2026-06-17 14:25:02,678 [INFO] No new trades — nothing to execute
2026-06-17 14:30:02,257 [INFO] --- Checking trades for Markwayne Mullin ---
2026-06-17 14:30:02,507 [INFO] Fetched 111 trades for Markwayne Mullin (total pool: 1000)
2026-06-17 14:30:02,509 [INFO] Found 0 new trades to process (out of 111 total)
2026-06-17 14:30:02,510 [INFO] No new trades — nothing to execute
2026-06-17 14:35:02,199 [INFO] --- Checking trades for Markwayne Mullin ---
2026-06-17 14:35:02,524 [INFO] Fetched 111 trades for Markwayne Mullin (total pool: 1000)
2026-06-17 14:35:02,526 [INFO] Found 0 new trades to process (out of 111 total)
2026-06-17 14:35:02,526 [INFO] No new trades — nothing to execute
2026-06-17 14:40:02,555 [INFO] --- Checking trades for Markwayne Mullin ---
2026-06-17 14:40:03,075 [INFO] Fetched 111 trades for Markwayne Mullin (total pool: 1000)
2026-06-17 14:40:03,077 [INFO] Found 0 new trades to process (out of 111 total)
2026-06-17 14:40:03,077 [INFO] No new trades — nothing to execute
2026-06-17 14:45:02,219 [INFO] --- Checking trades for Markwayne Mullin ---
2026-06-17 14:45:03,558 [ERROR] Failed to fetch trades: 401 Client Error: Unauthorized for url: https://api.quiverquant.com/beta/live/congresstrading
2026-06-17 14:45:03,561 [INFO] No trades returned from QuiverQuant
2026-06-17 14:50:02,465 [INFO] --- Checking trades for Markwayne Mullin ---
2026-06-17 14:50:02,782 [INFO] Fetched 111 trades for Markwayne Mullin (total pool: 1000)
2026-06-17 14:50:02,785 [INFO] Found 0 new trades to process (out of 111 total)
2026-06-17 14:50:02,785 [INFO] No new trades — nothing to execute
2026-06-17 14:55:02,618 [INFO] --- Checking trades for Markwayne Mullin ---
2026-06-17 14:55:02,944 [INFO] Fetched 111 trades for Markwayne Mullin (total pool: 1000)
2026-06-17 14:55:02,946 [INFO] Found 0 new trades to process (out of 111 total)
2026-06-17 14:55:02,946 [INFO] No new trades — nothing to execute
2026-06-17 15:00:02,933 [INFO] --- Checking trades for Markwayne Mullin ---
2026-06-17 15:00:03,174 [INFO] Fetched 111 trades for Markwayne Mullin (total pool: 1000)
2026-06-17 15:00:03,177 [INFO] Found 0 new trades to process (out of 111 total)
2026-06-17 15:00:03,177 [INFO] No new trades — nothing to execute
2026-06-17 15:05:02,841 [INFO] --- Checking trades for Markwayne Mullin ---
2026-06-17 15:05:03,054 [INFO] Fetched 111 trades for Markwayne Mullin (total pool: 1000)
2026-06-17 15:05:03,056 [INFO] Found 0 new trades to process (out of 111 total)
2026-06-17 15:05:03,056 [INFO] No new trades — nothing to execute
2026-06-17 15:10:02,746 [INFO] --- Checking trades for Markwayne Mullin ---
2026-06-17 15:10:03,074 [INFO] Fetched 111 trades for Markwayne Mullin (total pool: 1000)
2026-06-17 15:10:03,077 [INFO] Found 0 new trades to process (out of 111 total)
2026-06-17 15:10:03,077 [INFO] No new trades — nothing to execute
2026-06-17 15:15:02,603 [INFO] --- Checking trades for Markwayne Mullin ---
2026-06-17 15:15:03,112 [INFO] Fetched 111 trades for Markwayne Mullin (total pool: 1000)
2026-06-17 15:15:03,114 [INFO] Found 0 new trades to process (out of 111 total)
2026-06-17 15:15:03,114 [INFO] No new trades — nothing to execute
2026-06-17 15:20:02,610 [INFO] --- Checking trades for Markwayne Mullin ---
2026-06-17 15:20:02,902 [INFO] Fetched 111 trades for Markwayne Mullin (total pool: 1000)
2026-06-17 15:20:02,905 [INFO] Found 0 new trades to process (out of 111 total)
2026-06-17 15:20:02,905 [INFO] No new trades — nothing to execute
2026-06-17 15:25:02,001 [INFO] --- Checking trades for Markwayne Mullin ---
2026-06-17 15:25:02,425 [INFO] Fetched 111 trades for Markwayne Mullin (total pool: 1000)
2026-06-17 15:25:02,427 [INFO] Found 0 new trades to process (out of 111 total)
2026-06-17 15:25:02,427 [INFO] No new trades — nothing to execute
2026-06-17 15:30:02,293 [INFO] --- Checking trades for Markwayne Mullin ---
2026-06-17 15:30:02,564 [INFO] Fetched 111 trades for Markwayne Mullin (total pool: 1000)
2026-06-17 15:30:02,568 [INFO] Found 0 new trades to process (out of 111 total)
2026-06-17 15:30:02,568 [INFO] No new trades — nothing to execute
2026-06-17 15:35:02,505 [INFO] --- Checking trades for Markwayne Mullin ---
2026-06-17 15:35:02,780 [ERROR] Failed to fetch trades: 401 Client Error: Unauthorized for url: https://api.quiverquant.com/beta/live/congresstrading
2026-06-17 15:35:02,781 [INFO] No trades returned from QuiverQuant
2026-06-17 15:40:02,371 [INFO] --- Checking trades for Markwayne Mullin ---
2026-06-17 15:40:02,682 [ERROR] Failed to fetch trades: 401 Client Error: Unauthorized for url: https://api.quiverquant.com/beta/live/congresstrading
2026-06-17 15:40:02,684 [INFO] No trades returned from QuiverQuant
2026-06-17 15:45:02,716 [INFO] --- Checking trades for Markwayne Mullin ---
2026-06-17 15:45:02,972 [INFO] Fetched 111 trades for Markwayne Mullin (total pool: 1000)
2026-06-17 15:45:02,975 [INFO] Found 0 new trades to process (out of 111 total)
2026-06-17 15:45:02,975 [INFO] No new trades — nothing to execute
2026-06-17 15:50:02,134 [INFO] --- Checking trades for Markwayne Mullin ---
2026-06-17 15:50:02,600 [INFO] Fetched 111 trades for Markwayne Mullin (total pool: 1000)
2026-06-17 15:50:02,602 [INFO] Found 0 new trades to process (out of 111 total)
2026-06-17 15:50:02,602 [INFO] No new trades — nothing to execute
2026-06-17 15:55:02,271 [INFO] --- Checking trades for Markwayne Mullin ---
2026-06-17 15:55:02,504 [INFO] Fetched 111 trades for Markwayne Mullin (total pool: 1000)
2026-06-17 15:55:02,507 [INFO] Found 0 new trades to process (out of 111 total)
2026-06-17 15:55:02,507 [INFO] No new trades — nothing to execute
2026-06-18 08:00:02,797 [INFO] --- Checking trades for Markwayne Mullin ---
2026-06-18 08:00:04,956 [ERROR] Failed to fetch trades: 401 Client Error: Unauthorized for url: https://api.quiverquant.com/beta/live/congresstrading
2026-06-18 08:00:04,957 [INFO] No trades returned from QuiverQuant
2026-06-18 08:05:01,973 [INFO] --- Checking trades for Markwayne Mullin ---
2026-06-18 08:05:02,376 [INFO] Fetched 111 trades for Markwayne Mullin (total pool: 1000)
2026-06-18 08:05:02,380 [INFO] Found 0 new trades to process (out of 111 total)
2026-06-18 08:05:02,380 [INFO] No new trades — nothing to execute
2026-06-18 08:10:02,403 [INFO] --- Checking trades for Markwayne Mullin ---
2026-06-18 08:10:02,669 [INFO] Fetched 111 trades for Markwayne Mullin (total pool: 1000)
2026-06-18 08:10:02,672 [INFO] Found 0 new trades to process (out of 111 total)
2026-06-18 08:10:02,672 [INFO] No new trades — nothing to execute
2026-06-18 08:15:02,472 [INFO] --- Checking trades for Markwayne Mullin ---
2026-06-18 08:15:02,941 [INFO] Fetched 111 trades for Markwayne Mullin (total pool: 1000)
2026-06-18 08:15:02,943 [INFO] Found 0 new trades to process (out of 111 total)
2026-06-18 08:15:02,943 [INFO] No new trades — nothing to execute
2026-06-18 08:20:02,447 [INFO] --- Checking trades for Markwayne Mullin ---
2026-06-18 08:20:02,766 [INFO] Fetched 111 trades for Markwayne Mullin (total pool: 1000)
2026-06-18 08:20:02,768 [INFO] Found 0 new trades to process (out of 111 total)
2026-06-18 08:20:02,769 [INFO] No new trades — nothing to execute
2026-06-18 08:25:02,337 [INFO] --- Checking trades for Markwayne Mullin ---
2026-06-18 08:25:02,618 [INFO] Fetched 111 trades for Markwayne Mullin (total pool: 1000)
2026-06-18 08:25:02,621 [INFO] Found 0 new trades to process (out of 111 total)
2026-06-18 08:25:02,621 [INFO] No new trades — nothing to execute
2026-06-18 08:30:02,472 [INFO] --- Checking trades for Markwayne Mullin ---
2026-06-18 08:30:03,369 [ERROR] Failed to fetch trades: 401 Client Error: Unauthorized for url: https://api.quiverquant.com/beta/live/congresstrading
2026-06-18 08:30:03,370 [INFO] No trades returned from QuiverQuant
2026-06-18 08:35:02,212 [INFO] --- Checking trades for Markwayne Mullin ---
2026-06-18 08:35:02,462 [INFO] Fetched 111 trades for Markwayne Mullin (total pool: 1000)
2026-06-18 08:35:02,465 [INFO] Found 0 new trades to process (out of 111 total)
2026-06-18 08:35:02,465 [INFO] No new trades — nothing to execute
2026-06-18 08:40:02,125 [INFO] --- Checking trades for Markwayne Mullin ---
2026-06-18 08:40:02,587 [INFO] Fetched 111 trades for Markwayne Mullin (total pool: 1000)
2026-06-18 08:40:02,590 [INFO] Found 0 new trades to process (out of 111 total)
2026-06-18 08:40:02,590 [INFO] No new trades — nothing to execute
2026-06-18 08:45:02,649 [INFO] --- Checking trades for Markwayne Mullin ---
2026-06-18 08:45:02,870 [ERROR] Failed to fetch trades: 401 Client Error: Unauthorized for url: https://api.quiverquant.com/beta/live/congresstrading
2026-06-18 08:45:02,871 [INFO] No trades returned from QuiverQuant
2026-06-18 08:50:02,406 [INFO] --- Checking trades for Markwayne Mullin ---
2026-06-18 08:50:02,766 [ERROR] Failed to fetch trades: 401 Client Error: Unauthorized for url: https://api.quiverquant.com/beta/live/congresstrading
2026-06-18 08:50:02,767 [INFO] No trades returned from QuiverQuant
2026-06-18 08:55:02,456 [INFO] --- Checking trades for Markwayne Mullin ---
2026-06-18 08:55:02,921 [INFO] Fetched 111 trades for Markwayne Mullin (total pool: 1000)
2026-06-18 08:55:02,923 [INFO] Found 0 new trades to process (out of 111 total)
2026-06-18 08:55:02,923 [INFO] No new trades — nothing to execute
2026-06-18 09:00:02,362 [INFO] --- Checking trades for Markwayne Mullin ---
2026-06-18 09:00:02,605 [INFO] Fetched 111 trades for Markwayne Mullin (total pool: 1000)
2026-06-18 09:00:02,608 [INFO] Found 0 new trades to process (out of 111 total)
2026-06-18 09:00:02,608 [INFO] No new trades — nothing to execute
2026-06-18 09:05:02,302 [INFO] --- Checking trades for Markwayne Mullin ---
2026-06-18 09:05:02,569 [INFO] Fetched 111 trades for Markwayne Mullin (total pool: 1000)
2026-06-18 09:05:02,572 [INFO] Found 0 new trades to process (out of 111 total)
2026-06-18 09:05:02,573 [INFO] No new trades — nothing to execute
2026-06-18 09:10:02,510 [INFO] --- Checking trades for Markwayne Mullin ---
2026-06-18 09:10:02,763 [INFO] Fetched 111 trades for Markwayne Mullin (total pool: 1000)
2026-06-18 09:10:02,765 [INFO] Found 0 new trades to process (out of 111 total)
2026-06-18 09:10:02,766 [INFO] No new trades — nothing to execute
2026-06-18 09:15:02,728 [INFO] --- Checking trades for Markwayne Mullin ---
2026-06-18 09:15:02,976 [INFO] Fetched 111 trades for Markwayne Mullin (total pool: 1000)
2026-06-18 09:15:02,979 [INFO] Found 0 new trades to process (out of 111 total)
2026-06-18 09:15:02,979 [INFO] No new trades — nothing to execute
2026-06-18 09:20:02,208 [INFO] --- Checking trades for Markwayne Mullin ---
2026-06-18 09:20:02,661 [INFO] Fetched 111 trades for Markwayne Mullin (total pool: 1000)
2026-06-18 09:20:02,664 [INFO] Found 0 new trades to process (out of 111 total)
2026-06-18 09:20:02,664 [INFO] No new trades — nothing to execute
2026-06-18 09:25:02,604 [INFO] --- Checking trades for Markwayne Mullin ---
2026-06-18 09:25:02,890 [INFO] Fetched 111 trades for Markwayne Mullin (total pool: 1000)
2026-06-18 09:25:02,892 [INFO] Found 0 new trades to process (out of 111 total)
2026-06-18 09:25:02,893 [INFO] No new trades — nothing to execute
2026-06-18 09:30:02,602 [INFO] --- Checking trades for Markwayne Mullin ---
2026-06-18 09:30:02,972 [INFO] Fetched 111 trades for Markwayne Mullin (total pool: 1000)
2026-06-18 09:30:02,975 [INFO] Found 0 new trades to process (out of 111 total)
2026-06-18 09:30:02,975 [INFO] No new trades — nothing to execute
2026-06-18 09:35:02,638 [INFO] --- Checking trades for Markwayne Mullin ---
2026-06-18 09:35:02,839 [INFO] Fetched 111 trades for Markwayne Mullin (total pool: 1000)
2026-06-18 09:35:02,842 [INFO] Found 0 new trades to process (out of 111 total)
2026-06-18 09:35:02,842 [INFO] No new trades — nothing to execute
2026-06-18 09:40:02,251 [INFO] --- Checking trades for Markwayne Mullin ---
2026-06-18 09:40:02,486 [INFO] Fetched 111 trades for Markwayne Mullin (total pool: 1000)
2026-06-18 09:40:02,489 [INFO] Found 0 new trades to process (out of 111 total)
2026-06-18 09:40:02,489 [INFO] No new trades — nothing to execute
2026-06-18 09:45:01,853 [INFO] --- Checking trades for Markwayne Mullin ---
2026-06-18 09:45:02,004 [INFO] Fetched 111 trades for Markwayne Mullin (total pool: 1000)
2026-06-18 09:45:02,006 [INFO] Found 0 new trades to process (out of 111 total)
2026-06-18 09:45:02,006 [INFO] No new trades — nothing to execute
2026-06-18 09:50:01,879 [INFO] --- Checking trades for Markwayne Mullin ---
2026-06-18 09:50:02,172 [INFO] Fetched 111 trades for Markwayne Mullin (total pool: 1000)
2026-06-18 09:50:02,174 [INFO] Found 0 new trades to process (out of 111 total)
2026-06-18 09:50:02,174 [INFO] No new trades — nothing to execute
2026-06-18 09:55:02,588 [INFO] --- Checking trades for Markwayne Mullin ---
2026-06-18 09:55:02,889 [INFO] Fetched 111 trades for Markwayne Mullin (total pool: 1000)
2026-06-18 09:55:02,892 [INFO] Found 0 new trades to process (out of 111 total)
2026-06-18 09:55:02,892 [INFO] No new trades — nothing to execute
2026-06-18 10:00:02,069 [INFO] --- Checking trades for Markwayne Mullin ---
2026-06-18 10:00:02,978 [INFO] Fetched 111 trades for Markwayne Mullin (total pool: 1000)
2026-06-18 10:00:02,980 [INFO] Found 0 new trades to process (out of 111 total)
2026-06-18 10:00:02,980 [INFO] No new trades — nothing to execute
2026-06-18 10:05:02,735 [INFO] --- Checking trades for Markwayne Mullin ---
2026-06-18 10:05:03,079 [INFO] Fetched 111 trades for Markwayne Mullin (total pool: 1000)
2026-06-18 10:05:03,081 [INFO] Found 0 new trades to process (out of 111 total)
2026-06-18 10:05:03,082 [INFO] No new trades — nothing to execute
2026-06-18 10:10:02,365 [INFO] --- Checking trades for Markwayne Mullin ---
2026-06-18 10:10:02,643 [INFO] Fetched 111 trades for Markwayne Mullin (total pool: 1000)
2026-06-18 10:10:02,645 [INFO] Found 0 new trades to process (out of 111 total)
2026-06-18 10:10:02,646 [INFO] No new trades — nothing to execute
2026-06-18 10:15:02,639 [INFO] --- Checking trades for Markwayne Mullin ---
2026-06-18 10:15:03,095 [INFO] Fetched 111 trades for Markwayne Mullin (total pool: 1000)
2026-06-18 10:15:03,097 [INFO] Found 0 new trades to process (out of 111 total)
2026-06-18 10:15:03,097 [INFO] No new trades — nothing to execute
2026-06-18 10:20:02,645 [INFO] --- Checking trades for Markwayne Mullin ---
2026-06-18 10:20:02,933 [INFO] Fetched 111 trades for Markwayne Mullin (total pool: 1000)
2026-06-18 10:20:02,936 [INFO] Found 0 new trades to process (out of 111 total)
2026-06-18 10:20:02,937 [INFO] No new trades — nothing to execute
2026-06-18 10:25:01,906 [INFO] --- Checking trades for Markwayne Mullin ---
2026-06-18 10:25:02,307 [ERROR] Failed to fetch trades: 401 Client Error: Unauthorized for url: https://api.quiverquant.com/beta/live/congresstrading
2026-06-18 10:25:02,308 [INFO] No trades returned from QuiverQuant
2026-06-18 10:30:02,517 [INFO] --- Checking trades for Markwayne Mullin ---
2026-06-18 10:30:02,824 [INFO] Fetched 111 trades for Markwayne Mullin (total pool: 1000)
2026-06-18 10:30:02,827 [INFO] Found 0 new trades to process (out of 111 total)
2026-06-18 10:30:02,827 [INFO] No new trades — nothing to execute
2026-06-18 10:35:02,700 [INFO] --- Checking trades for Markwayne Mullin ---
2026-06-18 10:35:02,923 [INFO] Fetched 111 trades for Markwayne Mullin (total pool: 1000)
2026-06-18 10:35:02,926 [INFO] Found 0 new trades to process (out of 111 total)
2026-06-18 10:35:02,926 [INFO] No new trades — nothing to execute
2026-06-18 10:40:02,722 [INFO] --- Checking trades for Markwayne Mullin ---
2026-06-18 10:40:02,982 [INFO] Fetched 111 trades for Markwayne Mullin (total pool: 1000)
2026-06-18 10:40:02,984 [INFO] Found 0 new trades to process (out of 111 total)
2026-06-18 10:40:02,985 [INFO] No new trades — nothing to execute
2026-06-18 10:45:02,328 [INFO] --- Checking trades for Markwayne Mullin ---
2026-06-18 10:45:02,995 [ERROR] Failed to fetch trades: 401 Client Error: Unauthorized for url: https://api.quiverquant.com/beta/live/congresstrading
2026-06-18 10:45:02,997 [INFO] No trades returned from QuiverQuant
2026-06-18 10:50:02,492 [INFO] --- Checking trades for Markwayne Mullin ---
2026-06-18 10:50:02,772 [INFO] Fetched 111 trades for Markwayne Mullin (total pool: 1000)
2026-06-18 10:50:02,774 [INFO] Found 0 new trades to process (out of 111 total)
2026-06-18 10:50:02,775 [INFO] No new trades — nothing to execute
2026-06-18 10:55:02,625 [INFO] --- Checking trades for Markwayne Mullin ---
2026-06-18 10:55:02,861 [INFO] Fetched 111 trades for Markwayne Mullin (total pool: 1000)
2026-06-18 10:55:02,863 [INFO] Found 0 new trades to process (out of 111 total)
2026-06-18 10:55:02,863 [INFO] No new trades — nothing to execute
2026-06-18 11:00:02,410 [INFO] --- Checking trades for Markwayne Mullin ---
2026-06-18 11:00:02,909 [INFO] Fetched 111 trades for Markwayne Mullin (total pool: 1000)
2026-06-18 11:00:02,911 [INFO] Found 0 new trades to process (out of 111 total)
2026-06-18 11:00:02,912 [INFO] No new trades — nothing to execute
2026-06-18 11:05:01,960 [INFO] --- Checking trades for Markwayne Mullin ---
2026-06-18 11:05:02,359 [INFO] Fetched 111 trades for Markwayne Mullin (total pool: 1000)
2026-06-18 11:05:02,361 [INFO] Found 0 new trades to process (out of 111 total)
2026-06-18 11:05:02,361 [INFO] No new trades — nothing to execute
2026-06-18 11:10:02,161 [INFO] --- Checking trades for Markwayne Mullin ---
2026-06-18 11:10:02,413 [INFO] Fetched 111 trades for Markwayne Mullin (total pool: 1000)
2026-06-18 11:10:02,416 [INFO] Found 0 new trades to process (out of 111 total)
2026-06-18 11:10:02,416 [INFO] No new trades — nothing to execute
2026-06-18 11:15:02,389 [INFO] --- Checking trades for Markwayne Mullin ---
2026-06-18 11:15:02,867 [INFO] Fetched 111 trades for Markwayne Mullin (total pool: 1000)
2026-06-18 11:15:02,870 [INFO] Found 0 new trades to process (out of 111 total)
2026-06-18 11:15:02,870 [INFO] No new trades — nothing to execute
2026-06-18 11:20:02,282 [INFO] --- Checking trades for Markwayne Mullin ---
2026-06-18 11:20:02,533 [INFO] Fetched 111 trades for Markwayne Mullin (total pool: 1000)
2026-06-18 11:20:02,535 [INFO] Found 0 new trades to process (out of 111 total)
2026-06-18 11:20:02,535 [INFO] No new trades — nothing to execute
2026-06-18 11:25:01,938 [INFO] --- Checking trades for Markwayne Mullin ---
2026-06-18 11:25:02,213 [INFO] Fetched 111 trades for Markwayne Mullin (total pool: 1000)
2026-06-18 11:25:02,216 [INFO] Found 0 new trades to process (out of 111 total)
2026-06-18 11:25:02,216 [INFO] No new trades — nothing to execute
2026-06-18 11:30:02,676 [INFO] --- Checking trades for Markwayne Mullin ---
2026-06-18 11:30:02,946 [INFO] Fetched 111 trades for Markwayne Mullin (total pool: 1000)
2026-06-18 11:30:02,948 [INFO] Found 0 new trades to process (out of 111 total)
2026-06-18 11:30:02,948 [INFO] No new trades — nothing to execute
2026-06-18 11:35:02,681 [INFO] --- Checking trades for Markwayne Mullin ---
2026-06-18 11:35:02,952 [INFO] Fetched 111 trades for Markwayne Mullin (total pool: 1000)
2026-06-18 11:35:02,955 [INFO] Found 0 new trades to process (out of 111 total)
2026-06-18 11:35:02,955 [INFO] No new trades — nothing to execute
2026-06-18 11:40:02,545 [INFO] --- Checking trades for Markwayne Mullin ---
2026-06-18 11:40:02,823 [INFO] Fetched 111 trades for Markwayne Mullin (total pool: 1000)
2026-06-18 11:40:02,826 [INFO] Found 0 new trades to process (out of 111 total)
2026-06-18 11:40:02,826 [INFO] No new trades — nothing to execute
2026-06-18 11:45:02,317 [INFO] --- Checking trades for Markwayne Mullin ---
2026-06-18 11:45:02,588 [ERROR] Failed to fetch trades: 401 Client Error: Unauthorized for url: https://api.quiverquant.com/beta/live/congresstrading
2026-06-18 11:45:02,590 [INFO] No trades returned from QuiverQuant
2026-06-18 11:50:01,817 [INFO] --- Checking trades for Markwayne Mullin ---
2026-06-18 11:50:02,029 [INFO] Fetched 111 trades for Markwayne Mullin (total pool: 1000)
2026-06-18 11:50:02,031 [INFO] Found 0 new trades to process (out of 111 total)
2026-06-18 11:50:02,031 [INFO] No new trades — nothing to execute
2026-06-18 11:55:02,730 [INFO] --- Checking trades for Markwayne Mullin ---
2026-06-18 11:55:03,036 [INFO] Fetched 111 trades for Markwayne Mullin (total pool: 1000)
2026-06-18 11:55:03,039 [INFO] Found 0 new trades to process (out of 111 total)
2026-06-18 11:55:03,039 [INFO] No new trades — nothing to execute
2026-06-18 12:00:02,325 [INFO] --- Checking trades for Markwayne Mullin ---
2026-06-18 12:00:04,043 [ERROR] Failed to fetch trades: 401 Client Error: Unauthorized for url: https://api.quiverquant.com/beta/live/congresstrading
2026-06-18 12:00:04,045 [INFO] No trades returned from QuiverQuant
2026-06-18 12:05:02,281 [INFO] --- Checking trades for Markwayne Mullin ---
2026-06-18 12:05:02,773 [INFO] Fetched 111 trades for Markwayne Mullin (total pool: 1000)
2026-06-18 12:05:02,775 [INFO] Found 0 new trades to process (out of 111 total)
2026-06-18 12:05:02,776 [INFO] No new trades — nothing to execute
2026-06-18 12:10:02,228 [INFO] --- Checking trades for Markwayne Mullin ---
2026-06-18 12:10:02,541 [INFO] Fetched 111 trades for Markwayne Mullin (total pool: 1000)
2026-06-18 12:10:02,545 [INFO] Found 0 new trades to process (out of 111 total)
2026-06-18 12:10:02,545 [INFO] No new trades — nothing to execute
2026-06-18 12:15:02,526 [INFO] --- Checking trades for Markwayne Mullin ---
2026-06-18 12:15:02,789 [INFO] Fetched 111 trades for Markwayne Mullin (total pool: 1000)
2026-06-18 12:15:02,791 [INFO] Found 0 new trades to process (out of 111 total)
2026-06-18 12:15:02,791 [INFO] No new trades — nothing to execute
2026-06-18 12:20:02,291 [INFO] --- Checking trades for Markwayne Mullin ---
2026-06-18 12:20:02,567 [INFO] Fetched 111 trades for Markwayne Mullin (total pool: 1000)
2026-06-18 12:20:02,570 [INFO] Found 0 new trades to process (out of 111 total)
2026-06-18 12:20:02,570 [INFO] No new trades — nothing to execute
2026-06-18 12:25:02,487 [INFO] --- Checking trades for Markwayne Mullin ---
2026-06-18 12:25:02,790 [INFO] Fetched 111 trades for Markwayne Mullin (total pool: 1000)
2026-06-18 12:25:02,794 [INFO] Found 0 new trades to process (out of 111 total)
2026-06-18 12:25:02,794 [INFO] No new trades — nothing to execute
2026-06-18 12:30:02,640 [INFO] --- Checking trades for Markwayne Mullin ---
2026-06-18 12:30:03,421 [INFO] Fetched 111 trades for Markwayne Mullin (total pool: 1000)
2026-06-18 12:30:03,424 [INFO] Found 0 new trades to process (out of 111 total)
2026-06-18 12:30:03,424 [INFO] No new trades — nothing to execute
2026-06-18 12:35:02,048 [INFO] --- Checking trades for Markwayne Mullin ---
2026-06-18 12:35:02,305 [ERROR] Failed to fetch trades: 401 Client Error: Unauthorized for url: https://api.quiverquant.com/beta/live/congresstrading
2026-06-18 12:35:02,306 [INFO] No trades returned from QuiverQuant
2026-06-18 12:40:02,027 [INFO] --- Checking trades for Markwayne Mullin ---
2026-06-18 12:40:02,288 [INFO] Fetched 111 trades for Markwayne Mullin (total pool: 1000)
2026-06-18 12:40:02,290 [INFO] Found 0 new trades to process (out of 111 total)
2026-06-18 12:40:02,290 [INFO] No new trades — nothing to execute
2026-06-18 12:45:01,984 [INFO] --- Checking trades for Markwayne Mullin ---
2026-06-18 12:45:02,156 [INFO] Fetched 111 trades for Markwayne Mullin (total pool: 1000)
2026-06-18 12:45:02,159 [INFO] Found 0 new trades to process (out of 111 total)
2026-06-18 12:45:02,159 [INFO] No new trades — nothing to execute
2026-06-18 12:50:01,805 [INFO] --- Checking trades for Markwayne Mullin ---
2026-06-18 12:50:02,096 [INFO] Fetched 111 trades for Markwayne Mullin (total pool: 1000)
2026-06-18 12:50:02,098 [INFO] Found 0 new trades to process (out of 111 total)
2026-06-18 12:50:02,099 [INFO] No new trades — nothing to execute
2026-06-18 12:55:02,589 [INFO] --- Checking trades for Markwayne Mullin ---
2026-06-18 12:55:03,082 [INFO] Fetched 111 trades for Markwayne Mullin (total pool: 1000)
2026-06-18 12:55:03,085 [INFO] Found 0 new trades to process (out of 111 total)
2026-06-18 12:55:03,085 [INFO] No new trades — nothing to execute
2026-06-18 13:00:02,027 [INFO] --- Checking trades for Markwayne Mullin ---
2026-06-18 13:00:02,275 [INFO] Fetched 111 trades for Markwayne Mullin (total pool: 1000)
2026-06-18 13:00:02,278 [INFO] Found 0 new trades to process (out of 111 total)
2026-06-18 13:00:02,278 [INFO] No new trades — nothing to execute
2026-06-18 13:05:01,879 [INFO] --- Checking trades for Markwayne Mullin ---
2026-06-18 13:05:02,257 [INFO] Fetched 111 trades for Markwayne Mullin (total pool: 1000)
2026-06-18 13:05:02,260 [INFO] Found 0 new trades to process (out of 111 total)
2026-06-18 13:05:02,260 [INFO] No new trades — nothing to execute
2026-06-18 13:10:02,267 [INFO] --- Checking trades for Markwayne Mullin ---
2026-06-18 13:10:02,531 [INFO] Fetched 111 trades for Markwayne Mullin (total pool: 1000)
2026-06-18 13:10:02,533 [INFO] Found 0 new trades to process (out of 111 total)
2026-06-18 13:10:02,533 [INFO] No new trades — nothing to execute
2026-06-18 13:15:01,947 [INFO] --- Checking trades for Markwayne Mullin ---
2026-06-18 13:15:02,345 [ERROR] Failed to fetch trades: 401 Client Error: Unauthorized for url: https://api.quiverquant.com/beta/live/congresstrading
2026-06-18 13:15:02,348 [INFO] No trades returned from QuiverQuant
2026-06-18 13:20:02,564 [INFO] --- Checking trades for Markwayne Mullin ---
2026-06-18 13:20:02,889 [ERROR] Failed to fetch trades: 401 Client Error: Unauthorized for url: https://api.quiverquant.com/beta/live/congresstrading
2026-06-18 13:20:02,890 [INFO] No trades returned from QuiverQuant
2026-06-18 13:25:02,025 [INFO] --- Checking trades for Markwayne Mullin ---
2026-06-18 13:25:02,275 [ERROR] Failed to fetch trades: 401 Client Error: Unauthorized for url: https://api.quiverquant.com/beta/live/congresstrading
2026-06-18 13:25:02,277 [INFO] No trades returned from QuiverQuant
2026-06-18 13:30:02,653 [INFO] --- Checking trades for Markwayne Mullin ---
2026-06-18 13:30:04,700 [ERROR] Failed to fetch trades: 401 Client Error: Unauthorized for url: https://api.quiverquant.com/beta/live/congresstrading
2026-06-18 13:30:04,702 [INFO] No trades returned from QuiverQuant
2026-06-18 13:35:02,561 [INFO] --- Checking trades for Markwayne Mullin ---
2026-06-18 13:35:02,831 [INFO] Fetched 111 trades for Markwayne Mullin (total pool: 1000)
2026-06-18 13:35:02,834 [INFO] Found 0 new trades to process (out of 111 total)
2026-06-18 13:35:02,834 [INFO] No new trades — nothing to execute
2026-06-18 13:40:02,681 [INFO] --- Checking trades for Markwayne Mullin ---
2026-06-18 13:40:02,916 [INFO] Fetched 111 trades for Markwayne Mullin (total pool: 1000)
2026-06-18 13:40:02,918 [INFO] Found 0 new trades to process (out of 111 total)
2026-06-18 13:40:02,918 [INFO] No new trades — nothing to execute
2026-06-18 13:45:02,589 [INFO] --- Checking trades for Markwayne Mullin ---
2026-06-18 13:45:02,852 [INFO] Fetched 111 trades for Markwayne Mullin (total pool: 1000)
2026-06-18 13:45:02,855 [INFO] Found 0 new trades to process (out of 111 total)
2026-06-18 13:45:02,855 [INFO] No new trades — nothing to execute
2026-06-18 13:50:02,752 [INFO] --- Checking trades for Markwayne Mullin ---
2026-06-18 13:50:03,054 [INFO] Fetched 111 trades for Markwayne Mullin (total pool: 1000)
2026-06-18 13:50:03,057 [INFO] Found 0 new trades to process (out of 111 total)
2026-06-18 13:50:03,057 [INFO] No new trades — nothing to execute
2026-06-18 13:55:02,094 [INFO] --- Checking trades for Markwayne Mullin ---
2026-06-18 13:55:02,420 [INFO] Fetched 111 trades for Markwayne Mullin (total pool: 1000)
2026-06-18 13:55:02,423 [INFO] Found 0 new trades to process (out of 111 total)
2026-06-18 13:55:02,423 [INFO] No new trades — nothing to execute
2026-06-18 14:00:02,435 [INFO] --- Checking trades for Markwayne Mullin ---
2026-06-18 14:00:02,730 [INFO] Fetched 111 trades for Markwayne Mullin (total pool: 1000)
2026-06-18 14:00:02,733 [INFO] Found 0 new trades to process (out of 111 total)
2026-06-18 14:00:02,733 [INFO] No new trades — nothing to execute
2026-06-18 14:05:01,952 [INFO] --- Checking trades for Markwayne Mullin ---
2026-06-18 14:05:02,191 [ERROR] Failed to fetch trades: 401 Client Error: Unauthorized for url: https://api.quiverquant.com/beta/live/congresstrading
2026-06-18 14:05:02,192 [INFO] No trades returned from QuiverQuant
2026-06-18 14:10:02,808 [INFO] --- Checking trades for Markwayne Mullin ---
2026-06-18 14:10:03,073 [ERROR] Failed to fetch trades: 401 Client Error: Unauthorized for url: https://api.quiverquant.com/beta/live/congresstrading
2026-06-18 14:10:03,074 [INFO] No trades returned from QuiverQuant
2026-06-18 14:15:01,903 [INFO] --- Checking trades for Markwayne Mullin ---
2026-06-18 14:15:02,135 [INFO] Fetched 111 trades for Markwayne Mullin (total pool: 1000)
2026-06-18 14:15:02,137 [INFO] Found 0 new trades to process (out of 111 total)
2026-06-18 14:15:02,137 [INFO] No new trades — nothing to execute
2026-06-18 14:20:02,348 [INFO] --- Checking trades for Markwayne Mullin ---
2026-06-18 14:20:02,596 [INFO] Fetched 111 trades for Markwayne Mullin (total pool: 1000)
2026-06-18 14:20:02,598 [INFO] Found 0 new trades to process (out of 111 total)
2026-06-18 14:20:02,599 [INFO] No new trades — nothing to execute
2026-06-18 14:25:02,359 [INFO] --- Checking trades for Markwayne Mullin ---
2026-06-18 14:25:02,642 [INFO] Fetched 111 trades for Markwayne Mullin (total pool: 1000)
2026-06-18 14:25:02,645 [INFO] Found 0 new trades to process (out of 111 total)
2026-06-18 14:25:02,645 [INFO] No new trades — nothing to execute
2026-06-18 14:30:02,045 [INFO] --- Checking trades for Markwayne Mullin ---
2026-06-18 14:30:02,330 [INFO] Fetched 111 trades for Markwayne Mullin (total pool: 1000)
2026-06-18 14:30:02,333 [INFO] Found 0 new trades to process (out of 111 total)
2026-06-18 14:30:02,333 [INFO] No new trades — nothing to execute
2026-06-18 14:35:02,647 [INFO] --- Checking trades for Markwayne Mullin ---
2026-06-18 14:35:02,937 [INFO] Fetched 111 trades for Markwayne Mullin (total pool: 1000)
2026-06-18 14:35:02,940 [INFO] Found 0 new trades to process (out of 111 total)
2026-06-18 14:35:02,940 [INFO] No new trades — nothing to execute
2026-06-18 14:40:02,654 [INFO] --- Checking trades for Markwayne Mullin ---
2026-06-18 14:40:03,119 [INFO] Fetched 111 trades for Markwayne Mullin (total pool: 1000)
2026-06-18 14:40:03,122 [INFO] Found 0 new trades to process (out of 111 total)
2026-06-18 14:40:03,122 [INFO] No new trades — nothing to execute
2026-06-18 14:45:01,958 [INFO] --- Checking trades for Markwayne Mullin ---
2026-06-18 14:45:02,173 [INFO] Fetched 111 trades for Markwayne Mullin (total pool: 1000)
2026-06-18 14:45:02,176 [INFO] Found 0 new trades to process (out of 111 total)
2026-06-18 14:45:02,176 [INFO] No new trades — nothing to execute
2026-06-18 14:50:02,113 [INFO] --- Checking trades for Markwayne Mullin ---
2026-06-18 14:50:02,434 [INFO] Fetched 111 trades for Markwayne Mullin (total pool: 1000)
2026-06-18 14:50:02,437 [INFO] Found 0 new trades to process (out of 111 total)
2026-06-18 14:50:02,437 [INFO] No new trades — nothing to execute
2026-06-18 14:55:02,155 [INFO] --- Checking trades for Markwayne Mullin ---
2026-06-18 14:55:02,448 [INFO] Fetched 111 trades for Markwayne Mullin (total pool: 1000)
2026-06-18 14:55:02,452 [INFO] Found 0 new trades to process (out of 111 total)
2026-06-18 14:55:02,452 [INFO] No new trades — nothing to execute
2026-06-18 15:00:02,778 [INFO] --- Checking trades for Markwayne Mullin ---
2026-06-18 15:00:03,094 [INFO] Fetched 111 trades for Markwayne Mullin (total pool: 1000)
2026-06-18 15:00:03,097 [INFO] Found 0 new trades to process (out of 111 total)
2026-06-18 15:00:03,097 [INFO] No new trades — nothing to execute
2026-06-18 15:05:02,817 [INFO] --- Checking trades for Markwayne Mullin ---
2026-06-18 15:05:03,070 [INFO] Fetched 111 trades for Markwayne Mullin (total pool: 1000)
2026-06-18 15:05:03,073 [INFO] Found 0 new trades to process (out of 111 total)
2026-06-18 15:05:03,073 [INFO] No new trades — nothing to execute
2026-06-18 15:10:02,768 [INFO] --- Checking trades for Markwayne Mullin ---
2026-06-18 15:10:03,013 [INFO] Fetched 111 trades for Markwayne Mullin (total pool: 1000)
2026-06-18 15:10:03,015 [INFO] Found 0 new trades to process (out of 111 total)
2026-06-18 15:10:03,015 [INFO] No new trades — nothing to execute
2026-06-18 15:15:01,981 [INFO] --- Checking trades for Markwayne Mullin ---
2026-06-18 15:15:02,419 [ERROR] Failed to fetch trades: 401 Client Error: Unauthorized for url: https://api.quiverquant.com/beta/live/congresstrading
2026-06-18 15:15:02,421 [INFO] No trades returned from QuiverQuant
2026-06-18 15:20:02,787 [INFO] --- Checking trades for Markwayne Mullin ---
2026-06-18 15:20:03,249 [INFO] Fetched 111 trades for Markwayne Mullin (total pool: 1000)
2026-06-18 15:20:03,251 [INFO] Found 0 new trades to process (out of 111 total)
2026-06-18 15:20:03,251 [INFO] No new trades — nothing to execute
2026-06-18 15:25:02,101 [INFO] --- Checking trades for Markwayne Mullin ---
2026-06-18 15:25:02,608 [ERROR] Failed to fetch trades: 401 Client Error: Unauthorized for url: https://api.quiverquant.com/beta/live/congresstrading
2026-06-18 15:25:02,609 [INFO] No trades returned from QuiverQuant
2026-06-18 15:30:02,422 [INFO] --- Checking trades for Markwayne Mullin ---
2026-06-18 15:30:02,639 [INFO] Fetched 111 trades for Markwayne Mullin (total pool: 1000)
2026-06-18 15:30:02,641 [INFO] Found 0 new trades to process (out of 111 total)
2026-06-18 15:30:02,641 [INFO] No new trades — nothing to execute
2026-06-18 15:35:02,623 [INFO] --- Checking trades for Markwayne Mullin ---
2026-06-18 15:35:03,450 [ERROR] Failed to fetch trades: 401 Client Error: Unauthorized for url: https://api.quiverquant.com/beta/live/congresstrading
2026-06-18 15:35:03,452 [INFO] No trades returned from QuiverQuant
2026-06-18 15:40:02,194 [INFO] --- Checking trades for Markwayne Mullin ---
2026-06-18 15:40:02,521 [INFO] Fetched 111 trades for Markwayne Mullin (total pool: 1000)
2026-06-18 15:40:02,524 [INFO] Found 0 new trades to process (out of 111 total)
2026-06-18 15:40:02,524 [INFO] No new trades — nothing to execute
2026-06-18 15:45:02,189 [INFO] --- Checking trades for Markwayne Mullin ---
2026-06-18 15:45:02,708 [INFO] Fetched 111 trades for Markwayne Mullin (total pool: 1000)
2026-06-18 15:45:02,711 [INFO] Found 0 new trades to process (out of 111 total)
2026-06-18 15:45:02,711 [INFO] No new trades — nothing to execute
2026-06-18 15:50:02,281 [INFO] --- Checking trades for Markwayne Mullin ---
2026-06-18 15:50:02,550 [INFO] Fetched 111 trades for Markwayne Mullin (total pool: 1000)
2026-06-18 15:50:02,553 [INFO] Found 0 new trades to process (out of 111 total)
2026-06-18 15:50:02,553 [INFO] No new trades — nothing to execute
2026-06-18 15:55:02,384 [INFO] --- Checking trades for Markwayne Mullin ---
2026-06-18 15:55:02,663 [INFO] Fetched 111 trades for Markwayne Mullin (total pool: 1000)
2026-06-18 15:55:02,665 [INFO] Found 0 new trades to process (out of 111 total)
2026-06-18 15:55:02,665 [INFO] No new trades — nothing to execute
2026-06-19 08:00:02,371 [INFO] --- Checking trades for Markwayne Mullin ---
2026-06-19 08:00:05,727 [INFO] Fetched 111 trades for Markwayne Mullin (total pool: 1000)
2026-06-19 08:00:05,729 [INFO] Found 0 new trades to process (out of 111 total)
2026-06-19 08:00:05,729 [INFO] No new trades — nothing to execute
2026-06-19 08:05:02,476 [INFO] --- Checking trades for Markwayne Mullin ---
2026-06-19 08:05:02,775 [INFO] Fetched 111 trades for Markwayne Mullin (total pool: 1000)
2026-06-19 08:05:02,777 [INFO] Found 0 new trades to process (out of 111 total)
2026-06-19 08:05:02,777 [INFO] No new trades — nothing to execute
2026-06-19 08:10:02,332 [INFO] --- Checking trades for Markwayne Mullin ---
2026-06-19 08:10:02,592 [INFO] Fetched 111 trades for Markwayne Mullin (total pool: 1000)
2026-06-19 08:10:02,595 [INFO] Found 0 new trades to process (out of 111 total)
2026-06-19 08:10:02,595 [INFO] No new trades — nothing to execute
2026-06-19 08:15:02,053 [INFO] --- Checking trades for Markwayne Mullin ---
2026-06-19 08:15:02,325 [INFO] Fetched 111 trades for Markwayne Mullin (total pool: 1000)
2026-06-19 08:15:02,328 [INFO] Found 0 new trades to process (out of 111 total)
2026-06-19 08:15:02,328 [INFO] No new trades — nothing to execute
2026-06-19 08:20:02,003 [INFO] --- Checking trades for Markwayne Mullin ---
2026-06-19 08:20:02,456 [INFO] Fetched 111 trades for Markwayne Mullin (total pool: 1000)
2026-06-19 08:20:02,459 [INFO] Found 0 new trades to process (out of 111 total)
2026-06-19 08:20:02,459 [INFO] No new trades — nothing to execute
2026-06-19 08:25:02,642 [INFO] --- Checking trades for Markwayne Mullin ---
2026-06-19 08:25:02,888 [ERROR] Failed to fetch trades: 401 Client Error: Unauthorized for url: https://api.quiverquant.com/beta/live/congresstrading
2026-06-19 08:25:02,889 [INFO] No trades returned from QuiverQuant
2026-06-19 08:30:02,346 [INFO] --- Checking trades for Markwayne Mullin ---
2026-06-19 08:30:02,548 [INFO] Fetched 111 trades for Markwayne Mullin (total pool: 1000)
2026-06-19 08:30:02,551 [INFO] Found 0 new trades to process (out of 111 total)
2026-06-19 08:30:02,551 [INFO] No new trades — nothing to execute
2026-06-19 08:35:02,774 [INFO] --- Checking trades for Markwayne Mullin ---
2026-06-19 08:35:03,068 [ERROR] Failed to fetch trades: 401 Client Error: Unauthorized for url: https://api.quiverquant.com/beta/live/congresstrading
2026-06-19 08:35:03,070 [INFO] No trades returned from QuiverQuant
2026-06-19 08:40:02,300 [INFO] --- Checking trades for Markwayne Mullin ---
2026-06-19 08:40:02,557 [INFO] Fetched 111 trades for Markwayne Mullin (total pool: 1000)
2026-06-19 08:40:02,560 [INFO] Found 0 new trades to process (out of 111 total)
2026-06-19 08:40:02,560 [INFO] No new trades — nothing to execute
2026-06-19 08:45:02,068 [INFO] --- Checking trades for Markwayne Mullin ---
2026-06-19 08:45:02,369 [INFO] Fetched 111 trades for Markwayne Mullin (total pool: 1000)
2026-06-19 08:45:02,372 [INFO] Found 0 new trades to process (out of 111 total)
2026-06-19 08:45:02,372 [INFO] No new trades — nothing to execute
2026-06-19 08:50:02,090 [INFO] --- Checking trades for Markwayne Mullin ---
2026-06-19 08:50:02,338 [INFO] Fetched 111 trades for Markwayne Mullin (total pool: 1000)
2026-06-19 08:50:02,342 [INFO] Found 0 new trades to process (out of 111 total)
2026-06-19 08:50:02,342 [INFO] No new trades — nothing to execute
2026-06-19 08:55:02,331 [INFO] --- Checking trades for Markwayne Mullin ---
2026-06-19 08:55:02,968 [ERROR] Failed to fetch trades: 401 Client Error: Unauthorized for url: https://api.quiverquant.com/beta/live/congresstrading
2026-06-19 08:55:02,970 [INFO] No trades returned from QuiverQuant
2026-06-19 09:00:02,688 [INFO] --- Checking trades for Markwayne Mullin ---
2026-06-19 09:00:04,503 [ERROR] Failed to fetch trades: 401 Client Error: Unauthorized for url: https://api.quiverquant.com/beta/live/congresstrading
2026-06-19 09:00:04,505 [INFO] No trades returned from QuiverQuant
2026-06-19 09:05:02,099 [INFO] --- Checking trades for Markwayne Mullin ---
2026-06-19 09:05:02,373 [INFO] Fetched 111 trades for Markwayne Mullin (total pool: 1000)
2026-06-19 09:05:02,376 [INFO] Found 0 new trades to process (out of 111 total)
2026-06-19 09:05:02,376 [INFO] No new trades — nothing to execute
2026-06-19 09:10:02,602 [INFO] --- Checking trades for Markwayne Mullin ---
2026-06-19 09:10:02,882 [INFO] Fetched 111 trades for Markwayne Mullin (total pool: 1000)
2026-06-19 09:10:02,885 [INFO] Found 0 new trades to process (out of 111 total)
2026-06-19 09:10:02,885 [INFO] No new trades — nothing to execute
2026-06-19 09:15:01,904 [INFO] --- Checking trades for Markwayne Mullin ---
2026-06-19 09:15:02,083 [INFO] Fetched 111 trades for Markwayne Mullin (total pool: 1000)
2026-06-19 09:15:02,085 [INFO] Found 0 new trades to process (out of 111 total)
2026-06-19 09:15:02,085 [INFO] No new trades — nothing to execute
2026-06-19 09:20:02,617 [INFO] --- Checking trades for Markwayne Mullin ---
2026-06-19 09:20:03,285 [INFO] Fetched 111 trades for Markwayne Mullin (total pool: 1000)
2026-06-19 09:20:03,289 [INFO] Found 0 new trades to process (out of 111 total)
2026-06-19 09:20:03,289 [INFO] No new trades — nothing to execute
2026-06-19 09:25:01,864 [INFO] --- Checking trades for Markwayne Mullin ---
2026-06-19 09:25:02,047 [INFO] Fetched 111 trades for Markwayne Mullin (total pool: 1000)
2026-06-19 09:25:02,049 [INFO] Found 0 new trades to process (out of 111 total)
2026-06-19 09:25:02,049 [INFO] No new trades — nothing to execute
2026-06-19 09:30:02,588 [INFO] --- Checking trades for Markwayne Mullin ---
2026-06-19 09:30:02,905 [INFO] Fetched 111 trades for Markwayne Mullin (total pool: 1000)
2026-06-19 09:30:02,909 [INFO] Found 0 new trades to process (out of 111 total)
2026-06-19 09:30:02,909 [INFO] No new trades — nothing to execute
2026-06-19 09:35:01,981 [INFO] --- Checking trades for Markwayne Mullin ---
2026-06-19 09:35:03,724 [INFO] Fetched 111 trades for Markwayne Mullin (total pool: 1000)
2026-06-19 09:35:03,726 [INFO] Found 0 new trades to process (out of 111 total)
2026-06-19 09:35:03,727 [INFO] No new trades — nothing to execute
2026-06-19 09:40:02,374 [INFO] --- Checking trades for Markwayne Mullin ---
2026-06-19 09:40:02,582 [INFO] Fetched 111 trades for Markwayne Mullin (total pool: 1000)
2026-06-19 09:40:02,585 [INFO] Found 0 new trades to process (out of 111 total)
2026-06-19 09:40:02,585 [INFO] No new trades — nothing to execute
2026-06-19 09:45:02,054 [INFO] --- Checking trades for Markwayne Mullin ---
2026-06-19 09:45:02,336 [INFO] Fetched 111 trades for Markwayne Mullin (total pool: 1000)
2026-06-19 09:45:02,340 [INFO] Found 0 new trades to process (out of 111 total)
2026-06-19 09:45:02,341 [INFO] No new trades — nothing to execute
2026-06-19 09:50:02,627 [INFO] --- Checking trades for Markwayne Mullin ---
2026-06-19 09:50:02,940 [INFO] Fetched 111 trades for Markwayne Mullin (total pool: 1000)
2026-06-19 09:50:02,943 [INFO] Found 0 new trades to process (out of 111 total)
2026-06-19 09:50:02,943 [INFO] No new trades — nothing to execute
2026-06-19 09:55:02,279 [INFO] --- Checking trades for Markwayne Mullin ---
2026-06-19 09:55:02,602 [INFO] Fetched 111 trades for Markwayne Mullin (total pool: 1000)
2026-06-19 09:55:02,605 [INFO] Found 0 new trades to process (out of 111 total)
2026-06-19 09:55:02,605 [INFO] No new trades — nothing to execute
2026-06-19 10:00:02,168 [INFO] --- Checking trades for Markwayne Mullin ---
2026-06-19 10:00:03,911 [INFO] Fetched 111 trades for Markwayne Mullin (total pool: 1000)
2026-06-19 10:00:03,913 [INFO] Found 0 new trades to process (out of 111 total)
2026-06-19 10:00:03,913 [INFO] No new trades — nothing to execute
2026-06-19 10:05:01,961 [INFO] --- Checking trades for Markwayne Mullin ---
2026-06-19 10:05:02,192 [INFO] Fetched 111 trades for Markwayne Mullin (total pool: 1000)
2026-06-19 10:05:02,194 [INFO] Found 0 new trades to process (out of 111 total)
2026-06-19 10:05:02,194 [INFO] No new trades — nothing to execute
2026-06-19 10:10:02,439 [INFO] --- Checking trades for Markwayne Mullin ---
2026-06-19 10:10:02,683 [INFO] Fetched 111 trades for Markwayne Mullin (total pool: 1000)
2026-06-19 10:10:02,687 [INFO] Found 0 new trades to process (out of 111 total)
2026-06-19 10:10:02,687 [INFO] No new trades — nothing to execute
2026-06-19 10:15:02,178 [INFO] --- Checking trades for Markwayne Mullin ---
2026-06-19 10:15:03,991 [ERROR] Failed to fetch trades: 401 Client Error: Unauthorized for url: https://api.quiverquant.com/beta/live/congresstrading
2026-06-19 10:15:03,994 [INFO] No trades returned from QuiverQuant
2026-06-19 10:20:02,667 [INFO] --- Checking trades for Markwayne Mullin ---
2026-06-19 10:20:02,946 [INFO] Fetched 111 trades for Markwayne Mullin (total pool: 1000)
2026-06-19 10:20:02,949 [INFO] Found 0 new trades to process (out of 111 total)
2026-06-19 10:20:02,949 [INFO] No new trades — nothing to execute
2026-06-19 10:25:02,621 [INFO] --- Checking trades for Markwayne Mullin ---
2026-06-19 10:25:03,074 [INFO] Fetched 111 trades for Markwayne Mullin (total pool: 1000)
2026-06-19 10:25:03,076 [INFO] Found 0 new trades to process (out of 111 total)
2026-06-19 10:25:03,076 [INFO] No new trades — nothing to execute
2026-06-19 10:30:02,196 [INFO] --- Checking trades for Markwayne Mullin ---
2026-06-19 10:30:03,260 [ERROR] Failed to fetch trades: 401 Client Error: Unauthorized for url: https://api.quiverquant.com/beta/live/congresstrading
2026-06-19 10:30:03,261 [INFO] No trades returned from QuiverQuant
2026-06-19 10:35:02,617 [INFO] --- Checking trades for Markwayne Mullin ---
2026-06-19 10:35:02,911 [INFO] Fetched 111 trades for Markwayne Mullin (total pool: 1000)
2026-06-19 10:35:02,914 [INFO] Found 0 new trades to process (out of 111 total)
2026-06-19 10:35:02,914 [INFO] No new trades — nothing to execute
2026-06-19 10:40:02,513 [INFO] --- Checking trades for Markwayne Mullin ---
2026-06-19 10:40:02,772 [INFO] Fetched 111 trades for Markwayne Mullin (total pool: 1000)
2026-06-19 10:40:02,774 [INFO] Found 0 new trades to process (out of 111 total)
2026-06-19 10:40:02,774 [INFO] No new trades — nothing to execute
2026-06-19 10:45:02,104 [INFO] --- Checking trades for Markwayne Mullin ---
2026-06-19 10:45:02,404 [INFO] Fetched 111 trades for Markwayne Mullin (total pool: 1000)
2026-06-19 10:45:02,406 [INFO] Found 0 new trades to process (out of 111 total)
2026-06-19 10:45:02,407 [INFO] No new trades — nothing to execute
2026-06-19 10:50:02,113 [INFO] --- Checking trades for Markwayne Mullin ---
2026-06-19 10:50:02,652 [ERROR] Failed to fetch trades: 401 Client Error: Unauthorized for url: https://api.quiverquant.com/beta/live/congresstrading
2026-06-19 10:50:02,654 [INFO] No trades returned from QuiverQuant
2026-06-19 10:55:02,703 [INFO] --- Checking trades for Markwayne Mullin ---
2026-06-19 10:55:03,170 [INFO] Fetched 111 trades for Markwayne Mullin (total pool: 1000)
2026-06-19 10:55:03,172 [INFO] Found 0 new trades to process (out of 111 total)
2026-06-19 10:55:03,172 [INFO] No new trades — nothing to execute
2026-06-19 11:00:02,501 [INFO] --- Checking trades for Markwayne Mullin ---
2026-06-19 11:00:04,033 [INFO] Fetched 111 trades for Markwayne Mullin (total pool: 1000)
2026-06-19 11:00:04,035 [INFO] Found 0 new trades to process (out of 111 total)
2026-06-19 11:00:04,035 [INFO] No new trades — nothing to execute
2026-06-19 11:05:02,472 [INFO] --- Checking trades for Markwayne Mullin ---
2026-06-19 11:05:03,032 [INFO] Fetched 111 trades for Markwayne Mullin (total pool: 1000)
2026-06-19 11:05:03,034 [INFO] Found 0 new trades to process (out of 111 total)
2026-06-19 11:05:03,034 [INFO] No new trades — nothing to execute
2026-06-19 11:10:02,080 [INFO] --- Checking trades for Markwayne Mullin ---
2026-06-19 11:10:02,379 [INFO] Fetched 111 trades for Markwayne Mullin (total pool: 1000)
2026-06-19 11:10:02,382 [INFO] Found 0 new trades to process (out of 111 total)
2026-06-19 11:10:02,382 [INFO] No new trades — nothing to execute
2026-06-19 11:15:02,684 [INFO] --- Checking trades for Markwayne Mullin ---
2026-06-19 11:15:02,993 [INFO] Fetched 111 trades for Markwayne Mullin (total pool: 1000)
2026-06-19 11:15:02,995 [INFO] Found 0 new trades to process (out of 111 total)
2026-06-19 11:15:02,996 [INFO] No new trades — nothing to execute
2026-06-19 11:20:02,386 [INFO] --- Checking trades for Markwayne Mullin ---
2026-06-19 11:20:03,217 [ERROR] Failed to fetch trades: 401 Client Error: Unauthorized for url: https://api.quiverquant.com/beta/live/congresstrading
2026-06-19 11:20:03,219 [INFO] No trades returned from QuiverQuant
2026-06-19 11:25:02,147 [INFO] --- Checking trades for Markwayne Mullin ---
2026-06-19 11:25:02,447 [INFO] Fetched 111 trades for Markwayne Mullin (total pool: 1000)
2026-06-19 11:25:02,449 [INFO] Found 0 new trades to process (out of 111 total)
2026-06-19 11:25:02,449 [INFO] No new trades — nothing to execute
2026-06-19 11:30:02,608 [INFO] --- Checking trades for Markwayne Mullin ---
2026-06-19 11:30:03,048 [INFO] Fetched 111 trades for Markwayne Mullin (total pool: 1000)
2026-06-19 11:30:03,050 [INFO] Found 0 new trades to process (out of 111 total)
2026-06-19 11:30:03,051 [INFO] No new trades — nothing to execute
2026-06-19 11:35:02,231 [INFO] --- Checking trades for Markwayne Mullin ---
2026-06-19 11:35:03,702 [ERROR] Failed to fetch trades: 401 Client Error: Unauthorized for url: https://api.quiverquant.com/beta/live/congresstrading
2026-06-19 11:35:03,703 [INFO] No trades returned from QuiverQuant
2026-06-19 11:40:01,823 [INFO] --- Checking trades for Markwayne Mullin ---
2026-06-19 11:40:01,998 [INFO] Fetched 111 trades for Markwayne Mullin (total pool: 1000)
2026-06-19 11:40:02,002 [INFO] Found 0 new trades to process (out of 111 total)
2026-06-19 11:40:02,002 [INFO] No new trades — nothing to execute
2026-06-19 11:45:02,143 [INFO] --- Checking trades for Markwayne Mullin ---
2026-06-19 11:45:02,641 [INFO] Fetched 111 trades for Markwayne Mullin (total pool: 1000)
2026-06-19 11:45:02,643 [INFO] Found 0 new trades to process (out of 111 total)
2026-06-19 11:45:02,643 [INFO] No new trades — nothing to execute
2026-06-19 11:50:02,718 [INFO] --- Checking trades for Markwayne Mullin ---
2026-06-19 11:50:03,046 [INFO] Fetched 111 trades for Markwayne Mullin (total pool: 1000)
2026-06-19 11:50:03,049 [INFO] Found 0 new trades to process (out of 111 total)
2026-06-19 11:50:03,049 [INFO] No new trades — nothing to execute
2026-06-19 11:55:02,415 [INFO] --- Checking trades for Markwayne Mullin ---
2026-06-19 11:55:02,933 [INFO] Fetched 111 trades for Markwayne Mullin (total pool: 1000)
2026-06-19 11:55:02,936 [INFO] Found 0 new trades to process (out of 111 total)
2026-06-19 11:55:02,936 [INFO] No new trades — nothing to execute
2026-06-19 12:00:02,241 [INFO] --- Checking trades for Markwayne Mullin ---
2026-06-19 12:00:05,021 [INFO] Fetched 111 trades for Markwayne Mullin (total pool: 1000)
2026-06-19 12:00:05,023 [INFO] Found 0 new trades to process (out of 111 total)
2026-06-19 12:00:05,023 [INFO] No new trades — nothing to execute
2026-06-19 12:05:02,749 [INFO] --- Checking trades for Markwayne Mullin ---
2026-06-19 12:05:03,162 [INFO] Fetched 111 trades for Markwayne Mullin (total pool: 1000)
2026-06-19 12:05:03,165 [INFO] Found 0 new trades to process (out of 111 total)
2026-06-19 12:05:03,165 [INFO] No new trades — nothing to execute
2026-06-19 12:10:02,261 [INFO] --- Checking trades for Markwayne Mullin ---
2026-06-19 12:10:02,535 [INFO] Fetched 111 trades for Markwayne Mullin (total pool: 1000)
2026-06-19 12:10:02,538 [INFO] Found 0 new trades to process (out of 111 total)
2026-06-19 12:10:02,538 [INFO] No new trades — nothing to execute
2026-06-19 12:15:02,669 [INFO] --- Checking trades for Markwayne Mullin ---
2026-06-19 12:15:02,935 [INFO] Fetched 111 trades for Markwayne Mullin (total pool: 1000)
2026-06-19 12:15:02,938 [INFO] Found 0 new trades to process (out of 111 total)
2026-06-19 12:15:02,938 [INFO] No new trades — nothing to execute
2026-06-19 12:20:02,165 [INFO] --- Checking trades for Markwayne Mullin ---
2026-06-19 12:20:02,464 [INFO] Fetched 111 trades for Markwayne Mullin (total pool: 1000)
2026-06-19 12:20:02,468 [INFO] Found 0 new trades to process (out of 111 total)
2026-06-19 12:20:02,468 [INFO] No new trades — nothing to execute
2026-06-19 12:25:02,520 [INFO] --- Checking trades for Markwayne Mullin ---
2026-06-19 12:25:02,814 [INFO] Fetched 111 trades for Markwayne Mullin (total pool: 1000)
2026-06-19 12:25:02,817 [INFO] Found 0 new trades to process (out of 111 total)
2026-06-19 12:25:02,817 [INFO] No new trades — nothing to execute
2026-06-19 12:30:02,274 [INFO] --- Checking trades for Markwayne Mullin ---
2026-06-19 12:30:02,502 [INFO] Fetched 111 trades for Markwayne Mullin (total pool: 1000)
2026-06-19 12:30:02,504 [INFO] Found 0 new trades to process (out of 111 total)
2026-06-19 12:30:02,504 [INFO] No new trades — nothing to execute
2026-06-19 12:35:02,009 [INFO] --- Checking trades for Markwayne Mullin ---
2026-06-19 12:35:02,271 [INFO] Fetched 111 trades for Markwayne Mullin (total pool: 1000)
2026-06-19 12:35:02,274 [INFO] Found 0 new trades to process (out of 111 total)
2026-06-19 12:35:02,274 [INFO] No new trades — nothing to execute
2026-06-19 12:40:02,202 [INFO] --- Checking trades for Markwayne Mullin ---
2026-06-19 12:40:02,652 [INFO] Fetched 111 trades for Markwayne Mullin (total pool: 1000)
2026-06-19 12:40:02,656 [INFO] Found 0 new trades to process (out of 111 total)
2026-06-19 12:40:02,656 [INFO] No new trades — nothing to execute
2026-06-19 12:45:02,417 [INFO] --- Checking trades for Markwayne Mullin ---
2026-06-19 12:45:02,665 [INFO] Fetched 111 trades for Markwayne Mullin (total pool: 1000)
2026-06-19 12:45:02,667 [INFO] Found 0 new trades to process (out of 111 total)
2026-06-19 12:45:02,668 [INFO] No new trades — nothing to execute
2026-06-19 12:50:02,401 [INFO] --- Checking trades for Markwayne Mullin ---
2026-06-19 12:50:02,869 [INFO] Fetched 111 trades for Markwayne Mullin (total pool: 1000)
2026-06-19 12:50:02,872 [INFO] Found 0 new trades to process (out of 111 total)
2026-06-19 12:50:02,872 [INFO] No new trades — nothing to execute
2026-06-19 12:55:02,403 [INFO] --- Checking trades for Markwayne Mullin ---
2026-06-19 12:55:02,649 [ERROR] Failed to fetch trades: 401 Client Error: Unauthorized for url: https://api.quiverquant.com/beta/live/congresstrading
2026-06-19 12:55:02,651 [INFO] No trades returned from QuiverQuant
2026-06-19 13:00:02,333 [INFO] --- Checking trades for Markwayne Mullin ---
2026-06-19 13:00:03,860 [ERROR] Failed to fetch trades: 401 Client Error: Unauthorized for url: https://api.quiverquant.com/beta/live/congresstrading
2026-06-19 13:00:03,862 [INFO] No trades returned from QuiverQuant
2026-06-19 13:05:01,946 [INFO] --- Checking trades for Markwayne Mullin ---
2026-06-19 13:05:02,331 [INFO] Fetched 111 trades for Markwayne Mullin (total pool: 1000)
2026-06-19 13:05:02,336 [INFO] Found 0 new trades to process (out of 111 total)
2026-06-19 13:05:02,336 [INFO] No new trades — nothing to execute
2026-06-19 13:10:02,575 [INFO] --- Checking trades for Markwayne Mullin ---
2026-06-19 13:10:02,870 [ERROR] Failed to fetch trades: 401 Client Error: Unauthorized for url: https://api.quiverquant.com/beta/live/congresstrading
2026-06-19 13:10:02,871 [INFO] No trades returned from QuiverQuant
2026-06-19 13:15:02,261 [INFO] --- Checking trades for Markwayne Mullin ---
2026-06-19 13:15:02,546 [INFO] Fetched 111 trades for Markwayne Mullin (total pool: 1000)
2026-06-19 13:15:02,549 [INFO] Found 0 new trades to process (out of 111 total)
2026-06-19 13:15:02,549 [INFO] No new trades — nothing to execute
2026-06-19 13:20:02,565 [INFO] --- Checking trades for Markwayne Mullin ---
2026-06-19 13:20:03,052 [INFO] Fetched 111 trades for Markwayne Mullin (total pool: 1000)
2026-06-19 13:20:03,055 [INFO] Found 0 new trades to process (out of 111 total)
2026-06-19 13:20:03,055 [INFO] No new trades — nothing to execute
2026-06-19 13:25:02,129 [INFO] --- Checking trades for Markwayne Mullin ---
2026-06-19 13:25:02,536 [ERROR] Failed to fetch trades: 401 Client Error: Unauthorized for url: https://api.quiverquant.com/beta/live/congresstrading
2026-06-19 13:25:02,537 [INFO] No trades returned from QuiverQuant
2026-06-19 13:30:02,529 [INFO] --- Checking trades for Markwayne Mullin ---
2026-06-19 13:30:03,983 [ERROR] Failed to fetch trades: 401 Client Error: Unauthorized for url: https://api.quiverquant.com/beta/live/congresstrading
2026-06-19 13:30:03,985 [INFO] No trades returned from QuiverQuant
2026-06-19 13:35:02,333 [INFO] --- Checking trades for Markwayne Mullin ---
2026-06-19 13:35:05,287 [INFO] Fetched 111 trades for Markwayne Mullin (total pool: 1000)
2026-06-19 13:35:05,289 [INFO] Found 0 new trades to process (out of 111 total)
2026-06-19 13:35:05,289 [INFO] No new trades — nothing to execute
2026-06-19 13:40:02,002 [INFO] --- Checking trades for Markwayne Mullin ---
2026-06-19 13:40:02,985 [ERROR] Failed to fetch trades: 401 Client Error: Unauthorized for url: https://api.quiverquant.com/beta/live/congresstrading
2026-06-19 13:40:02,987 [INFO] No trades returned from QuiverQuant
2026-06-19 13:45:02,395 [INFO] --- Checking trades for Markwayne Mullin ---
2026-06-19 13:45:02,887 [ERROR] Failed to fetch trades: 401 Client Error: Unauthorized for url: https://api.quiverquant.com/beta/live/congresstrading
2026-06-19 13:45:02,890 [INFO] No trades returned from QuiverQuant
2026-06-19 13:50:02,809 [INFO] --- Checking trades for Markwayne Mullin ---
2026-06-19 13:50:03,042 [ERROR] Failed to fetch trades: 401 Client Error: Unauthorized for url: https://api.quiverquant.com/beta/live/congresstrading
2026-06-19 13:50:03,044 [INFO] No trades returned from QuiverQuant
2026-06-19 13:55:02,403 [INFO] --- Checking trades for Markwayne Mullin ---
2026-06-19 13:55:02,660 [INFO] Fetched 111 trades for Markwayne Mullin (total pool: 1000)
2026-06-19 13:55:02,664 [INFO] Found 0 new trades to process (out of 111 total)
2026-06-19 13:55:02,664 [INFO] No new trades — nothing to execute
2026-06-19 14:00:02,807 [INFO] --- Checking trades for Markwayne Mullin ---
2026-06-19 14:00:03,068 [INFO] Fetched 111 trades for Markwayne Mullin (total pool: 1000)
2026-06-19 14:00:03,071 [INFO] Found 0 new trades to process (out of 111 total)
2026-06-19 14:00:03,071 [INFO] No new trades — nothing to execute
2026-06-19 14:05:02,781 [INFO] --- Checking trades for Markwayne Mullin ---
2026-06-19 14:05:03,033 [INFO] Fetched 111 trades for Markwayne Mullin (total pool: 1000)
2026-06-19 14:05:03,036 [INFO] Found 0 new trades to process (out of 111 total)
2026-06-19 14:05:03,036 [INFO] No new trades — nothing to execute
2026-06-19 14:10:02,652 [INFO] --- Checking trades for Markwayne Mullin ---
2026-06-19 14:10:02,929 [INFO] Fetched 111 trades for Markwayne Mullin (total pool: 1000)
2026-06-19 14:10:02,931 [INFO] Found 0 new trades to process (out of 111 total)
2026-06-19 14:10:02,932 [INFO] No new trades — nothing to execute
2026-06-19 14:15:01,785 [INFO] --- Checking trades for Markwayne Mullin ---
2026-06-19 14:15:02,033 [INFO] Fetched 111 trades for Markwayne Mullin (total pool: 1000)
2026-06-19 14:15:02,036 [INFO] Found 0 new trades to process (out of 111 total)
2026-06-19 14:15:02,036 [INFO] No new trades — nothing to execute
2026-06-19 14:20:02,045 [INFO] --- Checking trades for Markwayne Mullin ---
2026-06-19 14:20:02,512 [INFO] Fetched 111 trades for Markwayne Mullin (total pool: 1000)
2026-06-19 14:20:02,515 [INFO] Found 0 new trades to process (out of 111 total)
2026-06-19 14:20:02,515 [INFO] No new trades — nothing to execute
2026-06-19 14:25:02,218 [INFO] --- Checking trades for Markwayne Mullin ---
2026-06-19 14:25:02,479 [ERROR] Failed to fetch trades: 401 Client Error: Unauthorized for url: https://api.quiverquant.com/beta/live/congresstrading
2026-06-19 14:25:02,481 [INFO] No trades returned from QuiverQuant
2026-06-19 14:30:02,594 [INFO] --- Checking trades for Markwayne Mullin ---
2026-06-19 14:30:03,835 [INFO] Fetched 111 trades for Markwayne Mullin (total pool: 1000)
2026-06-19 14:30:03,837 [INFO] Found 0 new trades to process (out of 111 total)
2026-06-19 14:30:03,837 [INFO] No new trades — nothing to execute
2026-06-19 14:35:02,600 [INFO] --- Checking trades for Markwayne Mullin ---
2026-06-19 14:35:04,642 [ERROR] Failed to fetch trades: 401 Client Error: Unauthorized for url: https://api.quiverquant.com/beta/live/congresstrading
2026-06-19 14:35:04,643 [INFO] No trades returned from QuiverQuant
2026-06-19 14:40:02,140 [INFO] --- Checking trades for Markwayne Mullin ---
2026-06-19 14:40:02,382 [INFO] Fetched 111 trades for Markwayne Mullin (total pool: 1000)
2026-06-19 14:40:02,385 [INFO] Found 0 new trades to process (out of 111 total)
2026-06-19 14:40:02,385 [INFO] No new trades — nothing to execute
2026-06-19 14:45:02,527 [INFO] --- Checking trades for Markwayne Mullin ---
2026-06-19 14:45:02,842 [INFO] Fetched 111 trades for Markwayne Mullin (total pool: 1000)
2026-06-19 14:45:02,846 [INFO] Found 0 new trades to process (out of 111 total)
2026-06-19 14:45:02,846 [INFO] No new trades — nothing to execute
2026-06-19 14:50:02,700 [INFO] --- Checking trades for Markwayne Mullin ---
2026-06-19 14:50:02,987 [INFO] Fetched 111 trades for Markwayne Mullin (total pool: 1000)
2026-06-19 14:50:02,991 [INFO] Found 0 new trades to process (out of 111 total)
2026-06-19 14:50:02,991 [INFO] No new trades — nothing to execute
2026-06-19 14:55:01,851 [INFO] --- Checking trades for Markwayne Mullin ---
2026-06-19 14:55:02,335 [ERROR] Failed to fetch trades: 401 Client Error: Unauthorized for url: https://api.quiverquant.com/beta/live/congresstrading
2026-06-19 14:55:02,337 [INFO] No trades returned from QuiverQuant
2026-06-19 15:00:02,121 [INFO] --- Checking trades for Markwayne Mullin ---
2026-06-19 15:00:02,441 [INFO] Fetched 111 trades for Markwayne Mullin (total pool: 1000)
2026-06-19 15:00:02,444 [INFO] Found 0 new trades to process (out of 111 total)
2026-06-19 15:00:02,445 [INFO] No new trades — nothing to execute
2026-06-19 15:05:02,025 [INFO] --- Checking trades for Markwayne Mullin ---
2026-06-19 15:05:02,370 [INFO] Fetched 111 trades for Markwayne Mullin (total pool: 1000)
2026-06-19 15:05:02,373 [INFO] Found 0 new trades to process (out of 111 total)
2026-06-19 15:05:02,373 [INFO] No new trades — nothing to execute
2026-06-19 15:10:02,048 [INFO] --- Checking trades for Markwayne Mullin ---
2026-06-19 15:10:02,749 [ERROR] Failed to fetch trades: 401 Client Error: Unauthorized for url: https://api.quiverquant.com/beta/live/congresstrading
2026-06-19 15:10:02,751 [INFO] No trades returned from QuiverQuant
2026-06-19 15:15:02,449 [INFO] --- Checking trades for Markwayne Mullin ---
2026-06-19 15:15:02,764 [INFO] Fetched 111 trades for Markwayne Mullin (total pool: 1000)
2026-06-19 15:15:02,766 [INFO] Found 0 new trades to process (out of 111 total)
2026-06-19 15:15:02,766 [INFO] No new trades — nothing to execute
2026-06-19 15:20:02,461 [INFO] --- Checking trades for Markwayne Mullin ---
2026-06-19 15:20:02,781 [INFO] Fetched 111 trades for Markwayne Mullin (total pool: 1000)
2026-06-19 15:20:02,784 [INFO] Found 0 new trades to process (out of 111 total)
2026-06-19 15:20:02,784 [INFO] No new trades — nothing to execute
2026-06-19 15:25:02,367 [INFO] --- Checking trades for Markwayne Mullin ---
2026-06-19 15:25:02,959 [ERROR] Failed to fetch trades: 401 Client Error: Unauthorized for url: https://api.quiverquant.com/beta/live/congresstrading
2026-06-19 15:25:02,961 [INFO] No trades returned from QuiverQuant
2026-06-19 15:30:02,734 [INFO] --- Checking trades for Markwayne Mullin ---
2026-06-19 15:30:03,067 [INFO] Fetched 111 trades for Markwayne Mullin (total pool: 1000)
2026-06-19 15:30:03,069 [INFO] Found 0 new trades to process (out of 111 total)
2026-06-19 15:30:03,069 [INFO] No new trades — nothing to execute
2026-06-19 15:35:01,882 [INFO] --- Checking trades for Markwayne Mullin ---
2026-06-19 15:35:02,058 [INFO] Fetched 111 trades for Markwayne Mullin (total pool: 1000)
2026-06-19 15:35:02,060 [INFO] Found 0 new trades to process (out of 111 total)
2026-06-19 15:35:02,060 [INFO] No new trades — nothing to execute
2026-06-19 15:40:01,912 [INFO] --- Checking trades for Markwayne Mullin ---
2026-06-19 15:40:02,301 [ERROR] Failed to fetch trades: 401 Client Error: Unauthorized for url: https://api.quiverquant.com/beta/live/congresstrading
2026-06-19 15:40:02,304 [INFO] No trades returned from QuiverQuant
2026-06-19 15:45:02,108 [INFO] --- Checking trades for Markwayne Mullin ---
2026-06-19 15:45:02,608 [INFO] Fetched 111 trades for Markwayne Mullin (total pool: 1000)
2026-06-19 15:45:02,611 [INFO] Found 0 new trades to process (out of 111 total)
2026-06-19 15:45:02,611 [INFO] No new trades — nothing to execute
2026-06-19 15:50:02,347 [INFO] --- Checking trades for Markwayne Mullin ---
2026-06-19 15:50:02,627 [INFO] Fetched 111 trades for Markwayne Mullin (total pool: 1000)
2026-06-19 15:50:02,629 [INFO] Found 0 new trades to process (out of 111 total)
2026-06-19 15:50:02,629 [INFO] No new trades — nothing to execute
2026-06-19 15:55:02,325 [INFO] --- Checking trades for Markwayne Mullin ---
2026-06-19 15:55:02,619 [INFO] Fetched 111 trades for Markwayne Mullin (total pool: 1000)
2026-06-19 15:55:02,622 [INFO] Found 0 new trades to process (out of 111 total)
2026-06-19 15:55:02,622 [INFO] No new trades — nothing to execute
2026-06-22 08:00:02,327 [INFO] --- Checking trades for Markwayne Mullin ---
2026-06-22 08:00:02,854 [INFO] Fetched 111 trades for Markwayne Mullin (total pool: 1000)
2026-06-22 08:00:02,856 [INFO] Found 0 new trades to process (out of 111 total)
2026-06-22 08:00:02,857 [INFO] No new trades — nothing to execute
2026-06-22 08:05:02,169 [INFO] --- Checking trades for Markwayne Mullin ---
2026-06-22 08:05:02,438 [INFO] Fetched 111 trades for Markwayne Mullin (total pool: 1000)
2026-06-22 08:05:02,441 [INFO] Found 0 new trades to process (out of 111 total)
2026-06-22 08:05:02,441 [INFO] No new trades — nothing to execute
2026-06-22 08:10:01,859 [INFO] --- Checking trades for Markwayne Mullin ---
2026-06-22 08:10:02,045 [INFO] Fetched 111 trades for Markwayne Mullin (total pool: 1000)
2026-06-22 08:10:02,047 [INFO] Found 0 new trades to process (out of 111 total)
2026-06-22 08:10:02,047 [INFO] No new trades — nothing to execute
2026-06-22 08:15:02,579 [INFO] --- Checking trades for Markwayne Mullin ---
2026-06-22 08:15:02,841 [ERROR] Failed to fetch trades: 401 Client Error: Unauthorized for url: https://api.quiverquant.com/beta/live/congresstrading
2026-06-22 08:15:02,843 [INFO] No trades returned from QuiverQuant
2026-06-22 08:20:01,987 [INFO] --- Checking trades for Markwayne Mullin ---
2026-06-22 08:20:02,163 [ERROR] Failed to fetch trades: 401 Client Error: Unauthorized for url: https://api.quiverquant.com/beta/live/congresstrading
2026-06-22 08:20:02,164 [INFO] No trades returned from QuiverQuant
2026-06-22 08:25:02,704 [INFO] --- Checking trades for Markwayne Mullin ---
2026-06-22 08:25:02,995 [INFO] Fetched 111 trades for Markwayne Mullin (total pool: 1000)
2026-06-22 08:25:02,998 [INFO] Found 0 new trades to process (out of 111 total)
2026-06-22 08:25:02,998 [INFO] No new trades — nothing to execute
2026-06-22 08:30:02,167 [INFO] --- Checking trades for Markwayne Mullin ---
2026-06-22 08:30:02,586 [INFO] Fetched 111 trades for Markwayne Mullin (total pool: 1000)
2026-06-22 08:30:02,589 [INFO] Found 0 new trades to process (out of 111 total)
2026-06-22 08:30:02,589 [INFO] No new trades — nothing to execute
2026-06-22 08:35:01,803 [INFO] --- Checking trades for Markwayne Mullin ---
2026-06-22 08:35:02,165 [INFO] Fetched 111 trades for Markwayne Mullin (total pool: 1000)
2026-06-22 08:35:02,168 [INFO] Found 0 new trades to process (out of 111 total)
2026-06-22 08:35:02,169 [INFO] No new trades — nothing to execute
2026-06-22 08:40:02,093 [INFO] --- Checking trades for Markwayne Mullin ---
2026-06-22 08:40:02,394 [INFO] Fetched 111 trades for Markwayne Mullin (total pool: 1000)
2026-06-22 08:40:02,396 [INFO] Found 0 new trades to process (out of 111 total)
2026-06-22 08:40:02,396 [INFO] No new trades — nothing to execute
2026-06-22 08:45:02,559 [INFO] --- Checking trades for Markwayne Mullin ---
2026-06-22 08:45:02,799 [ERROR] Failed to fetch trades: 401 Client Error: Unauthorized for url: https://api.quiverquant.com/beta/live/congresstrading
2026-06-22 08:45:02,800 [INFO] No trades returned from QuiverQuant
2026-06-22 08:50:02,740 [INFO] --- Checking trades for Markwayne Mullin ---
2026-06-22 08:50:02,993 [INFO] Fetched 111 trades for Markwayne Mullin (total pool: 1000)
2026-06-22 08:50:02,995 [INFO] Found 0 new trades to process (out of 111 total)
2026-06-22 08:50:02,996 [INFO] No new trades — nothing to execute
2026-06-22 08:55:02,228 [INFO] --- Checking trades for Markwayne Mullin ---
2026-06-22 08:55:02,558 [INFO] Fetched 111 trades for Markwayne Mullin (total pool: 1000)
2026-06-22 08:55:02,560 [INFO] Found 0 new trades to process (out of 111 total)
2026-06-22 08:55:02,561 [INFO] No new trades — nothing to execute
2026-06-22 09:00:02,019 [INFO] --- Checking trades for Markwayne Mullin ---
2026-06-22 09:00:02,460 [INFO] Fetched 111 trades for Markwayne Mullin (total pool: 1000)
2026-06-22 09:00:02,463 [INFO] Found 0 new trades to process (out of 111 total)
2026-06-22 09:00:02,463 [INFO] No new trades — nothing to execute
2026-06-22 09:05:02,132 [INFO] --- Checking trades for Markwayne Mullin ---
2026-06-22 09:05:02,430 [INFO] Fetched 111 trades for Markwayne Mullin (total pool: 1000)
2026-06-22 09:05:02,434 [INFO] Found 0 new trades to process (out of 111 total)
2026-06-22 09:05:02,434 [INFO] No new trades — nothing to execute
2026-06-22 09:10:02,164 [INFO] --- Checking trades for Markwayne Mullin ---
2026-06-22 09:10:02,474 [INFO] Fetched 111 trades for Markwayne Mullin (total pool: 1000)
2026-06-22 09:10:02,476 [INFO] Found 0 new trades to process (out of 111 total)
2026-06-22 09:10:02,476 [INFO] No new trades — nothing to execute
2026-06-22 09:15:02,876 [INFO] --- Checking trades for Markwayne Mullin ---
2026-06-22 09:15:03,115 [INFO] Fetched 111 trades for Markwayne Mullin (total pool: 1000)
2026-06-22 09:15:03,118 [INFO] Found 0 new trades to process (out of 111 total)
2026-06-22 09:15:03,118 [INFO] No new trades — nothing to execute
2026-06-22 09:20:02,548 [INFO] --- Checking trades for Markwayne Mullin ---
2026-06-22 09:20:02,849 [INFO] Fetched 111 trades for Markwayne Mullin (total pool: 1000)
2026-06-22 09:20:02,852 [INFO] Found 0 new trades to process (out of 111 total)
2026-06-22 09:20:02,852 [INFO] No new trades — nothing to execute
2026-06-22 09:25:01,892 [INFO] --- Checking trades for Markwayne Mullin ---
2026-06-22 09:25:02,133 [INFO] Fetched 111 trades for Markwayne Mullin (total pool: 1000)
2026-06-22 09:25:02,136 [INFO] Found 0 new trades to process (out of 111 total)
2026-06-22 09:25:02,136 [INFO] No new trades — nothing to execute
2026-06-22 09:30:01,941 [INFO] --- Checking trades for Markwayne Mullin ---
2026-06-22 09:30:02,228 [INFO] Fetched 111 trades for Markwayne Mullin (total pool: 1000)
2026-06-22 09:30:02,231 [INFO] Found 0 new trades to process (out of 111 total)
2026-06-22 09:30:02,231 [INFO] No new trades — nothing to execute
2026-06-22 09:35:02,414 [INFO] --- Checking trades for Markwayne Mullin ---
2026-06-22 09:35:02,670 [ERROR] Failed to fetch trades: 401 Client Error: Unauthorized for url: https://api.quiverquant.com/beta/live/congresstrading
2026-06-22 09:35:02,671 [INFO] No trades returned from QuiverQuant
2026-06-22 09:40:02,047 [INFO] --- Checking trades for Markwayne Mullin ---
2026-06-22 09:40:02,509 [INFO] Fetched 111 trades for Markwayne Mullin (total pool: 1000)
2026-06-22 09:40:02,513 [INFO] Found 0 new trades to process (out of 111 total)
2026-06-22 09:40:02,513 [INFO] No new trades — nothing to execute
2026-06-22 09:45:02,192 [INFO] --- Checking trades for Markwayne Mullin ---
2026-06-22 09:45:03,014 [ERROR] Failed to fetch trades: 401 Client Error: Unauthorized for url: https://api.quiverquant.com/beta/live/congresstrading
2026-06-22 09:45:03,014 [INFO] No trades returned from QuiverQuant
2026-06-22 09:50:02,631 [INFO] --- Checking trades for Markwayne Mullin ---
2026-06-22 09:50:03,105 [INFO] Fetched 111 trades for Markwayne Mullin (total pool: 1000)
2026-06-22 09:50:03,107 [INFO] Found 0 new trades to process (out of 111 total)
2026-06-22 09:50:03,107 [INFO] No new trades — nothing to execute
2026-06-22 09:55:02,463 [INFO] --- Checking trades for Markwayne Mullin ---
2026-06-22 09:55:02,749 [INFO] Fetched 111 trades for Markwayne Mullin (total pool: 1000)
2026-06-22 09:55:02,752 [INFO] Found 0 new trades to process (out of 111 total)
2026-06-22 09:55:02,752 [INFO] No new trades — nothing to execute
2026-06-22 10:00:02,472 [INFO] --- Checking trades for Markwayne Mullin ---
2026-06-22 10:00:04,041 [INFO] Fetched 111 trades for Markwayne Mullin (total pool: 1000)
2026-06-22 10:00:04,044 [INFO] Found 0 new trades to process (out of 111 total)
2026-06-22 10:00:04,044 [INFO] No new trades — nothing to execute
2026-06-22 10:05:02,600 [INFO] --- Checking trades for Markwayne Mullin ---
2026-06-22 10:05:02,939 [INFO] Fetched 111 trades for Markwayne Mullin (total pool: 1000)
2026-06-22 10:05:02,941 [INFO] Found 0 new trades to process (out of 111 total)
2026-06-22 10:05:02,941 [INFO] No new trades — nothing to execute
2026-06-22 10:10:02,728 [INFO] --- Checking trades for Markwayne Mullin ---
2026-06-22 10:10:03,400 [ERROR] Failed to fetch trades: 401 Client Error: Unauthorized for url: https://api.quiverquant.com/beta/live/congresstrading
2026-06-22 10:10:03,401 [INFO] No trades returned from QuiverQuant
2026-06-22 10:15:02,327 [INFO] --- Checking trades for Markwayne Mullin ---
2026-06-22 10:15:03,296 [INFO] Fetched 111 trades for Markwayne Mullin (total pool: 1000)
2026-06-22 10:15:03,298 [INFO] Found 0 new trades to process (out of 111 total)
2026-06-22 10:15:03,298 [INFO] No new trades — nothing to execute
2026-06-22 10:20:02,594 [INFO] --- Checking trades for Markwayne Mullin ---
2026-06-22 10:20:02,959 [ERROR] Failed to fetch trades: 401 Client Error: Unauthorized for url: https://api.quiverquant.com/beta/live/congresstrading
2026-06-22 10:20:02,960 [INFO] No trades returned from QuiverQuant
2026-06-22 10:25:01,864 [INFO] --- Checking trades for Markwayne Mullin ---
2026-06-22 10:25:02,076 [INFO] Fetched 111 trades for Markwayne Mullin (total pool: 1000)
2026-06-22 10:25:02,078 [INFO] Found 0 new trades to process (out of 111 total)
2026-06-22 10:25:02,078 [INFO] No new trades — nothing to execute
2026-06-22 10:30:01,926 [INFO] --- Checking trades for Markwayne Mullin ---
2026-06-22 10:30:04,425 [ERROR] Failed to fetch trades: 401 Client Error: Unauthorized for url: https://api.quiverquant.com/beta/live/congresstrading
2026-06-22 10:30:04,427 [INFO] No trades returned from QuiverQuant
2026-06-22 10:35:02,459 [INFO] --- Checking trades for Markwayne Mullin ---
2026-06-22 10:35:02,767 [INFO] Fetched 111 trades for Markwayne Mullin (total pool: 1000)
2026-06-22 10:35:02,769 [INFO] Found 0 new trades to process (out of 111 total)
2026-06-22 10:35:02,769 [INFO] No new trades — nothing to execute
2026-06-22 10:40:01,921 [INFO] --- Checking trades for Markwayne Mullin ---
2026-06-22 10:40:02,149 [INFO] Fetched 111 trades for Markwayne Mullin (total pool: 1000)
2026-06-22 10:40:02,152 [INFO] Found 0 new trades to process (out of 111 total)
2026-06-22 10:40:02,152 [INFO] No new trades — nothing to execute
2026-06-22 10:45:02,471 [INFO] --- Checking trades for Markwayne Mullin ---
2026-06-22 10:45:02,853 [ERROR] Failed to fetch trades: 401 Client Error: Unauthorized for url: https://api.quiverquant.com/beta/live/congresstrading
2026-06-22 10:45:02,854 [INFO] No trades returned from QuiverQuant
2026-06-22 10:50:02,151 [INFO] --- Checking trades for Markwayne Mullin ---
2026-06-22 10:50:02,434 [INFO] Fetched 111 trades for Markwayne Mullin (total pool: 1000)
2026-06-22 10:50:02,437 [INFO] Found 0 new trades to process (out of 111 total)
2026-06-22 10:50:02,437 [INFO] No new trades — nothing to execute
2026-06-22 10:55:02,414 [INFO] --- Checking trades for Markwayne Mullin ---
2026-06-22 10:55:02,747 [ERROR] Failed to fetch trades: 401 Client Error: Unauthorized for url: https://api.quiverquant.com/beta/live/congresstrading
2026-06-22 10:55:02,749 [INFO] No trades returned from QuiverQuant
2026-06-22 11:00:01,903 [INFO] --- Checking trades for Markwayne Mullin ---
2026-06-22 11:00:02,561 [INFO] Fetched 111 trades for Markwayne Mullin (total pool: 1000)
2026-06-22 11:00:02,564 [INFO] Found 0 new trades to process (out of 111 total)
2026-06-22 11:00:02,565 [INFO] No new trades — nothing to execute
2026-06-22 11:05:02,349 [INFO] --- Checking trades for Markwayne Mullin ---
2026-06-22 11:05:02,691 [ERROR] Failed to fetch trades: 401 Client Error: Unauthorized for url: https://api.quiverquant.com/beta/live/congresstrading
2026-06-22 11:05:02,692 [INFO] No trades returned from QuiverQuant
2026-06-22 11:10:02,387 [INFO] --- Checking trades for Markwayne Mullin ---
2026-06-22 11:10:02,814 [INFO] Fetched 111 trades for Markwayne Mullin (total pool: 1000)
2026-06-22 11:10:02,817 [INFO] Found 0 new trades to process (out of 111 total)
2026-06-22 11:10:02,817 [INFO] No new trades — nothing to execute
2026-06-22 11:15:02,289 [INFO] --- Checking trades for Markwayne Mullin ---
2026-06-22 11:15:02,575 [INFO] Fetched 111 trades for Markwayne Mullin (total pool: 1000)
2026-06-22 11:15:02,578 [INFO] Found 0 new trades to process (out of 111 total)
2026-06-22 11:15:02,578 [INFO] No new trades — nothing to execute
2026-06-22 11:20:02,579 [INFO] --- Checking trades for Markwayne Mullin ---
2026-06-22 11:20:02,894 [INFO] Fetched 111 trades for Markwayne Mullin (total pool: 1000)
2026-06-22 11:20:02,897 [INFO] Found 0 new trades to process (out of 111 total)
2026-06-22 11:20:02,897 [INFO] No new trades — nothing to execute
2026-06-22 11:25:02,493 [INFO] --- Checking trades for Markwayne Mullin ---
2026-06-22 11:25:03,940 [INFO] Fetched 111 trades for Markwayne Mullin (total pool: 1000)
2026-06-22 11:25:03,943 [INFO] Found 0 new trades to process (out of 111 total)
2026-06-22 11:25:03,943 [INFO] No new trades — nothing to execute
2026-06-22 11:30:02,288 [INFO] --- Checking trades for Markwayne Mullin ---
2026-06-22 11:30:02,766 [ERROR] Failed to fetch trades: 401 Client Error: Unauthorized for url: https://api.quiverquant.com/beta/live/congresstrading
2026-06-22 11:30:02,767 [INFO] No trades returned from QuiverQuant
2026-06-22 11:35:02,298 [INFO] --- Checking trades for Markwayne Mullin ---
2026-06-22 11:35:03,359 [INFO] Fetched 111 trades for Markwayne Mullin (total pool: 1000)
2026-06-22 11:35:03,362 [INFO] Found 0 new trades to process (out of 111 total)
2026-06-22 11:35:03,362 [INFO] No new trades — nothing to execute
2026-06-22 11:40:02,537 [INFO] --- Checking trades for Markwayne Mullin ---
2026-06-22 11:40:05,025 [INFO] Fetched 111 trades for Markwayne Mullin (total pool: 1000)
2026-06-22 11:40:05,028 [INFO] Found 0 new trades to process (out of 111 total)
2026-06-22 11:40:05,028 [INFO] No new trades — nothing to execute
2026-06-22 11:45:01,904 [INFO] --- Checking trades for Markwayne Mullin ---
2026-06-22 11:45:02,103 [INFO] Fetched 111 trades for Markwayne Mullin (total pool: 1000)
2026-06-22 11:45:02,106 [INFO] Found 0 new trades to process (out of 111 total)
2026-06-22 11:45:02,106 [INFO] No new trades — nothing to execute
2026-06-22 11:50:01,892 [INFO] --- Checking trades for Markwayne Mullin ---
2026-06-22 11:50:02,202 [INFO] Fetched 111 trades for Markwayne Mullin (total pool: 1000)
2026-06-22 11:50:02,206 [INFO] Found 0 new trades to process (out of 111 total)
2026-06-22 11:50:02,206 [INFO] No new trades — nothing to execute
2026-06-22 11:55:02,623 [INFO] --- Checking trades for Markwayne Mullin ---
2026-06-22 11:55:02,843 [ERROR] Failed to fetch trades: 401 Client Error: Unauthorized for url: https://api.quiverquant.com/beta/live/congresstrading
2026-06-22 11:55:02,845 [INFO] No trades returned from QuiverQuant
2026-06-22 12:00:02,336 [INFO] --- Checking trades for Markwayne Mullin ---
2026-06-22 12:00:02,640 [INFO] Fetched 111 trades for Markwayne Mullin (total pool: 1000)
2026-06-22 12:00:02,644 [INFO] Found 0 new trades to process (out of 111 total)
2026-06-22 12:00:02,644 [INFO] No new trades — nothing to execute
2026-06-22 12:05:02,415 [INFO] --- Checking trades for Markwayne Mullin ---
2026-06-22 12:05:02,711 [INFO] Fetched 111 trades for Markwayne Mullin (total pool: 1000)
2026-06-22 12:05:02,714 [INFO] Found 0 new trades to process (out of 111 total)
2026-06-22 12:05:02,714 [INFO] No new trades — nothing to execute
2026-06-22 12:10:02,442 [INFO] --- Checking trades for Markwayne Mullin ---
2026-06-22 12:10:02,753 [INFO] Fetched 111 trades for Markwayne Mullin (total pool: 1000)
2026-06-22 12:10:02,756 [INFO] Found 0 new trades to process (out of 111 total)
2026-06-22 12:10:02,756 [INFO] No new trades — nothing to execute
2026-06-22 12:15:02,393 [INFO] --- Checking trades for Markwayne Mullin ---
2026-06-22 12:15:02,701 [INFO] Fetched 111 trades for Markwayne Mullin (total pool: 1000)
2026-06-22 12:15:02,703 [INFO] Found 0 new trades to process (out of 111 total)
2026-06-22 12:15:02,703 [INFO] No new trades — nothing to execute
2026-06-22 12:20:02,348 [INFO] --- Checking trades for Markwayne Mullin ---
2026-06-22 12:20:02,847 [INFO] Fetched 111 trades for Markwayne Mullin (total pool: 1000)
2026-06-22 12:20:02,850 [INFO] Found 0 new trades to process (out of 111 total)
2026-06-22 12:20:02,850 [INFO] No new trades — nothing to execute
2026-06-22 12:25:01,830 [INFO] --- Checking trades for Markwayne Mullin ---
2026-06-22 12:25:04,041 [ERROR] Failed to fetch trades: 401 Client Error: Unauthorized for url: https://api.quiverquant.com/beta/live/congresstrading
2026-06-22 12:25:04,042 [INFO] No trades returned from QuiverQuant
2026-06-22 12:30:01,881 [INFO] --- Checking trades for Markwayne Mullin ---
2026-06-22 12:30:02,165 [INFO] Fetched 111 trades for Markwayne Mullin (total pool: 1000)
2026-06-22 12:30:02,168 [INFO] Found 0 new trades to process (out of 111 total)
2026-06-22 12:30:02,168 [INFO] No new trades — nothing to execute
2026-06-22 12:35:02,431 [INFO] --- Checking trades for Markwayne Mullin ---
2026-06-22 12:35:03,149 [INFO] Fetched 111 trades for Markwayne Mullin (total pool: 1000)
2026-06-22 12:35:03,151 [INFO] Found 0 new trades to process (out of 111 total)
2026-06-22 12:35:03,151 [INFO] No new trades — nothing to execute
2026-06-22 12:40:02,157 [INFO] --- Checking trades for Markwayne Mullin ---
2026-06-22 12:40:02,438 [INFO] Fetched 111 trades for Markwayne Mullin (total pool: 1000)
2026-06-22 12:40:02,441 [INFO] Found 0 new trades to process (out of 111 total)
2026-06-22 12:40:02,441 [INFO] No new trades — nothing to execute
2026-06-22 12:45:01,939 [INFO] --- Checking trades for Markwayne Mullin ---
2026-06-22 12:45:02,374 [INFO] Fetched 111 trades for Markwayne Mullin (total pool: 1000)
2026-06-22 12:45:02,376 [INFO] Found 0 new trades to process (out of 111 total)
2026-06-22 12:45:02,376 [INFO] No new trades — nothing to execute
2026-06-22 12:50:02,542 [INFO] --- Checking trades for Markwayne Mullin ---
2026-06-22 12:50:02,881 [INFO] Fetched 111 trades for Markwayne Mullin (total pool: 1000)
2026-06-22 12:50:02,883 [INFO] Found 0 new trades to process (out of 111 total)
2026-06-22 12:50:02,884 [INFO] No new trades — nothing to execute
2026-06-22 12:55:02,104 [INFO] --- Checking trades for Markwayne Mullin ---
2026-06-22 12:55:02,435 [INFO] Fetched 111 trades for Markwayne Mullin (total pool: 1000)
2026-06-22 12:55:02,438 [INFO] Found 0 new trades to process (out of 111 total)
2026-06-22 12:55:02,438 [INFO] No new trades — nothing to execute
2026-06-22 13:00:02,794 [INFO] --- Checking trades for Markwayne Mullin ---
2026-06-22 13:00:04,524 [INFO] Fetched 111 trades for Markwayne Mullin (total pool: 1000)
2026-06-22 13:00:04,527 [INFO] Found 0 new trades to process (out of 111 total)
2026-06-22 13:00:04,527 [INFO] No new trades — nothing to execute
2026-06-22 13:05:02,170 [INFO] --- Checking trades for Markwayne Mullin ---
2026-06-22 13:05:02,462 [INFO] Fetched 111 trades for Markwayne Mullin (total pool: 1000)
2026-06-22 13:05:02,465 [INFO] Found 0 new trades to process (out of 111 total)
2026-06-22 13:05:02,465 [INFO] No new trades — nothing to execute
2026-06-22 13:10:02,752 [INFO] --- Checking trades for Markwayne Mullin ---
2026-06-22 13:10:03,815 [INFO] Fetched 111 trades for Markwayne Mullin (total pool: 1000)
2026-06-22 13:10:03,818 [INFO] Found 0 new trades to process (out of 111 total)
2026-06-22 13:10:03,818 [INFO] No new trades — nothing to execute
2026-06-22 13:15:01,862 [INFO] --- Checking trades for Markwayne Mullin ---
2026-06-22 13:15:02,097 [INFO] Fetched 111 trades for Markwayne Mullin (total pool: 1000)
2026-06-22 13:15:02,100 [INFO] Found 0 new trades to process (out of 111 total)
2026-06-22 13:15:02,100 [INFO] No new trades — nothing to execute
2026-06-22 13:20:02,475 [INFO] --- Checking trades for Markwayne Mullin ---
2026-06-22 13:20:12,685 [INFO] Fetched 111 trades for Markwayne Mullin (total pool: 1000)
2026-06-22 13:20:12,688 [INFO] Found 0 new trades to process (out of 111 total)
2026-06-22 13:20:12,688 [INFO] No new trades — nothing to execute
2026-06-22 13:25:02,426 [INFO] --- Checking trades for Markwayne Mullin ---
2026-06-22 13:25:02,716 [INFO] Fetched 111 trades for Markwayne Mullin (total pool: 1000)
2026-06-22 13:25:02,718 [INFO] Found 0 new trades to process (out of 111 total)
2026-06-22 13:25:02,718 [INFO] No new trades — nothing to execute
2026-06-22 13:30:02,653 [INFO] --- Checking trades for Markwayne Mullin ---
2026-06-22 13:30:03,549 [ERROR] Failed to fetch trades: 401 Client Error: Unauthorized for url: https://api.quiverquant.com/beta/live/congresstrading
2026-06-22 13:30:03,550 [INFO] No trades returned from QuiverQuant
2026-06-22 13:35:02,665 [INFO] --- Checking trades for Markwayne Mullin ---
2026-06-22 13:35:03,722 [INFO] Fetched 111 trades for Markwayne Mullin (total pool: 1000)
2026-06-22 13:35:03,724 [INFO] Found 0 new trades to process (out of 111 total)
2026-06-22 13:35:03,724 [INFO] No new trades — nothing to execute
2026-06-22 13:40:02,670 [INFO] --- Checking trades for Markwayne Mullin ---
2026-06-22 13:40:02,974 [INFO] Fetched 111 trades for Markwayne Mullin (total pool: 1000)
2026-06-22 13:40:02,977 [INFO] Found 0 new trades to process (out of 111 total)
2026-06-22 13:40:02,977 [INFO] No new trades — nothing to execute
2026-06-22 13:45:02,592 [INFO] --- Checking trades for Markwayne Mullin ---
2026-06-22 13:45:02,909 [INFO] Fetched 111 trades for Markwayne Mullin (total pool: 1000)
2026-06-22 13:45:02,911 [INFO] Found 0 new trades to process (out of 111 total)
2026-06-22 13:45:02,911 [INFO] No new trades — nothing to execute
2026-06-22 13:50:02,646 [INFO] --- Checking trades for Markwayne Mullin ---
2026-06-22 13:50:02,992 [ERROR] Failed to fetch trades: 401 Client Error: Unauthorized for url: https://api.quiverquant.com/beta/live/congresstrading
2026-06-22 13:50:02,993 [INFO] No trades returned from QuiverQuant
2026-06-22 13:55:02,487 [INFO] --- Checking trades for Markwayne Mullin ---
2026-06-22 13:55:08,616 [INFO] Fetched 111 trades for Markwayne Mullin (total pool: 1000)
2026-06-22 13:55:08,618 [INFO] Found 0 new trades to process (out of 111 total)
2026-06-22 13:55:08,619 [INFO] No new trades — nothing to execute
2026-06-22 14:00:02,132 [INFO] --- Checking trades for Markwayne Mullin ---
2026-06-22 14:00:04,617 [INFO] Fetched 111 trades for Markwayne Mullin (total pool: 1000)
2026-06-22 14:00:04,620 [INFO] Found 0 new trades to process (out of 111 total)
2026-06-22 14:00:04,620 [INFO] No new trades — nothing to execute
2026-06-22 14:05:02,485 [INFO] --- Checking trades for Markwayne Mullin ---
2026-06-22 14:05:12,272 [ERROR] Failed to fetch trades: 401 Client Error: Unauthorized for url: https://api.quiverquant.com/beta/live/congresstrading
2026-06-22 14:05:12,275 [INFO] No trades returned from QuiverQuant
2026-06-22 14:10:02,139 [INFO] --- Checking trades for Markwayne Mullin ---
2026-06-22 14:10:03,584 [INFO] Fetched 111 trades for Markwayne Mullin (total pool: 1000)
2026-06-22 14:10:03,586 [INFO] Found 0 new trades to process (out of 111 total)
2026-06-22 14:10:03,586 [INFO] No new trades — nothing to execute
2026-06-22 14:15:02,716 [INFO] --- Checking trades for Markwayne Mullin ---
2026-06-22 14:15:03,030 [INFO] Fetched 111 trades for Markwayne Mullin (total pool: 1000)
2026-06-22 14:15:03,032 [INFO] Found 0 new trades to process (out of 111 total)
2026-06-22 14:15:03,032 [INFO] No new trades — nothing to execute
2026-06-22 14:20:02,465 [INFO] --- Checking trades for Markwayne Mullin ---
2026-06-22 14:20:02,782 [INFO] Fetched 111 trades for Markwayne Mullin (total pool: 1000)
2026-06-22 14:20:02,785 [INFO] Found 0 new trades to process (out of 111 total)
2026-06-22 14:20:02,785 [INFO] No new trades — nothing to execute
2026-06-22 14:25:01,993 [INFO] --- Checking trades for Markwayne Mullin ---
2026-06-22 14:25:02,416 [ERROR] Failed to fetch trades: 401 Client Error: Unauthorized for url: https://api.quiverquant.com/beta/live/congresstrading
2026-06-22 14:25:02,417 [INFO] No trades returned from QuiverQuant
2026-06-22 14:30:02,701 [INFO] --- Checking trades for Markwayne Mullin ---
2026-06-22 14:30:04,213 [ERROR] Failed to fetch trades: 401 Client Error: Unauthorized for url: https://api.quiverquant.com/beta/live/congresstrading
2026-06-22 14:30:04,215 [INFO] No trades returned from QuiverQuant
2026-06-22 14:35:02,107 [INFO] --- Checking trades for Markwayne Mullin ---
2026-06-22 14:35:11,521 [INFO] Fetched 111 trades for Markwayne Mullin (total pool: 1000)
2026-06-22 14:35:11,524 [INFO] Found 0 new trades to process (out of 111 total)
2026-06-22 14:35:11,524 [INFO] No new trades — nothing to execute
2026-06-22 14:40:01,977 [INFO] --- Checking trades for Markwayne Mullin ---
2026-06-22 14:40:05,898 [INFO] Fetched 111 trades for Markwayne Mullin (total pool: 1000)
2026-06-22 14:40:05,900 [INFO] Found 0 new trades to process (out of 111 total)
2026-06-22 14:40:05,901 [INFO] No new trades — nothing to execute
2026-06-22 14:45:02,508 [INFO] --- Checking trades for Markwayne Mullin ---
2026-06-22 14:45:02,904 [INFO] Fetched 111 trades for Markwayne Mullin (total pool: 1000)
2026-06-22 14:45:02,907 [INFO] Found 0 new trades to process (out of 111 total)
2026-06-22 14:45:02,907 [INFO] No new trades — nothing to execute
2026-06-22 14:50:02,705 [INFO] --- Checking trades for Markwayne Mullin ---
2026-06-22 14:50:09,598 [ERROR] Failed to fetch trades: 401 Client Error: Unauthorized for url: https://api.quiverquant.com/beta/live/congresstrading
2026-06-22 14:50:09,601 [INFO] No trades returned from QuiverQuant
2026-06-22 14:55:02,102 [INFO] --- Checking trades for Markwayne Mullin ---
2026-06-22 14:55:02,382 [INFO] Fetched 111 trades for Markwayne Mullin (total pool: 1000)
2026-06-22 14:55:02,384 [INFO] Found 0 new trades to process (out of 111 total)
2026-06-22 14:55:02,385 [INFO] No new trades — nothing to execute
2026-06-22 15:00:02,170 [INFO] --- Checking trades for Markwayne Mullin ---
2026-06-22 15:00:05,957 [INFO] Fetched 111 trades for Markwayne Mullin (total pool: 1000)
2026-06-22 15:00:05,959 [INFO] Found 0 new trades to process (out of 111 total)
2026-06-22 15:00:05,959 [INFO] No new trades — nothing to execute
2026-06-22 15:05:02,073 [INFO] --- Checking trades for Markwayne Mullin ---
2026-06-22 15:05:06,507 [INFO] Fetched 111 trades for Markwayne Mullin (total pool: 1000)
2026-06-22 15:05:06,509 [INFO] Found 0 new trades to process (out of 111 total)
2026-06-22 15:05:06,509 [INFO] No new trades — nothing to execute
2026-06-22 15:10:02,629 [INFO] --- Checking trades for Markwayne Mullin ---
2026-06-22 15:10:03,142 [ERROR] Failed to fetch trades: 401 Client Error: Unauthorized for url: https://api.quiverquant.com/beta/live/congresstrading
2026-06-22 15:10:03,144 [INFO] No trades returned from QuiverQuant
2026-06-22 15:15:02,182 [INFO] --- Checking trades for Markwayne Mullin ---
2026-06-22 15:15:02,503 [INFO] Fetched 111 trades for Markwayne Mullin (total pool: 1000)
2026-06-22 15:15:02,506 [INFO] Found 0 new trades to process (out of 111 total)
2026-06-22 15:15:02,506 [INFO] No new trades — nothing to execute
2026-06-22 15:20:02,826 [INFO] --- Checking trades for Markwayne Mullin ---
2026-06-22 15:20:03,098 [INFO] Fetched 111 trades for Markwayne Mullin (total pool: 1000)
2026-06-22 15:20:03,100 [INFO] Found 0 new trades to process (out of 111 total)
2026-06-22 15:20:03,100 [INFO] No new trades — nothing to execute
2026-06-22 15:25:02,870 [INFO] --- Checking trades for Markwayne Mullin ---
2026-06-22 15:25:03,217 [INFO] Fetched 111 trades for Markwayne Mullin (total pool: 1000)
2026-06-22 15:25:03,219 [INFO] Found 0 new trades to process (out of 111 total)
2026-06-22 15:25:03,219 [INFO] No new trades — nothing to execute
2026-06-22 15:30:02,379 [INFO] --- Checking trades for Markwayne Mullin ---
2026-06-22 15:30:02,695 [INFO] Fetched 111 trades for Markwayne Mullin (total pool: 1000)
2026-06-22 15:30:02,697 [INFO] Found 0 new trades to process (out of 111 total)
2026-06-22 15:30:02,697 [INFO] No new trades — nothing to execute
2026-06-22 15:35:02,627 [INFO] --- Checking trades for Markwayne Mullin ---
2026-06-22 15:35:02,909 [INFO] Fetched 111 trades for Markwayne Mullin (total pool: 1000)
2026-06-22 15:35:02,912 [INFO] Found 0 new trades to process (out of 111 total)
2026-06-22 15:35:02,912 [INFO] No new trades — nothing to execute
2026-06-22 15:40:02,154 [INFO] --- Checking trades for Markwayne Mullin ---
2026-06-22 15:40:02,398 [INFO] Fetched 111 trades for Markwayne Mullin (total pool: 1000)
2026-06-22 15:40:02,400 [INFO] Found 0 new trades to process (out of 111 total)
2026-06-22 15:40:02,400 [INFO] No new trades — nothing to execute
2026-06-22 15:45:02,139 [INFO] --- Checking trades for Markwayne Mullin ---
2026-06-22 15:45:02,381 [INFO] Fetched 111 trades for Markwayne Mullin (total pool: 1000)
2026-06-22 15:45:02,383 [INFO] Found 0 new trades to process (out of 111 total)
2026-06-22 15:45:02,384 [INFO] No new trades — nothing to execute
2026-06-22 15:50:02,237 [INFO] --- Checking trades for Markwayne Mullin ---
2026-06-22 15:50:02,466 [INFO] Fetched 111 trades for Markwayne Mullin (total pool: 1000)
2026-06-22 15:50:02,469 [INFO] Found 0 new trades to process (out of 111 total)
2026-06-22 15:50:02,469 [INFO] No new trades — nothing to execute
2026-06-22 15:55:02,754 [INFO] --- Checking trades for Markwayne Mullin ---
2026-06-22 15:55:03,025 [ERROR] Failed to fetch trades: 401 Client Error: Unauthorized for url: https://api.quiverquant.com/beta/live/congresstrading
2026-06-22 15:55:03,027 [INFO] No trades returned from QuiverQuant
2026-06-23 08:00:02,989 [INFO] --- Checking trades for Markwayne Mullin ---
2026-06-23 08:00:03,293 [ERROR] Failed to fetch trades: 401 Client Error: Unauthorized for url: https://api.quiverquant.com/beta/live/congresstrading
2026-06-23 08:00:03,294 [INFO] No trades returned from QuiverQuant
2026-06-23 08:05:02,019 [INFO] --- Checking trades for Markwayne Mullin ---
2026-06-23 08:05:03,005 [INFO] Fetched 111 trades for Markwayne Mullin (total pool: 1000)
2026-06-23 08:05:03,007 [INFO] Found 0 new trades to process (out of 111 total)
2026-06-23 08:05:03,008 [INFO] No new trades — nothing to execute
2026-06-23 08:10:02,635 [INFO] --- Checking trades for Markwayne Mullin ---
2026-06-23 08:10:02,955 [INFO] Fetched 111 trades for Markwayne Mullin (total pool: 1000)
2026-06-23 08:10:02,957 [INFO] Found 0 new trades to process (out of 111 total)
2026-06-23 08:10:02,957 [INFO] No new trades — nothing to execute
2026-06-23 08:15:02,844 [INFO] --- Checking trades for Markwayne Mullin ---
2026-06-23 08:15:03,218 [ERROR] Failed to fetch trades: 401 Client Error: Unauthorized for url: https://api.quiverquant.com/beta/live/congresstrading
2026-06-23 08:15:03,220 [INFO] No trades returned from QuiverQuant
2026-06-23 08:20:02,749 [INFO] --- Checking trades for Markwayne Mullin ---
2026-06-23 08:20:03,266 [INFO] Fetched 111 trades for Markwayne Mullin (total pool: 1000)
2026-06-23 08:20:03,269 [INFO] Found 0 new trades to process (out of 111 total)
2026-06-23 08:20:03,269 [INFO] No new trades — nothing to execute
2026-06-23 08:25:02,468 [INFO] --- Checking trades for Markwayne Mullin ---
2026-06-23 08:25:02,797 [INFO] Fetched 111 trades for Markwayne Mullin (total pool: 1000)
2026-06-23 08:25:02,799 [INFO] Found 0 new trades to process (out of 111 total)
2026-06-23 08:25:02,799 [INFO] No new trades — nothing to execute
2026-06-23 08:30:02,533 [INFO] --- Checking trades for Markwayne Mullin ---
2026-06-23 08:30:02,831 [INFO] Fetched 111 trades for Markwayne Mullin (total pool: 1000)
2026-06-23 08:30:02,833 [INFO] Found 0 new trades to process (out of 111 total)
2026-06-23 08:30:02,833 [INFO] No new trades — nothing to execute
2026-06-23 08:35:02,783 [INFO] --- Checking trades for Markwayne Mullin ---
2026-06-23 08:35:03,040 [INFO] Fetched 111 trades for Markwayne Mullin (total pool: 1000)
2026-06-23 08:35:03,043 [INFO] Found 0 new trades to process (out of 111 total)
2026-06-23 08:35:03,043 [INFO] No new trades — nothing to execute
2026-06-23 08:40:01,999 [INFO] --- Checking trades for Markwayne Mullin ---
2026-06-23 08:40:02,186 [ERROR] Failed to fetch trades: 401 Client Error: Unauthorized for url: https://api.quiverquant.com/beta/live/congresstrading
2026-06-23 08:40:02,187 [INFO] No trades returned from QuiverQuant
2026-06-23 08:45:02,645 [INFO] --- Checking trades for Markwayne Mullin ---
2026-06-23 08:45:02,878 [INFO] Fetched 111 trades for Markwayne Mullin (total pool: 1000)
2026-06-23 08:45:02,881 [INFO] Found 0 new trades to process (out of 111 total)
2026-06-23 08:45:02,881 [INFO] No new trades — nothing to execute
2026-06-23 08:50:02,204 [INFO] --- Checking trades for Markwayne Mullin ---
2026-06-23 08:50:02,507 [INFO] Fetched 111 trades for Markwayne Mullin (total pool: 1000)
2026-06-23 08:50:02,510 [INFO] Found 0 new trades to process (out of 111 total)
2026-06-23 08:50:02,510 [INFO] No new trades — nothing to execute
2026-06-23 08:55:02,125 [INFO] --- Checking trades for Markwayne Mullin ---
2026-06-23 08:55:02,432 [INFO] Fetched 111 trades for Markwayne Mullin (total pool: 1000)
2026-06-23 08:55:02,434 [INFO] Found 0 new trades to process (out of 111 total)
2026-06-23 08:55:02,435 [INFO] No new trades — nothing to execute
2026-06-23 09:00:02,194 [INFO] --- Checking trades for Markwayne Mullin ---
2026-06-23 09:00:02,787 [INFO] Fetched 111 trades for Markwayne Mullin (total pool: 1000)
2026-06-23 09:00:02,790 [INFO] Found 0 new trades to process (out of 111 total)
2026-06-23 09:00:02,790 [INFO] No new trades — nothing to execute
2026-06-23 09:05:02,626 [INFO] --- Checking trades for Markwayne Mullin ---
2026-06-23 09:05:03,092 [INFO] Fetched 111 trades for Markwayne Mullin (total pool: 1000)
2026-06-23 09:05:03,095 [INFO] Found 0 new trades to process (out of 111 total)
2026-06-23 09:05:03,095 [INFO] No new trades — nothing to execute
2026-06-23 09:10:02,027 [INFO] --- Checking trades for Markwayne Mullin ---
2026-06-23 09:10:03,260 [INFO] Fetched 111 trades for Markwayne Mullin (total pool: 1000)
2026-06-23 09:10:03,263 [INFO] Found 0 new trades to process (out of 111 total)
2026-06-23 09:10:03,263 [INFO] No new trades — nothing to execute
2026-06-23 09:15:02,445 [INFO] --- Checking trades for Markwayne Mullin ---
2026-06-23 09:15:02,716 [INFO] Fetched 111 trades for Markwayne Mullin (total pool: 1000)
2026-06-23 09:15:02,719 [INFO] Found 0 new trades to process (out of 111 total)
2026-06-23 09:15:02,719 [INFO] No new trades — nothing to execute
2026-06-23 09:20:02,647 [INFO] --- Checking trades for Markwayne Mullin ---
2026-06-23 09:20:02,965 [INFO] Fetched 111 trades for Markwayne Mullin (total pool: 1000)
2026-06-23 09:20:02,967 [INFO] Found 0 new trades to process (out of 111 total)
2026-06-23 09:20:02,967 [INFO] No new trades — nothing to execute
2026-06-23 09:25:02,289 [INFO] --- Checking trades for Markwayne Mullin ---
2026-06-23 09:25:02,585 [INFO] Fetched 111 trades for Markwayne Mullin (total pool: 1000)
2026-06-23 09:25:02,587 [INFO] Found 0 new trades to process (out of 111 total)
2026-06-23 09:25:02,587 [INFO] No new trades — nothing to execute
2026-06-23 09:30:02,883 [INFO] --- Checking trades for Markwayne Mullin ---
2026-06-23 09:30:03,182 [INFO] Fetched 111 trades for Markwayne Mullin (total pool: 1000)
2026-06-23 09:30:03,185 [INFO] Found 0 new trades to process (out of 111 total)
2026-06-23 09:30:03,185 [INFO] No new trades — nothing to execute
2026-06-23 09:35:02,240 [INFO] --- Checking trades for Markwayne Mullin ---
2026-06-23 09:35:02,507 [INFO] Fetched 111 trades for Markwayne Mullin (total pool: 1000)
2026-06-23 09:35:02,509 [INFO] Found 0 new trades to process (out of 111 total)
2026-06-23 09:35:02,510 [INFO] No new trades — nothing to execute
2026-06-23 09:40:02,248 [INFO] --- Checking trades for Markwayne Mullin ---
2026-06-23 09:40:02,636 [ERROR] Failed to fetch trades: 401 Client Error: Unauthorized for url: https://api.quiverquant.com/beta/live/congresstrading
2026-06-23 09:40:02,637 [INFO] No trades returned from QuiverQuant
2026-06-23 09:45:02,681 [INFO] --- Checking trades for Markwayne Mullin ---
2026-06-23 09:45:03,000 [INFO] Fetched 111 trades for Markwayne Mullin (total pool: 1000)
2026-06-23 09:45:03,003 [INFO] Found 0 new trades to process (out of 111 total)
2026-06-23 09:45:03,003 [INFO] No new trades — nothing to execute
2026-06-23 09:50:02,314 [INFO] --- Checking trades for Markwayne Mullin ---
2026-06-23 09:50:03,726 [ERROR] Failed to fetch trades: 401 Client Error: Unauthorized for url: https://api.quiverquant.com/beta/live/congresstrading
2026-06-23 09:50:03,728 [INFO] No trades returned from QuiverQuant
2026-06-23 09:55:01,970 [INFO] --- Checking trades for Markwayne Mullin ---
2026-06-23 09:55:02,282 [ERROR] Failed to fetch trades: 401 Client Error: Unauthorized for url: https://api.quiverquant.com/beta/live/congresstrading
2026-06-23 09:55:02,283 [INFO] No trades returned from QuiverQuant
2026-06-23 10:00:02,443 [INFO] --- Checking trades for Markwayne Mullin ---
2026-06-23 10:00:02,904 [INFO] Fetched 111 trades for Markwayne Mullin (total pool: 1000)
2026-06-23 10:00:02,907 [INFO] Found 0 new trades to process (out of 111 total)
2026-06-23 10:00:02,907 [INFO] No new trades — nothing to execute
2026-06-23 10:05:02,694 [INFO] --- Checking trades for Markwayne Mullin ---
2026-06-23 10:05:13,219 [INFO] Fetched 111 trades for Markwayne Mullin (total pool: 1000)
2026-06-23 10:05:13,222 [INFO] Found 0 new trades to process (out of 111 total)
2026-06-23 10:05:13,222 [INFO] No new trades — nothing to execute
2026-06-23 10:10:01,922 [INFO] --- Checking trades for Markwayne Mullin ---
2026-06-23 10:10:02,258 [INFO] Fetched 111 trades for Markwayne Mullin (total pool: 1000)
2026-06-23 10:10:02,260 [INFO] Found 0 new trades to process (out of 111 total)
2026-06-23 10:10:02,261 [INFO] No new trades — nothing to execute
2026-06-23 10:15:02,259 [INFO] --- Checking trades for Markwayne Mullin ---
2026-06-23 10:15:02,563 [INFO] Fetched 111 trades for Markwayne Mullin (total pool: 1000)
2026-06-23 10:15:02,566 [INFO] Found 0 new trades to process (out of 111 total)
2026-06-23 10:15:02,566 [INFO] No new trades — nothing to execute
2026-06-23 10:20:01,840 [INFO] --- Checking trades for Markwayne Mullin ---
2026-06-23 10:20:02,062 [INFO] Fetched 111 trades for Markwayne Mullin (total pool: 1000)
2026-06-23 10:20:02,064 [INFO] Found 0 new trades to process (out of 111 total)
2026-06-23 10:20:02,065 [INFO] No new trades — nothing to execute
2026-06-23 10:25:02,291 [INFO] --- Checking trades for Markwayne Mullin ---
2026-06-23 10:25:04,355 [INFO] Fetched 111 trades for Markwayne Mullin (total pool: 1000)
2026-06-23 10:25:04,358 [INFO] Found 0 new trades to process (out of 111 total)
2026-06-23 10:25:04,358 [INFO] No new trades — nothing to execute
2026-06-23 10:30:02,325 [INFO] --- Checking trades for Markwayne Mullin ---
2026-06-23 10:30:02,667 [INFO] Fetched 111 trades for Markwayne Mullin (total pool: 1000)
2026-06-23 10:30:02,670 [INFO] Found 0 new trades to process (out of 111 total)
2026-06-23 10:30:02,670 [INFO] No new trades — nothing to execute
2026-06-23 10:35:02,691 [INFO] --- Checking trades for Markwayne Mullin ---
2026-06-23 10:35:02,985 [INFO] Fetched 111 trades for Markwayne Mullin (total pool: 1000)
2026-06-23 10:35:02,988 [INFO] Found 0 new trades to process (out of 111 total)
2026-06-23 10:35:02,988 [INFO] No new trades — nothing to execute
2026-06-23 10:40:02,123 [INFO] --- Checking trades for Markwayne Mullin ---
2026-06-23 10:40:02,569 [INFO] Fetched 111 trades for Markwayne Mullin (total pool: 1000)
2026-06-23 10:40:02,571 [INFO] Found 0 new trades to process (out of 111 total)
2026-06-23 10:40:02,571 [INFO] No new trades — nothing to execute
2026-06-23 10:45:02,386 [INFO] --- Checking trades for Markwayne Mullin ---
2026-06-23 10:45:02,689 [INFO] Fetched 111 trades for Markwayne Mullin (total pool: 1000)
2026-06-23 10:45:02,692 [INFO] Found 0 new trades to process (out of 111 total)
2026-06-23 10:45:02,692 [INFO] No new trades — nothing to execute
2026-06-23 10:50:02,010 [INFO] --- Checking trades for Markwayne Mullin ---
2026-06-23 10:50:02,345 [INFO] Fetched 111 trades for Markwayne Mullin (total pool: 1000)
2026-06-23 10:50:02,348 [INFO] Found 0 new trades to process (out of 111 total)
2026-06-23 10:50:02,348 [INFO] No new trades — nothing to execute
2026-06-23 10:55:02,064 [INFO] --- Checking trades for Markwayne Mullin ---
2026-06-23 10:55:02,375 [INFO] Fetched 111 trades for Markwayne Mullin (total pool: 1000)
2026-06-23 10:55:02,379 [INFO] Found 0 new trades to process (out of 111 total)
2026-06-23 10:55:02,380 [INFO] No new trades — nothing to execute
2026-06-23 11:00:02,167 [INFO] --- Checking trades for Markwayne Mullin ---
2026-06-23 11:00:02,777 [INFO] Fetched 111 trades for Markwayne Mullin (total pool: 1000)
2026-06-23 11:00:02,780 [INFO] Found 0 new trades to process (out of 111 total)
2026-06-23 11:00:02,780 [INFO] No new trades — nothing to execute
2026-06-23 11:05:02,540 [INFO] --- Checking trades for Markwayne Mullin ---
2026-06-23 11:05:02,874 [INFO] Fetched 111 trades for Markwayne Mullin (total pool: 1000)
2026-06-23 11:05:02,876 [INFO] Found 0 new trades to process (out of 111 total)
2026-06-23 11:05:02,876 [INFO] No new trades — nothing to execute
2026-06-23 11:10:02,742 [INFO] --- Checking trades for Markwayne Mullin ---
2026-06-23 11:10:03,006 [ERROR] Failed to fetch trades: 401 Client Error: Unauthorized for url: https://api.quiverquant.com/beta/live/congresstrading
2026-06-23 11:10:03,008 [INFO] No trades returned from QuiverQuant
2026-06-23 11:15:02,744 [INFO] --- Checking trades for Markwayne Mullin ---
2026-06-23 11:15:03,537 [INFO] Fetched 111 trades for Markwayne Mullin (total pool: 1000)
2026-06-23 11:15:03,539 [INFO] Found 0 new trades to process (out of 111 total)
2026-06-23 11:15:03,539 [INFO] No new trades — nothing to execute
2026-06-23 11:20:02,236 [INFO] --- Checking trades for Markwayne Mullin ---
2026-06-23 11:20:02,499 [INFO] Fetched 111 trades for Markwayne Mullin (total pool: 1000)
2026-06-23 11:20:02,501 [INFO] Found 0 new trades to process (out of 111 total)
2026-06-23 11:20:02,501 [INFO] No new trades — nothing to execute
2026-06-23 11:25:02,564 [INFO] --- Checking trades for Markwayne Mullin ---
2026-06-23 11:25:02,870 [ERROR] Failed to fetch trades: 401 Client Error: Unauthorized for url: https://api.quiverquant.com/beta/live/congresstrading
2026-06-23 11:25:02,871 [INFO] No trades returned from QuiverQuant
2026-06-23 11:30:02,135 [INFO] --- Checking trades for Markwayne Mullin ---
2026-06-23 11:30:04,631 [ERROR] Failed to fetch trades: 401 Client Error: Unauthorized for url: https://api.quiverquant.com/beta/live/congresstrading
2026-06-23 11:30:04,632 [INFO] No trades returned from QuiverQuant
2026-06-23 11:35:02,347 [INFO] --- Checking trades for Markwayne Mullin ---
2026-06-23 11:35:02,649 [ERROR] Failed to fetch trades: 401 Client Error: Unauthorized for url: https://api.quiverquant.com/beta/live/congresstrading
2026-06-23 11:35:02,650 [INFO] No trades returned from QuiverQuant
2026-06-23 11:40:02,818 [INFO] --- Checking trades for Markwayne Mullin ---
2026-06-23 11:40:05,159 [INFO] Fetched 111 trades for Markwayne Mullin (total pool: 1000)
2026-06-23 11:40:05,162 [INFO] Found 0 new trades to process (out of 111 total)
2026-06-23 11:40:05,162 [INFO] No new trades — nothing to execute
2026-06-23 11:45:02,313 [INFO] --- Checking trades for Markwayne Mullin ---
2026-06-23 11:45:06,717 [INFO] Fetched 111 trades for Markwayne Mullin (total pool: 1000)
2026-06-23 11:45:06,720 [INFO] Found 0 new trades to process (out of 111 total)
2026-06-23 11:45:06,720 [INFO] No new trades — nothing to execute
2026-06-23 11:50:02,566 [INFO] --- Checking trades for Markwayne Mullin ---
2026-06-23 11:50:03,014 [ERROR] Failed to fetch trades: 401 Client Error: Unauthorized for url: https://api.quiverquant.com/beta/live/congresstrading
2026-06-23 11:50:03,016 [INFO] No trades returned from QuiverQuant
2026-06-23 11:55:02,457 [INFO] --- Checking trades for Markwayne Mullin ---
2026-06-23 11:55:02,696 [ERROR] Failed to fetch trades: 401 Client Error: Unauthorized for url: https://api.quiverquant.com/beta/live/congresstrading
2026-06-23 11:55:02,698 [INFO] No trades returned from QuiverQuant
2026-06-23 12:00:02,475 [INFO] --- Checking trades for Markwayne Mullin ---
2026-06-23 12:00:06,450 [INFO] Fetched 111 trades for Markwayne Mullin (total pool: 1000)
2026-06-23 12:00:06,452 [INFO] Found 0 new trades to process (out of 111 total)
2026-06-23 12:00:06,452 [INFO] No new trades — nothing to execute
2026-06-23 12:05:01,972 [INFO] --- Checking trades for Markwayne Mullin ---
2026-06-23 12:05:02,209 [INFO] Fetched 111 trades for Markwayne Mullin (total pool: 1000)
2026-06-23 12:05:02,212 [INFO] Found 0 new trades to process (out of 111 total)
2026-06-23 12:05:02,212 [INFO] No new trades — nothing to execute
2026-06-23 12:10:02,489 [INFO] --- Checking trades for Markwayne Mullin ---
2026-06-23 12:10:02,796 [INFO] Fetched 111 trades for Markwayne Mullin (total pool: 1000)
2026-06-23 12:10:02,799 [INFO] Found 0 new trades to process (out of 111 total)
2026-06-23 12:10:02,799 [INFO] No new trades — nothing to execute
2026-06-23 12:15:02,794 [INFO] --- Checking trades for Markwayne Mullin ---
2026-06-23 12:15:03,763 [INFO] Fetched 111 trades for Markwayne Mullin (total pool: 1000)
2026-06-23 12:15:03,765 [INFO] Found 0 new trades to process (out of 111 total)
2026-06-23 12:15:03,765 [INFO] No new trades — nothing to execute
2026-06-23 12:20:01,883 [INFO] --- Checking trades for Markwayne Mullin ---
2026-06-23 12:20:02,538 [ERROR] Failed to fetch trades: 401 Client Error: Unauthorized for url: https://api.quiverquant.com/beta/live/congresstrading
2026-06-23 12:20:02,540 [INFO] No trades returned from QuiverQuant
2026-06-23 12:25:02,431 [INFO] --- Checking trades for Markwayne Mullin ---
2026-06-23 12:25:03,285 [ERROR] Failed to fetch trades: 401 Client Error: Unauthorized for url: https://api.quiverquant.com/beta/live/congresstrading
2026-06-23 12:25:03,287 [INFO] No trades returned from QuiverQuant
2026-06-23 12:30:02,016 [INFO] --- Checking trades for Markwayne Mullin ---
2026-06-23 12:30:02,357 [INFO] Fetched 111 trades for Markwayne Mullin (total pool: 1000)
2026-06-23 12:30:02,361 [INFO] Found 0 new trades to process (out of 111 total)
2026-06-23 12:30:02,361 [INFO] No new trades — nothing to execute
2026-06-23 12:35:02,110 [INFO] --- Checking trades for Markwayne Mullin ---
2026-06-23 12:35:02,466 [INFO] Fetched 111 trades for Markwayne Mullin (total pool: 1000)
2026-06-23 12:35:02,469 [INFO] Found 0 new trades to process (out of 111 total)
2026-06-23 12:35:02,469 [INFO] No new trades — nothing to execute
2026-06-23 12:40:02,430 [INFO] --- Checking trades for Markwayne Mullin ---
2026-06-23 12:40:03,740 [INFO] Fetched 111 trades for Markwayne Mullin (total pool: 1000)
2026-06-23 12:40:03,743 [INFO] Found 0 new trades to process (out of 111 total)
2026-06-23 12:40:03,743 [INFO] No new trades — nothing to execute
2026-06-23 12:45:02,264 [INFO] --- Checking trades for Markwayne Mullin ---
2026-06-23 12:45:17,416 [ERROR] Failed to fetch trades: HTTPSConnectionPool(host='api.quiverquant.com', port=443): Read timed out. (read timeout=15)
2026-06-23 12:45:17,416 [INFO] No trades returned from QuiverQuant
2026-06-23 12:50:02,182 [INFO] --- Checking trades for Markwayne Mullin ---
2026-06-23 12:50:04,526 [ERROR] Failed to fetch trades: 401 Client Error: Unauthorized for url: https://api.quiverquant.com/beta/live/congresstrading
2026-06-23 12:50:04,528 [INFO] No trades returned from QuiverQuant
2026-06-23 12:55:02,126 [INFO] --- Checking trades for Markwayne Mullin ---
2026-06-23 12:55:07,471 [INFO] Fetched 111 trades for Markwayne Mullin (total pool: 1000)
2026-06-23 12:55:07,473 [INFO] Found 0 new trades to process (out of 111 total)
2026-06-23 12:55:07,473 [INFO] No new trades — nothing to execute
2026-06-23 13:00:02,306 [INFO] --- Checking trades for Markwayne Mullin ---
2026-06-23 13:00:05,689 [ERROR] Failed to fetch trades: 401 Client Error: Unauthorized for url: https://api.quiverquant.com/beta/live/congresstrading
2026-06-23 13:00:05,691 [INFO] No trades returned from QuiverQuant
2026-06-23 13:05:02,289 [INFO] --- Checking trades for Markwayne Mullin ---
2026-06-23 13:05:17,430 [ERROR] Failed to fetch trades: HTTPSConnectionPool(host='api.quiverquant.com', port=443): Read timed out. (read timeout=15)
2026-06-23 13:05:17,431 [INFO] No trades returned from QuiverQuant
2026-06-23 13:10:02,490 [INFO] --- Checking trades for Markwayne Mullin ---
2026-06-23 13:10:04,712 [ERROR] Failed to fetch trades: 401 Client Error: Unauthorized for url: https://api.quiverquant.com/beta/live/congresstrading
2026-06-23 13:10:04,714 [INFO] No trades returned from QuiverQuant
2026-06-23 13:15:02,646 [INFO] --- Checking trades for Markwayne Mullin ---
2026-06-23 13:15:05,732 [INFO] Fetched 111 trades for Markwayne Mullin (total pool: 1000)
2026-06-23 13:15:05,734 [INFO] Found 0 new trades to process (out of 111 total)
2026-06-23 13:15:05,734 [INFO] No new trades — nothing to execute
2026-06-23 13:20:02,343 [INFO] --- Checking trades for Markwayne Mullin ---
2026-06-23 13:20:03,284 [ERROR] Failed to fetch trades: 401 Client Error: Unauthorized for url: https://api.quiverquant.com/beta/live/congresstrading
2026-06-23 13:20:03,285 [INFO] No trades returned from QuiverQuant
2026-06-23 13:25:02,078 [INFO] --- Checking trades for Markwayne Mullin ---
2026-06-23 13:25:02,355 [INFO] Fetched 111 trades for Markwayne Mullin (total pool: 1000)
2026-06-23 13:25:02,358 [INFO] Found 0 new trades to process (out of 111 total)
2026-06-23 13:25:02,358 [INFO] No new trades — nothing to execute
2026-06-23 13:30:02,362 [INFO] --- Checking trades for Markwayne Mullin ---
2026-06-23 13:30:08,707 [INFO] Fetched 111 trades for Markwayne Mullin (total pool: 1000)
2026-06-23 13:30:08,710 [INFO] Found 0 new trades to process (out of 111 total)
2026-06-23 13:30:08,710 [INFO] No new trades — nothing to execute
2026-06-23 13:35:02,688 [INFO] --- Checking trades for Markwayne Mullin ---
2026-06-23 13:35:17,822 [ERROR] Failed to fetch trades: HTTPSConnectionPool(host='api.quiverquant.com', port=443): Read timed out. (read timeout=15)
2026-06-23 13:35:17,823 [INFO] No trades returned from QuiverQuant
2026-06-23 13:40:02,265 [INFO] --- Checking trades for Markwayne Mullin ---
2026-06-23 13:40:03,811 [ERROR] Failed to fetch trades: 401 Client Error: Unauthorized for url: https://api.quiverquant.com/beta/live/congresstrading
2026-06-23 13:40:03,813 [INFO] No trades returned from QuiverQuant
2026-06-23 13:45:02,889 [INFO] --- Checking trades for Markwayne Mullin ---
2026-06-23 13:45:03,161 [ERROR] Failed to fetch trades: 401 Client Error: Unauthorized for url: https://api.quiverquant.com/beta/live/congresstrading
2026-06-23 13:45:03,162 [INFO] No trades returned from QuiverQuant
2026-06-23 13:50:02,221 [INFO] --- Checking trades for Markwayne Mullin ---
2026-06-23 13:50:02,514 [INFO] Fetched 111 trades for Markwayne Mullin (total pool: 1000)
2026-06-23 13:50:02,516 [INFO] Found 0 new trades to process (out of 111 total)
2026-06-23 13:50:02,517 [INFO] No new trades — nothing to execute
2026-06-23 13:55:02,144 [INFO] --- Checking trades for Markwayne Mullin ---
2026-06-23 13:55:03,909 [ERROR] Failed to fetch trades: 401 Client Error: Unauthorized for url: https://api.quiverquant.com/beta/live/congresstrading
2026-06-23 13:55:03,911 [INFO] No trades returned from QuiverQuant
2026-06-23 14:00:02,736 [INFO] --- Checking trades for Markwayne Mullin ---
2026-06-23 14:00:05,655 [INFO] Fetched 111 trades for Markwayne Mullin (total pool: 1000)
2026-06-23 14:00:05,657 [INFO] Found 0 new trades to process (out of 111 total)
2026-06-23 14:00:05,657 [INFO] No new trades — nothing to execute
2026-06-23 14:05:02,518 [INFO] --- Checking trades for Markwayne Mullin ---
2026-06-23 14:05:02,838 [INFO] Fetched 111 trades for Markwayne Mullin (total pool: 1000)
2026-06-23 14:05:02,841 [INFO] Found 0 new trades to process (out of 111 total)
2026-06-23 14:05:02,841 [INFO] No new trades — nothing to execute
2026-06-23 14:10:02,359 [INFO] --- Checking trades for Markwayne Mullin ---
2026-06-23 14:10:02,778 [INFO] Fetched 111 trades for Markwayne Mullin (total pool: 1000)
2026-06-23 14:10:02,781 [INFO] Found 0 new trades to process (out of 111 total)
2026-06-23 14:10:02,781 [INFO] No new trades — nothing to execute
2026-06-23 14:15:02,020 [INFO] --- Checking trades for Markwayne Mullin ---
2026-06-23 14:15:02,299 [INFO] Fetched 111 trades for Markwayne Mullin (total pool: 1000)
2026-06-23 14:15:02,301 [INFO] Found 0 new trades to process (out of 111 total)
2026-06-23 14:15:02,301 [INFO] No new trades — nothing to execute
2026-06-23 14:20:02,002 [INFO] --- Checking trades for Markwayne Mullin ---
2026-06-23 14:20:02,556 [INFO] Fetched 111 trades for Markwayne Mullin (total pool: 1000)
2026-06-23 14:20:02,558 [INFO] Found 0 new trades to process (out of 111 total)
2026-06-23 14:20:02,558 [INFO] No new trades — nothing to execute
2026-06-23 14:25:02,776 [INFO] --- Checking trades for Markwayne Mullin ---
2026-06-23 14:25:03,103 [INFO] Fetched 111 trades for Markwayne Mullin (total pool: 1000)
2026-06-23 14:25:03,106 [INFO] Found 0 new trades to process (out of 111 total)
2026-06-23 14:25:03,106 [INFO] No new trades — nothing to execute
2026-06-23 14:30:02,814 [INFO] --- Checking trades for Markwayne Mullin ---
2026-06-23 14:30:04,494 [INFO] Fetched 111 trades for Markwayne Mullin (total pool: 1000)
2026-06-23 14:30:04,497 [INFO] Found 0 new trades to process (out of 111 total)
2026-06-23 14:30:04,497 [INFO] No new trades — nothing to execute
2026-06-23 14:35:02,412 [INFO] --- Checking trades for Markwayne Mullin ---
2026-06-23 14:35:02,799 [INFO] Fetched 111 trades for Markwayne Mullin (total pool: 1000)
2026-06-23 14:35:02,802 [INFO] Found 0 new trades to process (out of 111 total)
2026-06-23 14:35:02,802 [INFO] No new trades — nothing to execute
2026-06-23 14:40:01,858 [INFO] --- Checking trades for Markwayne Mullin ---
2026-06-23 14:40:02,047 [INFO] Fetched 111 trades for Markwayne Mullin (total pool: 1000)
2026-06-23 14:40:02,050 [INFO] Found 0 new trades to process (out of 111 total)
2026-06-23 14:40:02,050 [INFO] No new trades — nothing to execute
2026-06-23 14:45:02,773 [INFO] --- Checking trades for Markwayne Mullin ---
2026-06-23 14:45:03,075 [INFO] Fetched 111 trades for Markwayne Mullin (total pool: 1000)
2026-06-23 14:45:03,078 [INFO] Found 0 new trades to process (out of 111 total)
2026-06-23 14:45:03,078 [INFO] No new trades — nothing to execute
2026-06-23 14:50:02,816 [INFO] --- Checking trades for Markwayne Mullin ---
2026-06-23 14:50:03,274 [ERROR] Failed to fetch trades: 401 Client Error: Unauthorized for url: https://api.quiverquant.com/beta/live/congresstrading
2026-06-23 14:50:03,276 [INFO] No trades returned from QuiverQuant
2026-06-23 14:55:01,892 [INFO] --- Checking trades for Markwayne Mullin ---
2026-06-23 14:55:03,455 [INFO] Fetched 111 trades for Markwayne Mullin (total pool: 1000)
2026-06-23 14:55:03,458 [INFO] Found 0 new trades to process (out of 111 total)
2026-06-23 14:55:03,459 [INFO] No new trades — nothing to execute
2026-06-23 15:00:02,541 [INFO] --- Checking trades for Markwayne Mullin ---
2026-06-23 15:00:02,833 [INFO] Fetched 111 trades for Markwayne Mullin (total pool: 1000)
2026-06-23 15:00:02,837 [INFO] Found 0 new trades to process (out of 111 total)
2026-06-23 15:00:02,838 [INFO] No new trades — nothing to execute
2026-06-23 15:05:01,928 [INFO] --- Checking trades for Markwayne Mullin ---
2026-06-23 15:05:02,294 [ERROR] Failed to fetch trades: 401 Client Error: Unauthorized for url: https://api.quiverquant.com/beta/live/congresstrading
2026-06-23 15:05:02,296 [INFO] No trades returned from QuiverQuant
2026-06-23 15:10:02,640 [INFO] --- Checking trades for Markwayne Mullin ---
2026-06-23 15:10:02,990 [INFO] Fetched 111 trades for Markwayne Mullin (total pool: 1000)
2026-06-23 15:10:02,992 [INFO] Found 0 new trades to process (out of 111 total)
2026-06-23 15:10:02,992 [INFO] No new trades — nothing to execute
2026-06-23 15:15:02,242 [INFO] --- Checking trades for Markwayne Mullin ---
2026-06-23 15:15:02,574 [INFO] Fetched 111 trades for Markwayne Mullin (total pool: 1000)
2026-06-23 15:15:02,577 [INFO] Found 0 new trades to process (out of 111 total)
2026-06-23 15:15:02,577 [INFO] No new trades — nothing to execute
2026-06-23 15:20:02,641 [INFO] --- Checking trades for Markwayne Mullin ---
2026-06-23 15:20:02,981 [INFO] Fetched 111 trades for Markwayne Mullin (total pool: 1000)
2026-06-23 15:20:02,985 [INFO] Found 0 new trades to process (out of 111 total)
2026-06-23 15:20:02,985 [INFO] No new trades — nothing to execute
2026-06-23 15:25:02,837 [INFO] --- Checking trades for Markwayne Mullin ---
2026-06-23 15:25:03,129 [INFO] Fetched 111 trades for Markwayne Mullin (total pool: 1000)
2026-06-23 15:25:03,132 [INFO] Found 0 new trades to process (out of 111 total)
2026-06-23 15:25:03,132 [INFO] No new trades — nothing to execute
2026-06-23 15:30:01,984 [INFO] --- Checking trades for Markwayne Mullin ---
2026-06-23 15:30:02,230 [INFO] Fetched 111 trades for Markwayne Mullin (total pool: 1000)
2026-06-23 15:30:02,232 [INFO] Found 0 new trades to process (out of 111 total)
2026-06-23 15:30:02,233 [INFO] No new trades — nothing to execute
2026-06-23 15:35:02,222 [INFO] --- Checking trades for Markwayne Mullin ---
2026-06-23 15:35:02,480 [ERROR] Failed to fetch trades: 401 Client Error: Unauthorized for url: https://api.quiverquant.com/beta/live/congresstrading
2026-06-23 15:35:02,482 [INFO] No trades returned from QuiverQuant
2026-06-23 15:40:02,090 [INFO] --- Checking trades for Markwayne Mullin ---
2026-06-23 15:40:02,385 [INFO] Fetched 111 trades for Markwayne Mullin (total pool: 1000)
2026-06-23 15:40:02,388 [INFO] Found 0 new trades to process (out of 111 total)
2026-06-23 15:40:02,388 [INFO] No new trades — nothing to execute
2026-06-23 15:45:02,064 [INFO] --- Checking trades for Markwayne Mullin ---
2026-06-23 15:45:02,424 [INFO] Fetched 111 trades for Markwayne Mullin (total pool: 1000)
2026-06-23 15:45:02,426 [INFO] Found 0 new trades to process (out of 111 total)
2026-06-23 15:45:02,426 [INFO] No new trades — nothing to execute
2026-06-23 15:50:02,074 [INFO] --- Checking trades for Markwayne Mullin ---
2026-06-23 15:50:02,374 [INFO] Fetched 111 trades for Markwayne Mullin (total pool: 1000)
2026-06-23 15:50:02,376 [INFO] Found 0 new trades to process (out of 111 total)
2026-06-23 15:50:02,376 [INFO] No new trades — nothing to execute
2026-06-23 15:55:02,058 [INFO] --- Checking trades for Markwayne Mullin ---
2026-06-23 15:55:02,350 [INFO] Fetched 111 trades for Markwayne Mullin (total pool: 1000)
2026-06-23 15:55:02,352 [INFO] Found 0 new trades to process (out of 111 total)
2026-06-23 15:55:02,352 [INFO] No new trades — nothing to execute
2026-06-24 08:00:03,177 [INFO] --- Checking trades for Markwayne Mullin ---
2026-06-24 08:00:04,031 [ERROR] Failed to fetch trades: 401 Client Error: Unauthorized for url: https://api.quiverquant.com/beta/live/congresstrading
2026-06-24 08:00:04,032 [INFO] No trades returned from QuiverQuant
2026-06-24 08:05:02,803 [INFO] --- Checking trades for Markwayne Mullin ---
2026-06-24 08:05:03,031 [ERROR] Failed to fetch trades: 401 Client Error: Unauthorized for url: https://api.quiverquant.com/beta/live/congresstrading
2026-06-24 08:05:03,033 [INFO] No trades returned from QuiverQuant
2026-06-24 08:10:02,161 [INFO] --- Checking trades for Markwayne Mullin ---
2026-06-24 08:10:02,483 [INFO] Fetched 111 trades for Markwayne Mullin (total pool: 1000)
2026-06-24 08:10:02,486 [INFO] Found 0 new trades to process (out of 111 total)
2026-06-24 08:10:02,486 [INFO] No new trades — nothing to execute
2026-06-24 08:15:01,848 [INFO] --- Checking trades for Markwayne Mullin ---
2026-06-24 08:15:02,013 [INFO] Fetched 111 trades for Markwayne Mullin (total pool: 1000)
2026-06-24 08:15:02,017 [INFO] Found 0 new trades to process (out of 111 total)
2026-06-24 08:15:02,017 [INFO] No new trades — nothing to execute
2026-06-24 08:20:02,181 [INFO] --- Checking trades for Markwayne Mullin ---
2026-06-24 08:20:02,380 [INFO] Fetched 111 trades for Markwayne Mullin (total pool: 1000)
2026-06-24 08:20:02,383 [INFO] Found 0 new trades to process (out of 111 total)
2026-06-24 08:20:02,383 [INFO] No new trades — nothing to execute
2026-06-24 08:25:02,130 [INFO] --- Checking trades for Markwayne Mullin ---
2026-06-24 08:25:02,617 [INFO] Fetched 111 trades for Markwayne Mullin (total pool: 1000)
2026-06-24 08:25:02,620 [INFO] Found 0 new trades to process (out of 111 total)
2026-06-24 08:25:02,621 [INFO] No new trades — nothing to execute
2026-06-24 08:30:02,236 [INFO] --- Checking trades for Markwayne Mullin ---
2026-06-24 08:30:03,779 [INFO] Fetched 111 trades for Markwayne Mullin (total pool: 1000)
2026-06-24 08:30:03,781 [INFO] Found 0 new trades to process (out of 111 total)
2026-06-24 08:30:03,781 [INFO] No new trades — nothing to execute
2026-06-24 08:35:02,000 [INFO] --- Checking trades for Markwayne Mullin ---
2026-06-24 08:35:02,179 [INFO] Fetched 111 trades for Markwayne Mullin (total pool: 1000)
2026-06-24 08:35:02,182 [INFO] Found 0 new trades to process (out of 111 total)
2026-06-24 08:35:02,182 [INFO] No new trades — nothing to execute
2026-06-24 08:40:02,235 [INFO] --- Checking trades for Markwayne Mullin ---
2026-06-24 08:40:02,484 [INFO] Fetched 111 trades for Markwayne Mullin (total pool: 1000)
2026-06-24 08:40:02,487 [INFO] Found 0 new trades to process (out of 111 total)
2026-06-24 08:40:02,487 [INFO] No new trades — nothing to execute
2026-06-24 08:45:02,013 [INFO] --- Checking trades for Markwayne Mullin ---
2026-06-24 08:45:02,255 [INFO] Fetched 111 trades for Markwayne Mullin (total pool: 1000)
2026-06-24 08:45:02,258 [INFO] Found 0 new trades to process (out of 111 total)
2026-06-24 08:45:02,258 [INFO] No new trades — nothing to execute
2026-06-24 08:50:02,018 [INFO] --- Checking trades for Markwayne Mullin ---
2026-06-24 08:50:02,470 [INFO] Fetched 111 trades for Markwayne Mullin (total pool: 1000)
2026-06-24 08:50:02,474 [INFO] Found 0 new trades to process (out of 111 total)
2026-06-24 08:50:02,474 [INFO] No new trades — nothing to execute
2026-06-24 08:55:02,709 [INFO] --- Checking trades for Markwayne Mullin ---
2026-06-24 08:55:02,983 [INFO] Fetched 111 trades for Markwayne Mullin (total pool: 1000)
2026-06-24 08:55:02,986 [INFO] Found 0 new trades to process (out of 111 total)
2026-06-24 08:55:02,986 [INFO] No new trades — nothing to execute
2026-06-24 09:00:02,006 [INFO] --- Checking trades for Markwayne Mullin ---
2026-06-24 09:00:02,288 [INFO] Fetched 111 trades for Markwayne Mullin (total pool: 1000)
2026-06-24 09:00:02,291 [INFO] Found 0 new trades to process (out of 111 total)
2026-06-24 09:00:02,291 [INFO] No new trades — nothing to execute
2026-06-24 09:05:02,579 [INFO] --- Checking trades for Markwayne Mullin ---
2026-06-24 09:05:02,867 [INFO] Fetched 111 trades for Markwayne Mullin (total pool: 1000)
2026-06-24 09:05:02,870 [INFO] Found 0 new trades to process (out of 111 total)
2026-06-24 09:05:02,870 [INFO] No new trades — nothing to execute
2026-06-24 09:10:01,999 [INFO] --- Checking trades for Markwayne Mullin ---
2026-06-24 09:10:02,199 [INFO] Fetched 111 trades for Markwayne Mullin (total pool: 1000)
2026-06-24 09:10:02,202 [INFO] Found 0 new trades to process (out of 111 total)
2026-06-24 09:10:02,202 [INFO] No new trades — nothing to execute
2026-06-24 09:15:02,116 [INFO] --- Checking trades for Markwayne Mullin ---
2026-06-24 09:15:02,949 [ERROR] Failed to fetch trades: 401 Client Error: Unauthorized for url: https://api.quiverquant.com/beta/live/congresstrading
2026-06-24 09:15:02,951 [INFO] No trades returned from QuiverQuant
2026-06-24 09:20:02,363 [INFO] --- Checking trades for Markwayne Mullin ---
2026-06-24 09:20:03,463 [ERROR] Failed to fetch trades: 401 Client Error: Unauthorized for url: https://api.quiverquant.com/beta/live/congresstrading
2026-06-24 09:20:03,465 [INFO] No trades returned from QuiverQuant
2026-06-24 09:25:02,571 [INFO] --- Checking trades for Markwayne Mullin ---
2026-06-24 09:25:02,779 [INFO] Fetched 111 trades for Markwayne Mullin (total pool: 1000)
2026-06-24 09:25:02,781 [INFO] Found 0 new trades to process (out of 111 total)
2026-06-24 09:25:02,782 [INFO] No new trades — nothing to execute
2026-06-24 09:30:02,030 [INFO] --- Checking trades for Markwayne Mullin ---
2026-06-24 09:30:02,309 [INFO] Fetched 111 trades for Markwayne Mullin (total pool: 1000)
2026-06-24 09:30:02,312 [INFO] Found 0 new trades to process (out of 111 total)
2026-06-24 09:30:02,312 [INFO] No new trades — nothing to execute
2026-06-24 09:35:02,569 [INFO] --- Checking trades for Markwayne Mullin ---
2026-06-24 09:35:03,265 [INFO] Fetched 111 trades for Markwayne Mullin (total pool: 1000)
2026-06-24 09:35:03,268 [INFO] Found 0 new trades to process (out of 111 total)
2026-06-24 09:35:03,268 [INFO] No new trades — nothing to execute
2026-06-24 09:40:02,362 [INFO] --- Checking trades for Markwayne Mullin ---
2026-06-24 09:40:03,829 [INFO] Fetched 111 trades for Markwayne Mullin (total pool: 1000)
2026-06-24 09:40:03,832 [INFO] Found 0 new trades to process (out of 111 total)
2026-06-24 09:40:03,832 [INFO] No new trades — nothing to execute
2026-06-24 09:45:01,886 [INFO] --- Checking trades for Markwayne Mullin ---
2026-06-24 09:45:02,132 [INFO] Fetched 111 trades for Markwayne Mullin (total pool: 1000)
2026-06-24 09:45:02,135 [INFO] Found 0 new trades to process (out of 111 total)
2026-06-24 09:45:02,135 [INFO] No new trades — nothing to execute
2026-06-24 09:50:02,648 [INFO] --- Checking trades for Markwayne Mullin ---
2026-06-24 09:50:02,973 [INFO] Fetched 111 trades for Markwayne Mullin (total pool: 1000)
2026-06-24 09:50:02,975 [INFO] Found 0 new trades to process (out of 111 total)
2026-06-24 09:50:02,976 [INFO] No new trades — nothing to execute
2026-06-24 09:55:02,040 [INFO] --- Checking trades for Markwayne Mullin ---
2026-06-24 09:55:02,431 [ERROR] Failed to fetch trades: 401 Client Error: Unauthorized for url: https://api.quiverquant.com/beta/live/congresstrading
2026-06-24 09:55:02,433 [INFO] No trades returned from QuiverQuant
2026-06-24 10:00:01,931 [INFO] --- Checking trades for Markwayne Mullin ---
2026-06-24 10:00:04,498 [INFO] Fetched 111 trades for Markwayne Mullin (total pool: 1000)
2026-06-24 10:00:04,501 [INFO] Found 0 new trades to process (out of 111 total)
2026-06-24 10:00:04,501 [INFO] No new trades — nothing to execute
2026-06-24 10:05:02,059 [INFO] --- Checking trades for Markwayne Mullin ---
2026-06-24 10:05:02,353 [INFO] Fetched 111 trades for Markwayne Mullin (total pool: 1000)
2026-06-24 10:05:02,356 [INFO] Found 0 new trades to process (out of 111 total)
2026-06-24 10:05:02,356 [INFO] No new trades — nothing to execute
2026-06-24 10:10:02,704 [INFO] --- Checking trades for Markwayne Mullin ---
2026-06-24 10:10:04,940 [ERROR] Failed to fetch trades: 401 Client Error: Unauthorized for url: https://api.quiverquant.com/beta/live/congresstrading
2026-06-24 10:10:04,942 [INFO] No trades returned from QuiverQuant
2026-06-24 10:15:02,110 [INFO] --- Checking trades for Markwayne Mullin ---
2026-06-24 10:15:02,332 [INFO] Fetched 111 trades for Markwayne Mullin (total pool: 1000)
2026-06-24 10:15:02,335 [INFO] Found 0 new trades to process (out of 111 total)
2026-06-24 10:15:02,335 [INFO] No new trades — nothing to execute
2026-06-24 10:20:02,193 [INFO] --- Checking trades for Markwayne Mullin ---
2026-06-24 10:20:02,628 [INFO] Fetched 111 trades for Markwayne Mullin (total pool: 1000)
2026-06-24 10:20:02,630 [INFO] Found 0 new trades to process (out of 111 total)
2026-06-24 10:20:02,630 [INFO] No new trades — nothing to execute
2026-06-24 10:25:02,361 [INFO] --- Checking trades for Markwayne Mullin ---
2026-06-24 10:25:02,689 [INFO] Fetched 111 trades for Markwayne Mullin (total pool: 1000)
2026-06-24 10:25:02,692 [INFO] Found 0 new trades to process (out of 111 total)
2026-06-24 10:25:02,692 [INFO] No new trades — nothing to execute
2026-06-24 10:30:02,769 [INFO] --- Checking trades for Markwayne Mullin ---
2026-06-24 10:30:04,204 [ERROR] Failed to fetch trades: 401 Client Error: Unauthorized for url: https://api.quiverquant.com/beta/live/congresstrading
2026-06-24 10:30:04,206 [INFO] No trades returned from QuiverQuant
2026-06-24 10:35:02,319 [INFO] --- Checking trades for Markwayne Mullin ---
2026-06-24 10:35:02,591 [INFO] Fetched 111 trades for Markwayne Mullin (total pool: 1000)
2026-06-24 10:35:02,594 [INFO] Found 0 new trades to process (out of 111 total)
2026-06-24 10:35:02,594 [INFO] No new trades — nothing to execute
2026-06-24 10:40:02,324 [INFO] --- Checking trades for Markwayne Mullin ---
2026-06-24 10:40:02,583 [INFO] Fetched 111 trades for Markwayne Mullin (total pool: 1000)
2026-06-24 10:40:02,585 [INFO] Found 0 new trades to process (out of 111 total)
2026-06-24 10:40:02,585 [INFO] No new trades — nothing to execute
2026-06-24 10:45:02,821 [INFO] --- Checking trades for Markwayne Mullin ---
2026-06-24 10:45:03,108 [INFO] Fetched 111 trades for Markwayne Mullin (total pool: 1000)
2026-06-24 10:45:03,111 [INFO] Found 0 new trades to process (out of 111 total)
2026-06-24 10:45:03,111 [INFO] No new trades — nothing to execute
2026-06-24 10:50:02,774 [INFO] --- Checking trades for Markwayne Mullin ---
2026-06-24 10:50:03,043 [INFO] Fetched 111 trades for Markwayne Mullin (total pool: 1000)
2026-06-24 10:50:03,045 [INFO] Found 0 new trades to process (out of 111 total)
2026-06-24 10:50:03,046 [INFO] No new trades — nothing to execute
2026-06-24 10:55:02,815 [INFO] --- Checking trades for Markwayne Mullin ---
2026-06-24 10:55:03,099 [INFO] Fetched 111 trades for Markwayne Mullin (total pool: 1000)
2026-06-24 10:55:03,102 [INFO] Found 0 new trades to process (out of 111 total)
2026-06-24 10:55:03,102 [INFO] No new trades — nothing to execute
2026-06-24 11:00:02,727 [INFO] --- Checking trades for Markwayne Mullin ---
2026-06-24 11:00:04,034 [INFO] Fetched 111 trades for Markwayne Mullin (total pool: 1000)
2026-06-24 11:00:04,037 [INFO] Found 0 new trades to process (out of 111 total)
2026-06-24 11:00:04,037 [INFO] No new trades — nothing to execute
2026-06-24 11:05:02,733 [INFO] --- Checking trades for Markwayne Mullin ---
2026-06-24 11:05:02,968 [INFO] Fetched 111 trades for Markwayne Mullin (total pool: 1000)
2026-06-24 11:05:02,971 [INFO] Found 0 new trades to process (out of 111 total)
2026-06-24 11:05:02,971 [INFO] No new trades — nothing to execute
2026-06-24 11:10:02,454 [INFO] --- Checking trades for Markwayne Mullin ---
2026-06-24 11:10:04,507 [INFO] Fetched 111 trades for Markwayne Mullin (total pool: 1000)
2026-06-24 11:10:04,510 [INFO] Found 0 new trades to process (out of 111 total)
2026-06-24 11:10:04,510 [INFO] No new trades — nothing to execute
2026-06-24 11:15:02,637 [INFO] --- Checking trades for Markwayne Mullin ---
2026-06-24 11:15:03,108 [INFO] Fetched 111 trades for Markwayne Mullin (total pool: 1000)
2026-06-24 11:15:03,111 [INFO] Found 0 new trades to process (out of 111 total)
2026-06-24 11:15:03,111 [INFO] No new trades — nothing to execute
2026-06-24 11:20:02,496 [INFO] --- Checking trades for Markwayne Mullin ---
2026-06-24 11:20:02,982 [INFO] Fetched 111 trades for Markwayne Mullin (total pool: 1000)
2026-06-24 11:20:02,985 [INFO] Found 0 new trades to process (out of 111 total)
2026-06-24 11:20:02,985 [INFO] No new trades — nothing to execute
2026-06-24 11:25:02,308 [INFO] --- Checking trades for Markwayne Mullin ---
2026-06-24 11:25:02,554 [INFO] Fetched 111 trades for Markwayne Mullin (total pool: 1000)
2026-06-24 11:25:02,556 [INFO] Found 0 new trades to process (out of 111 total)
2026-06-24 11:25:02,556 [INFO] No new trades — nothing to execute
2026-06-24 11:30:02,403 [INFO] --- Checking trades for Markwayne Mullin ---
2026-06-24 11:30:03,318 [INFO] Fetched 111 trades for Markwayne Mullin (total pool: 1000)
2026-06-24 11:30:03,322 [INFO] Found 0 new trades to process (out of 111 total)
2026-06-24 11:30:03,322 [INFO] No new trades — nothing to execute
2026-06-24 11:35:02,044 [INFO] --- Checking trades for Markwayne Mullin ---
2026-06-24 11:35:07,715 [INFO] Fetched 111 trades for Markwayne Mullin (total pool: 1000)
2026-06-24 11:35:07,718 [INFO] Found 0 new trades to process (out of 111 total)
2026-06-24 11:35:07,718 [INFO] No new trades — nothing to execute
2026-06-24 11:40:02,518 [INFO] --- Checking trades for Markwayne Mullin ---
2026-06-24 11:40:02,812 [INFO] Fetched 111 trades for Markwayne Mullin (total pool: 1000)
2026-06-24 11:40:02,815 [INFO] Found 0 new trades to process (out of 111 total)
2026-06-24 11:40:02,815 [INFO] No new trades — nothing to execute
2026-06-24 11:45:02,111 [INFO] --- Checking trades for Markwayne Mullin ---
2026-06-24 11:45:02,376 [INFO] Fetched 111 trades for Markwayne Mullin (total pool: 1000)
2026-06-24 11:45:02,378 [INFO] Found 0 new trades to process (out of 111 total)
2026-06-24 11:45:02,379 [INFO] No new trades — nothing to execute
2026-06-24 11:50:02,110 [INFO] --- Checking trades for Markwayne Mullin ---
2026-06-24 11:50:02,647 [ERROR] Failed to fetch trades: 401 Client Error: Unauthorized for url: https://api.quiverquant.com/beta/live/congresstrading
2026-06-24 11:50:02,649 [INFO] No trades returned from QuiverQuant
2026-06-24 11:55:01,853 [INFO] --- Checking trades for Markwayne Mullin ---
2026-06-24 11:55:03,426 [INFO] Fetched 111 trades for Markwayne Mullin (total pool: 1000)
2026-06-24 11:55:03,429 [INFO] Found 0 new trades to process (out of 111 total)
2026-06-24 11:55:03,429 [INFO] No new trades — nothing to execute
2026-06-24 12:00:02,071 [INFO] --- Checking trades for Markwayne Mullin ---
2026-06-24 12:00:04,794 [INFO] Fetched 111 trades for Markwayne Mullin (total pool: 1000)
2026-06-24 12:00:04,798 [INFO] Found 0 new trades to process (out of 111 total)
2026-06-24 12:00:04,798 [INFO] No new trades — nothing to execute
2026-06-24 12:05:02,407 [INFO] --- Checking trades for Markwayne Mullin ---
2026-06-24 12:05:03,135 [INFO] Fetched 111 trades for Markwayne Mullin (total pool: 1000)
2026-06-24 12:05:03,137 [INFO] Found 0 new trades to process (out of 111 total)
2026-06-24 12:05:03,137 [INFO] No new trades — nothing to execute
2026-06-24 12:10:02,375 [INFO] --- Checking trades for Markwayne Mullin ---
2026-06-24 12:10:02,624 [INFO] Fetched 111 trades for Markwayne Mullin (total pool: 1000)
2026-06-24 12:10:02,627 [INFO] Found 0 new trades to process (out of 111 total)
2026-06-24 12:10:02,627 [INFO] No new trades — nothing to execute
2026-06-24 12:15:02,117 [INFO] --- Checking trades for Markwayne Mullin ---
2026-06-24 12:15:02,372 [INFO] Fetched 111 trades for Markwayne Mullin (total pool: 1000)
2026-06-24 12:15:02,375 [INFO] Found 0 new trades to process (out of 111 total)
2026-06-24 12:15:02,375 [INFO] No new trades — nothing to execute
2026-06-24 12:20:02,424 [INFO] --- Checking trades for Markwayne Mullin ---
2026-06-24 12:20:03,042 [INFO] Fetched 111 trades for Markwayne Mullin (total pool: 1000)
2026-06-24 12:20:03,044 [INFO] Found 0 new trades to process (out of 111 total)
2026-06-24 12:20:03,044 [INFO] No new trades — nothing to execute
2026-06-24 12:25:02,639 [INFO] --- Checking trades for Markwayne Mullin ---
2026-06-24 12:25:02,946 [INFO] Fetched 111 trades for Markwayne Mullin (total pool: 1000)
2026-06-24 12:25:02,948 [INFO] Found 0 new trades to process (out of 111 total)
2026-06-24 12:25:02,949 [INFO] No new trades — nothing to execute
2026-06-24 12:30:02,344 [INFO] --- Checking trades for Markwayne Mullin ---
2026-06-24 12:30:04,311 [INFO] Fetched 111 trades for Markwayne Mullin (total pool: 1000)
2026-06-24 12:30:04,314 [INFO] Found 0 new trades to process (out of 111 total)
2026-06-24 12:30:04,314 [INFO] No new trades — nothing to execute
2026-06-24 12:35:02,720 [INFO] --- Checking trades for Markwayne Mullin ---
2026-06-24 12:35:04,283 [ERROR] Failed to fetch trades: 401 Client Error: Unauthorized for url: https://api.quiverquant.com/beta/live/congresstrading
2026-06-24 12:35:04,284 [INFO] No trades returned from QuiverQuant
2026-06-24 12:40:02,828 [INFO] --- Checking trades for Markwayne Mullin ---
2026-06-24 12:40:12,752 [ERROR] Failed to fetch trades: 401 Client Error: Unauthorized for url: https://api.quiverquant.com/beta/live/congresstrading
2026-06-24 12:40:12,754 [INFO] No trades returned from QuiverQuant
2026-06-24 12:45:02,700 [INFO] --- Checking trades for Markwayne Mullin ---
2026-06-24 12:45:02,997 [INFO] Fetched 111 trades for Markwayne Mullin (total pool: 1000)
2026-06-24 12:45:03,001 [INFO] Found 0 new trades to process (out of 111 total)
2026-06-24 12:45:03,001 [INFO] No new trades — nothing to execute
2026-06-24 12:50:01,833 [INFO] --- Checking trades for Markwayne Mullin ---
2026-06-24 12:50:02,226 [INFO] Fetched 111 trades for Markwayne Mullin (total pool: 1000)
2026-06-24 12:50:02,229 [INFO] Found 0 new trades to process (out of 111 total)
2026-06-24 12:50:02,229 [INFO] No new trades — nothing to execute
2026-06-24 12:55:02,449 [INFO] --- Checking trades for Markwayne Mullin ---
2026-06-24 12:55:08,538 [INFO] Fetched 111 trades for Markwayne Mullin (total pool: 1000)
2026-06-24 12:55:08,540 [INFO] Found 0 new trades to process (out of 111 total)
2026-06-24 12:55:08,540 [INFO] No new trades — nothing to execute
2026-06-24 13:00:02,727 [INFO] --- Checking trades for Markwayne Mullin ---
2026-06-24 13:00:04,215 [ERROR] Failed to fetch trades: 401 Client Error: Unauthorized for url: https://api.quiverquant.com/beta/live/congresstrading
2026-06-24 13:00:04,216 [INFO] No trades returned from QuiverQuant
2026-06-24 13:05:02,243 [INFO] --- Checking trades for Markwayne Mullin ---
2026-06-24 13:05:03,958 [INFO] Fetched 111 trades for Markwayne Mullin (total pool: 1000)
2026-06-24 13:05:03,960 [INFO] Found 0 new trades to process (out of 111 total)
2026-06-24 13:05:03,960 [INFO] No new trades — nothing to execute
2026-06-24 13:10:02,322 [INFO] --- Checking trades for Markwayne Mullin ---
2026-06-24 13:10:02,797 [INFO] Fetched 111 trades for Markwayne Mullin (total pool: 1000)
2026-06-24 13:10:02,800 [INFO] Found 0 new trades to process (out of 111 total)
2026-06-24 13:10:02,800 [INFO] No new trades — nothing to execute
2026-06-24 13:15:02,791 [INFO] --- Checking trades for Markwayne Mullin ---
2026-06-24 13:15:10,360 [INFO] Fetched 111 trades for Markwayne Mullin (total pool: 1000)
2026-06-24 13:15:10,363 [INFO] Found 0 new trades to process (out of 111 total)
2026-06-24 13:15:10,363 [INFO] No new trades — nothing to execute
2026-06-24 13:20:02,339 [INFO] --- Checking trades for Markwayne Mullin ---
2026-06-24 13:20:03,859 [ERROR] Failed to fetch trades: 401 Client Error: Unauthorized for url: https://api.quiverquant.com/beta/live/congresstrading
2026-06-24 13:20:03,861 [INFO] No trades returned from QuiverQuant
2026-06-24 13:25:01,946 [INFO] --- Checking trades for Markwayne Mullin ---
2026-06-24 13:25:02,329 [INFO] Fetched 111 trades for Markwayne Mullin (total pool: 1000)
2026-06-24 13:25:02,331 [INFO] Found 0 new trades to process (out of 111 total)
2026-06-24 13:25:02,331 [INFO] No new trades — nothing to execute
2026-06-24 13:30:02,428 [INFO] --- Checking trades for Markwayne Mullin ---
2026-06-24 13:30:02,722 [INFO] Fetched 111 trades for Markwayne Mullin (total pool: 1000)
2026-06-24 13:30:02,724 [INFO] Found 0 new trades to process (out of 111 total)
2026-06-24 13:30:02,724 [INFO] No new trades — nothing to execute
2026-06-24 13:35:01,859 [INFO] --- Checking trades for Markwayne Mullin ---
2026-06-24 13:35:03,307 [INFO] Fetched 111 trades for Markwayne Mullin (total pool: 1000)
2026-06-24 13:35:03,310 [INFO] Found 0 new trades to process (out of 111 total)
2026-06-24 13:35:03,310 [INFO] No new trades — nothing to execute
2026-06-24 13:40:01,973 [INFO] --- Checking trades for Markwayne Mullin ---
2026-06-24 13:40:02,212 [INFO] Fetched 111 trades for Markwayne Mullin (total pool: 1000)
2026-06-24 13:40:02,214 [INFO] Found 0 new trades to process (out of 111 total)
2026-06-24 13:40:02,214 [INFO] No new trades — nothing to execute
2026-06-24 13:45:02,306 [INFO] --- Checking trades for Markwayne Mullin ---
2026-06-24 13:45:02,594 [INFO] Fetched 111 trades for Markwayne Mullin (total pool: 1000)
2026-06-24 13:45:02,598 [INFO] Found 0 new trades to process (out of 111 total)
2026-06-24 13:45:02,598 [INFO] No new trades — nothing to execute
2026-06-24 13:50:02,336 [INFO] --- Checking trades for Markwayne Mullin ---
2026-06-24 13:50:05,791 [INFO] Fetched 111 trades for Markwayne Mullin (total pool: 1000)
2026-06-24 13:50:05,793 [INFO] Found 0 new trades to process (out of 111 total)
2026-06-24 13:50:05,793 [INFO] No new trades — nothing to execute
2026-06-24 13:55:02,604 [INFO] --- Checking trades for Markwayne Mullin ---
2026-06-24 13:55:02,880 [INFO] Fetched 111 trades for Markwayne Mullin (total pool: 1000)
2026-06-24 13:55:02,883 [INFO] Found 0 new trades to process (out of 111 total)
2026-06-24 13:55:02,883 [INFO] No new trades — nothing to execute
2026-06-24 14:00:02,241 [INFO] --- Checking trades for Markwayne Mullin ---
2026-06-24 14:00:02,534 [INFO] Fetched 111 trades for Markwayne Mullin (total pool: 1000)
2026-06-24 14:00:02,537 [INFO] Found 0 new trades to process (out of 111 total)
2026-06-24 14:00:02,537 [INFO] No new trades — nothing to execute
2026-06-24 14:05:02,321 [INFO] --- Checking trades for Markwayne Mullin ---
2026-06-24 14:05:02,572 [INFO] Fetched 111 trades for Markwayne Mullin (total pool: 1000)
2026-06-24 14:05:02,574 [INFO] Found 0 new trades to process (out of 111 total)
2026-06-24 14:05:02,574 [INFO] No new trades — nothing to execute
2026-06-24 14:10:02,124 [INFO] --- Checking trades for Markwayne Mullin ---
2026-06-24 14:10:02,427 [INFO] Fetched 111 trades for Markwayne Mullin (total pool: 1000)
2026-06-24 14:10:02,429 [INFO] Found 0 new trades to process (out of 111 total)
2026-06-24 14:10:02,429 [INFO] No new trades — nothing to execute
2026-06-24 14:15:02,646 [INFO] --- Checking trades for Markwayne Mullin ---
2026-06-24 14:15:03,066 [INFO] Fetched 111 trades for Markwayne Mullin (total pool: 1000)
2026-06-24 14:15:03,068 [INFO] Found 0 new trades to process (out of 111 total)
2026-06-24 14:15:03,068 [INFO] No new trades — nothing to execute
2026-06-24 14:20:02,310 [INFO] --- Checking trades for Markwayne Mullin ---
2026-06-24 14:20:02,631 [ERROR] Failed to fetch trades: 401 Client Error: Unauthorized for url: https://api.quiverquant.com/beta/live/congresstrading
2026-06-24 14:20:02,632 [INFO] No trades returned from QuiverQuant
2026-06-24 14:25:02,371 [INFO] --- Checking trades for Markwayne Mullin ---
2026-06-24 14:25:11,162 [INFO] Fetched 111 trades for Markwayne Mullin (total pool: 1000)
2026-06-24 14:25:11,166 [INFO] Found 0 new trades to process (out of 111 total)
2026-06-24 14:25:11,166 [INFO] No new trades — nothing to execute
2026-06-24 14:30:02,101 [INFO] --- Checking trades for Markwayne Mullin ---
2026-06-24 14:30:02,777 [INFO] Fetched 111 trades for Markwayne Mullin (total pool: 1000)
2026-06-24 14:30:02,781 [INFO] Found 0 new trades to process (out of 111 total)
2026-06-24 14:30:02,781 [INFO] No new trades — nothing to execute
2026-06-24 14:35:02,279 [INFO] --- Checking trades for Markwayne Mullin ---
2026-06-24 14:35:02,653 [ERROR] Failed to fetch trades: 401 Client Error: Unauthorized for url: https://api.quiverquant.com/beta/live/congresstrading
2026-06-24 14:35:02,655 [INFO] No trades returned from QuiverQuant
2026-06-24 14:40:02,163 [INFO] --- Checking trades for Markwayne Mullin ---
2026-06-24 14:40:02,427 [INFO] Fetched 111 trades for Markwayne Mullin (total pool: 1000)
2026-06-24 14:40:02,430 [INFO] Found 0 new trades to process (out of 111 total)
2026-06-24 14:40:02,430 [INFO] No new trades — nothing to execute
2026-06-24 14:45:02,171 [INFO] --- Checking trades for Markwayne Mullin ---
2026-06-24 14:45:02,423 [INFO] Fetched 111 trades for Markwayne Mullin (total pool: 1000)
2026-06-24 14:45:02,427 [INFO] Found 0 new trades to process (out of 111 total)
2026-06-24 14:45:02,427 [INFO] No new trades — nothing to execute
2026-06-24 14:50:02,245 [INFO] --- Checking trades for Markwayne Mullin ---
2026-06-24 14:50:02,575 [INFO] Fetched 111 trades for Markwayne Mullin (total pool: 1000)
2026-06-24 14:50:02,578 [INFO] Found 0 new trades to process (out of 111 total)
2026-06-24 14:50:02,578 [INFO] No new trades — nothing to execute
2026-06-24 14:55:02,412 [INFO] --- Checking trades for Markwayne Mullin ---
2026-06-24 14:55:02,842 [INFO] Fetched 111 trades for Markwayne Mullin (total pool: 1000)
2026-06-24 14:55:02,844 [INFO] Found 0 new trades to process (out of 111 total)
2026-06-24 14:55:02,845 [INFO] No new trades — nothing to execute
2026-06-24 15:00:02,872 [INFO] --- Checking trades for Markwayne Mullin ---
2026-06-24 15:00:04,643 [INFO] Fetched 111 trades for Markwayne Mullin (total pool: 1000)
2026-06-24 15:00:04,646 [INFO] Found 0 new trades to process (out of 111 total)
2026-06-24 15:00:04,646 [INFO] No new trades — nothing to execute
2026-06-24 15:05:02,568 [INFO] --- Checking trades for Markwayne Mullin ---
2026-06-24 15:05:02,876 [INFO] Fetched 111 trades for Markwayne Mullin (total pool: 1000)
2026-06-24 15:05:02,879 [INFO] Found 0 new trades to process (out of 111 total)
2026-06-24 15:05:02,879 [INFO] No new trades — nothing to execute
2026-06-24 15:10:02,731 [INFO] --- Checking trades for Markwayne Mullin ---
2026-06-24 15:10:03,731 [INFO] Fetched 111 trades for Markwayne Mullin (total pool: 1000)
2026-06-24 15:10:03,734 [INFO] Found 0 new trades to process (out of 111 total)
2026-06-24 15:10:03,734 [INFO] No new trades — nothing to execute
2026-06-24 15:15:02,546 [INFO] --- Checking trades for Markwayne Mullin ---
2026-06-24 15:15:02,825 [INFO] Fetched 111 trades for Markwayne Mullin (total pool: 1000)
2026-06-24 15:15:02,828 [INFO] Found 0 new trades to process (out of 111 total)
2026-06-24 15:15:02,828 [INFO] No new trades — nothing to execute
2026-06-24 15:20:02,670 [INFO] --- Checking trades for Markwayne Mullin ---
2026-06-24 15:20:02,965 [INFO] Fetched 111 trades for Markwayne Mullin (total pool: 1000)
2026-06-24 15:20:02,969 [INFO] Found 0 new trades to process (out of 111 total)
2026-06-24 15:20:02,969 [INFO] No new trades — nothing to execute
2026-06-24 15:25:02,066 [INFO] --- Checking trades for Markwayne Mullin ---
2026-06-24 15:25:02,519 [INFO] Fetched 111 trades for Markwayne Mullin (total pool: 1000)
2026-06-24 15:25:02,522 [INFO] Found 0 new trades to process (out of 111 total)
2026-06-24 15:25:02,523 [INFO] No new trades — nothing to execute
2026-06-24 15:30:02,375 [INFO] --- Checking trades for Markwayne Mullin ---
2026-06-24 15:30:02,842 [INFO] Fetched 111 trades for Markwayne Mullin (total pool: 1000)
2026-06-24 15:30:02,846 [INFO] Found 0 new trades to process (out of 111 total)
2026-06-24 15:30:02,846 [INFO] No new trades — nothing to execute
2026-06-24 15:35:01,848 [INFO] --- Checking trades for Markwayne Mullin ---
2026-06-24 15:35:02,037 [INFO] Fetched 111 trades for Markwayne Mullin (total pool: 1000)
2026-06-24 15:35:02,041 [INFO] Found 0 new trades to process (out of 111 total)
2026-06-24 15:35:02,041 [INFO] No new trades — nothing to execute
2026-06-24 15:40:02,130 [INFO] --- Checking trades for Markwayne Mullin ---
2026-06-24 15:40:02,440 [INFO] Fetched 111 trades for Markwayne Mullin (total pool: 1000)
2026-06-24 15:40:02,443 [INFO] Found 0 new trades to process (out of 111 total)
2026-06-24 15:40:02,443 [INFO] No new trades — nothing to execute
2026-06-24 15:45:02,400 [INFO] --- Checking trades for Markwayne Mullin ---
2026-06-24 15:45:02,697 [INFO] Fetched 111 trades for Markwayne Mullin (total pool: 1000)
2026-06-24 15:45:02,700 [INFO] Found 0 new trades to process (out of 111 total)
2026-06-24 15:45:02,700 [INFO] No new trades — nothing to execute
2026-06-24 15:50:02,515 [INFO] --- Checking trades for Markwayne Mullin ---
2026-06-24 15:50:02,984 [INFO] Fetched 111 trades for Markwayne Mullin (total pool: 1000)
2026-06-24 15:50:02,987 [INFO] Found 0 new trades to process (out of 111 total)
2026-06-24 15:50:02,987 [INFO] No new trades — nothing to execute
2026-06-24 15:55:01,878 [INFO] --- Checking trades for Markwayne Mullin ---
2026-06-24 15:55:02,064 [INFO] Fetched 111 trades for Markwayne Mullin (total pool: 1000)
2026-06-24 15:55:02,066 [INFO] Found 0 new trades to process (out of 111 total)
2026-06-24 15:55:02,066 [INFO] No new trades — nothing to execute
2026-06-25 08:00:02,539 [INFO] --- Checking trades for Markwayne Mullin ---
2026-06-25 08:00:03,109 [INFO] Fetched 111 trades for Markwayne Mullin (total pool: 1000)
2026-06-25 08:00:03,112 [INFO] Found 0 new trades to process (out of 111 total)
2026-06-25 08:00:03,112 [INFO] No new trades — nothing to execute
2026-06-25 08:05:02,033 [INFO] --- Checking trades for Markwayne Mullin ---
2026-06-25 08:05:02,496 [INFO] Fetched 111 trades for Markwayne Mullin (total pool: 1000)
2026-06-25 08:05:02,499 [INFO] Found 0 new trades to process (out of 111 total)
2026-06-25 08:05:02,499 [INFO] No new trades — nothing to execute
2026-06-25 08:10:01,955 [INFO] --- Checking trades for Markwayne Mullin ---
2026-06-25 08:10:02,144 [INFO] Fetched 111 trades for Markwayne Mullin (total pool: 1000)
2026-06-25 08:10:02,146 [INFO] Found 0 new trades to process (out of 111 total)
2026-06-25 08:10:02,146 [INFO] No new trades — nothing to execute
2026-06-25 08:15:02,631 [INFO] --- Checking trades for Markwayne Mullin ---
2026-06-25 08:15:03,197 [INFO] Fetched 111 trades for Markwayne Mullin (total pool: 1000)
2026-06-25 08:15:03,199 [INFO] Found 0 new trades to process (out of 111 total)
2026-06-25 08:15:03,199 [INFO] No new trades — nothing to execute
2026-06-25 08:20:01,930 [INFO] --- Checking trades for Markwayne Mullin ---
2026-06-25 08:20:02,112 [INFO] Fetched 111 trades for Markwayne Mullin (total pool: 1000)
2026-06-25 08:20:02,115 [INFO] Found 0 new trades to process (out of 111 total)
2026-06-25 08:20:02,115 [INFO] No new trades — nothing to execute
2026-06-25 08:25:02,641 [INFO] --- Checking trades for Markwayne Mullin ---
2026-06-25 08:25:02,933 [INFO] Fetched 111 trades for Markwayne Mullin (total pool: 1000)
2026-06-25 08:25:02,936 [INFO] Found 0 new trades to process (out of 111 total)
2026-06-25 08:25:02,936 [INFO] No new trades — nothing to execute
2026-06-25 08:30:02,734 [INFO] --- Checking trades for Markwayne Mullin ---
2026-06-25 08:30:03,037 [INFO] Fetched 111 trades for Markwayne Mullin (total pool: 1000)
2026-06-25 08:30:03,039 [INFO] Found 0 new trades to process (out of 111 total)
2026-06-25 08:30:03,039 [INFO] No new trades — nothing to execute
2026-06-25 08:35:02,423 [INFO] --- Checking trades for Markwayne Mullin ---
2026-06-25 08:35:02,683 [INFO] Fetched 111 trades for Markwayne Mullin (total pool: 1000)
2026-06-25 08:35:02,686 [INFO] Found 0 new trades to process (out of 111 total)
2026-06-25 08:35:02,686 [INFO] No new trades — nothing to execute
2026-06-25 08:40:02,529 [INFO] --- Checking trades for Markwayne Mullin ---
2026-06-25 08:40:03,394 [INFO] Fetched 111 trades for Markwayne Mullin (total pool: 1000)
2026-06-25 08:40:03,396 [INFO] Found 0 new trades to process (out of 111 total)
2026-06-25 08:40:03,396 [INFO] No new trades — nothing to execute
2026-06-25 08:45:02,744 [INFO] --- Checking trades for Markwayne Mullin ---
2026-06-25 08:45:03,313 [ERROR] Failed to fetch trades: 401 Client Error: Unauthorized for url: https://api.quiverquant.com/beta/live/congresstrading
2026-06-25 08:45:03,315 [INFO] No trades returned from QuiverQuant
2026-06-25 08:50:02,186 [INFO] --- Checking trades for Markwayne Mullin ---
2026-06-25 08:50:02,955 [ERROR] Failed to fetch trades: 401 Client Error: Unauthorized for url: https://api.quiverquant.com/beta/live/congresstrading
2026-06-25 08:50:02,957 [INFO] No trades returned from QuiverQuant
2026-06-25 08:55:02,552 [INFO] --- Checking trades for Markwayne Mullin ---
2026-06-25 08:55:02,847 [INFO] Fetched 111 trades for Markwayne Mullin (total pool: 1000)
2026-06-25 08:55:02,849 [INFO] Found 0 new trades to process (out of 111 total)
2026-06-25 08:55:02,849 [INFO] No new trades — nothing to execute
2026-06-25 09:00:02,507 [INFO] --- Checking trades for Markwayne Mullin ---
2026-06-25 09:00:02,847 [INFO] Fetched 111 trades for Markwayne Mullin (total pool: 1000)
2026-06-25 09:00:02,850 [INFO] Found 0 new trades to process (out of 111 total)
2026-06-25 09:00:02,850 [INFO] No new trades — nothing to execute
2026-06-25 09:05:01,885 [INFO] --- Checking trades for Markwayne Mullin ---
2026-06-25 09:05:02,097 [INFO] Fetched 111 trades for Markwayne Mullin (total pool: 1000)
2026-06-25 09:05:02,099 [INFO] Found 0 new trades to process (out of 111 total)
2026-06-25 09:05:02,099 [INFO] No new trades — nothing to execute
2026-06-25 09:10:01,995 [INFO] --- Checking trades for Markwayne Mullin ---
2026-06-25 09:10:02,238 [INFO] Fetched 111 trades for Markwayne Mullin (total pool: 1000)
2026-06-25 09:10:02,241 [INFO] Found 0 new trades to process (out of 111 total)
2026-06-25 09:10:02,241 [INFO] No new trades — nothing to execute
2026-06-25 09:15:02,618 [INFO] --- Checking trades for Markwayne Mullin ---
2026-06-25 09:15:02,884 [INFO] Fetched 111 trades for Markwayne Mullin (total pool: 1000)
2026-06-25 09:15:02,887 [INFO] Found 0 new trades to process (out of 111 total)
2026-06-25 09:15:02,887 [INFO] No new trades — nothing to execute
2026-06-25 09:20:02,055 [INFO] --- Checking trades for Markwayne Mullin ---
2026-06-25 09:20:02,584 [INFO] Fetched 111 trades for Markwayne Mullin (total pool: 1000)
2026-06-25 09:20:02,587 [INFO] Found 0 new trades to process (out of 111 total)
2026-06-25 09:20:02,587 [INFO] No new trades — nothing to execute
2026-06-25 09:25:02,032 [INFO] --- Checking trades for Markwayne Mullin ---
2026-06-25 09:25:02,881 [ERROR] Failed to fetch trades: 401 Client Error: Unauthorized for url: https://api.quiverquant.com/beta/live/congresstrading
2026-06-25 09:25:02,882 [INFO] No trades returned from QuiverQuant
2026-06-25 09:30:02,133 [INFO] --- Checking trades for Markwayne Mullin ---
2026-06-25 09:30:02,495 [INFO] Fetched 111 trades for Markwayne Mullin (total pool: 1000)
2026-06-25 09:30:02,498 [INFO] Found 0 new trades to process (out of 111 total)
2026-06-25 09:30:02,498 [INFO] No new trades — nothing to execute
2026-06-25 09:35:01,915 [INFO] --- Checking trades for Markwayne Mullin ---
2026-06-25 09:35:02,095 [INFO] Fetched 111 trades for Markwayne Mullin (total pool: 1000)
2026-06-25 09:35:02,097 [INFO] Found 0 new trades to process (out of 111 total)
2026-06-25 09:35:02,098 [INFO] No new trades — nothing to execute
2026-06-25 09:40:01,943 [INFO] --- Checking trades for Markwayne Mullin ---
2026-06-25 09:40:02,295 [INFO] Fetched 111 trades for Markwayne Mullin (total pool: 1000)
2026-06-25 09:40:02,299 [INFO] Found 0 new trades to process (out of 111 total)
2026-06-25 09:40:02,300 [INFO] No new trades — nothing to execute
2026-06-25 09:45:02,806 [INFO] --- Checking trades for Markwayne Mullin ---
2026-06-25 09:45:03,099 [INFO] Fetched 111 trades for Markwayne Mullin (total pool: 1000)
2026-06-25 09:45:03,101 [INFO] Found 0 new trades to process (out of 111 total)
2026-06-25 09:45:03,101 [INFO] No new trades — nothing to execute
2026-06-25 09:50:02,865 [INFO] --- Checking trades for Markwayne Mullin ---
2026-06-25 09:50:03,143 [INFO] Fetched 111 trades for Markwayne Mullin (total pool: 1000)
2026-06-25 09:50:03,147 [INFO] Found 0 new trades to process (out of 111 total)
2026-06-25 09:50:03,147 [INFO] No new trades — nothing to execute
2026-06-25 09:55:02,511 [INFO] --- Checking trades for Markwayne Mullin ---
2026-06-25 09:55:02,806 [INFO] Fetched 111 trades for Markwayne Mullin (total pool: 1000)
2026-06-25 09:55:02,808 [INFO] Found 0 new trades to process (out of 111 total)
2026-06-25 09:55:02,808 [INFO] No new trades — nothing to execute
2026-06-25 10:00:02,000 [INFO] --- Checking trades for Markwayne Mullin ---
2026-06-25 10:00:03,163 [ERROR] Failed to fetch trades: 401 Client Error: Unauthorized for url: https://api.quiverquant.com/beta/live/congresstrading
2026-06-25 10:00:03,165 [INFO] No trades returned from QuiverQuant
2026-06-25 10:05:01,996 [INFO] --- Checking trades for Markwayne Mullin ---
2026-06-25 10:05:03,275 [INFO] Fetched 111 trades for Markwayne Mullin (total pool: 1000)
2026-06-25 10:05:03,277 [INFO] Found 0 new trades to process (out of 111 total)
2026-06-25 10:05:03,277 [INFO] No new trades — nothing to execute
2026-06-25 10:10:01,902 [INFO] --- Checking trades for Markwayne Mullin ---
2026-06-25 10:10:02,064 [INFO] Fetched 111 trades for Markwayne Mullin (total pool: 1000)
2026-06-25 10:10:02,067 [INFO] Found 0 new trades to process (out of 111 total)
2026-06-25 10:10:02,067 [INFO] No new trades — nothing to execute
2026-06-25 10:15:02,496 [INFO] --- Checking trades for Markwayne Mullin ---
2026-06-25 10:15:02,791 [INFO] Fetched 111 trades for Markwayne Mullin (total pool: 1000)
2026-06-25 10:15:02,793 [INFO] Found 0 new trades to process (out of 111 total)
2026-06-25 10:15:02,794 [INFO] No new trades — nothing to execute
2026-06-25 10:20:02,411 [INFO] --- Checking trades for Markwayne Mullin ---
2026-06-25 10:20:02,728 [INFO] Fetched 111 trades for Markwayne Mullin (total pool: 1000)
2026-06-25 10:20:02,730 [INFO] Found 0 new trades to process (out of 111 total)
2026-06-25 10:20:02,730 [INFO] No new trades — nothing to execute
2026-06-25 10:25:02,774 [INFO] --- Checking trades for Markwayne Mullin ---
2026-06-25 10:25:03,067 [INFO] Fetched 111 trades for Markwayne Mullin (total pool: 1000)
2026-06-25 10:25:03,070 [INFO] Found 0 new trades to process (out of 111 total)
2026-06-25 10:25:03,070 [INFO] No new trades — nothing to execute
2026-06-25 10:30:02,635 [INFO] --- Checking trades for Markwayne Mullin ---
2026-06-25 10:30:03,737 [ERROR] Failed to fetch trades: 401 Client Error: Unauthorized for url: https://api.quiverquant.com/beta/live/congresstrading
2026-06-25 10:30:03,739 [INFO] No trades returned from QuiverQuant
2026-06-25 10:35:02,790 [INFO] --- Checking trades for Markwayne Mullin ---
2026-06-25 10:35:03,409 [INFO] Fetched 111 trades for Markwayne Mullin (total pool: 1000)
2026-06-25 10:35:03,412 [INFO] Found 0 new trades to process (out of 111 total)
2026-06-25 10:35:03,412 [INFO] No new trades — nothing to execute
2026-06-25 10:40:02,346 [INFO] --- Checking trades for Markwayne Mullin ---
2026-06-25 10:40:03,221 [INFO] Fetched 111 trades for Markwayne Mullin (total pool: 1000)
2026-06-25 10:40:03,224 [INFO] Found 0 new trades to process (out of 111 total)
2026-06-25 10:40:03,225 [INFO] No new trades — nothing to execute
2026-06-25 10:45:02,669 [INFO] --- Checking trades for Markwayne Mullin ---
2026-06-25 10:45:02,974 [INFO] Fetched 111 trades for Markwayne Mullin (total pool: 1000)
2026-06-25 10:45:02,977 [INFO] Found 0 new trades to process (out of 111 total)
2026-06-25 10:45:02,977 [INFO] No new trades — nothing to execute
2026-06-25 10:50:01,879 [INFO] --- Checking trades for Markwayne Mullin ---
2026-06-25 10:50:02,074 [INFO] Fetched 111 trades for Markwayne Mullin (total pool: 1000)
2026-06-25 10:50:02,077 [INFO] Found 0 new trades to process (out of 111 total)
2026-06-25 10:50:02,077 [INFO] No new trades — nothing to execute
2026-06-25 10:55:02,468 [INFO] --- Checking trades for Markwayne Mullin ---
2026-06-25 10:55:02,974 [INFO] Fetched 111 trades for Markwayne Mullin (total pool: 1000)
2026-06-25 10:55:02,978 [INFO] Found 0 new trades to process (out of 111 total)
2026-06-25 10:55:02,978 [INFO] No new trades — nothing to execute
2026-06-25 11:00:02,771 [INFO] --- Checking trades for Markwayne Mullin ---
2026-06-25 11:00:05,834 [INFO] Fetched 111 trades for Markwayne Mullin (total pool: 1000)
2026-06-25 11:00:05,838 [INFO] Found 0 new trades to process (out of 111 total)
2026-06-25 11:00:05,838 [INFO] No new trades — nothing to execute
2026-06-25 11:05:02,345 [INFO] --- Checking trades for Markwayne Mullin ---
2026-06-25 11:05:02,613 [INFO] Fetched 111 trades for Markwayne Mullin (total pool: 1000)
2026-06-25 11:05:02,617 [INFO] Found 0 new trades to process (out of 111 total)
2026-06-25 11:05:02,617 [INFO] No new trades — nothing to execute
2026-06-25 11:10:02,689 [INFO] --- Checking trades for Markwayne Mullin ---
2026-06-25 11:10:03,543 [INFO] Fetched 111 trades for Markwayne Mullin (total pool: 1000)
2026-06-25 11:10:03,545 [INFO] Found 0 new trades to process (out of 111 total)
2026-06-25 11:10:03,545 [INFO] No new trades — nothing to execute
2026-06-25 11:15:01,974 [INFO] --- Checking trades for Markwayne Mullin ---
2026-06-25 11:15:02,635 [ERROR] Failed to fetch trades: 401 Client Error: Unauthorized for url: https://api.quiverquant.com/beta/live/congresstrading
2026-06-25 11:15:02,636 [INFO] No trades returned from QuiverQuant
2026-06-25 11:20:02,016 [INFO] --- Checking trades for Markwayne Mullin ---
2026-06-25 11:20:02,278 [INFO] Fetched 111 trades for Markwayne Mullin (total pool: 1000)
2026-06-25 11:20:02,280 [INFO] Found 0 new trades to process (out of 111 total)
2026-06-25 11:20:02,280 [INFO] No new trades — nothing to execute
2026-06-25 11:25:02,268 [INFO] --- Checking trades for Markwayne Mullin ---
2026-06-25 11:25:02,585 [INFO] Fetched 111 trades for Markwayne Mullin (total pool: 1000)
2026-06-25 11:25:02,588 [INFO] Found 0 new trades to process (out of 111 total)
2026-06-25 11:25:02,588 [INFO] No new trades — nothing to execute
2026-06-25 11:30:01,976 [INFO] --- Checking trades for Markwayne Mullin ---
2026-06-25 11:30:02,169 [INFO] Fetched 111 trades for Markwayne Mullin (total pool: 1000)
2026-06-25 11:30:02,172 [INFO] Found 0 new trades to process (out of 111 total)
2026-06-25 11:30:02,172 [INFO] No new trades — nothing to execute
2026-06-25 11:35:02,231 [INFO] --- Checking trades for Markwayne Mullin ---
2026-06-25 11:35:02,863 [ERROR] Failed to fetch trades: 401 Client Error: Unauthorized for url: https://api.quiverquant.com/beta/live/congresstrading
2026-06-25 11:35:02,864 [INFO] No trades returned from QuiverQuant
2026-06-25 11:40:02,593 [INFO] --- Checking trades for Markwayne Mullin ---
2026-06-25 11:40:02,862 [INFO] Fetched 111 trades for Markwayne Mullin (total pool: 1000)
2026-06-25 11:40:02,864 [INFO] Found 0 new trades to process (out of 111 total)
2026-06-25 11:40:02,864 [INFO] No new trades — nothing to execute
2026-06-25 11:45:02,555 [INFO] --- Checking trades for Markwayne Mullin ---
2026-06-25 11:45:02,802 [ERROR] Failed to fetch trades: 401 Client Error: Unauthorized for url: https://api.quiverquant.com/beta/live/congresstrading
2026-06-25 11:45:02,804 [INFO] No trades returned from QuiverQuant
2026-06-25 11:50:01,845 [INFO] --- Checking trades for Markwayne Mullin ---
2026-06-25 11:50:02,250 [INFO] Fetched 111 trades for Markwayne Mullin (total pool: 1000)
2026-06-25 11:50:02,253 [INFO] Found 0 new trades to process (out of 111 total)
2026-06-25 11:50:02,253 [INFO] No new trades — nothing to execute
2026-06-25 11:55:02,382 [INFO] --- Checking trades for Markwayne Mullin ---
2026-06-25 11:55:02,780 [ERROR] Failed to fetch trades: 401 Client Error: Unauthorized for url: https://api.quiverquant.com/beta/live/congresstrading
2026-06-25 11:55:02,782 [INFO] No trades returned from QuiverQuant
2026-06-25 12:00:02,526 [INFO] --- Checking trades for Markwayne Mullin ---
2026-06-25 12:00:04,491 [INFO] Fetched 111 trades for Markwayne Mullin (total pool: 1000)
2026-06-25 12:00:04,494 [INFO] Found 0 new trades to process (out of 111 total)
2026-06-25 12:00:04,494 [INFO] No new trades — nothing to execute
2026-06-25 12:05:02,153 [INFO] --- Checking trades for Markwayne Mullin ---
2026-06-25 12:05:02,600 [INFO] Fetched 111 trades for Markwayne Mullin (total pool: 1000)
2026-06-25 12:05:02,602 [INFO] Found 0 new trades to process (out of 111 total)
2026-06-25 12:05:02,602 [INFO] No new trades — nothing to execute
2026-06-25 12:10:02,450 [INFO] --- Checking trades for Markwayne Mullin ---
2026-06-25 12:10:03,937 [INFO] Fetched 111 trades for Markwayne Mullin (total pool: 1000)
2026-06-25 12:10:03,940 [INFO] Found 0 new trades to process (out of 111 total)
2026-06-25 12:10:03,941 [INFO] No new trades — nothing to execute
2026-06-25 12:15:02,620 [INFO] --- Checking trades for Markwayne Mullin ---
2026-06-25 12:15:03,126 [INFO] Fetched 111 trades for Markwayne Mullin (total pool: 1000)
2026-06-25 12:15:03,128 [INFO] Found 0 new trades to process (out of 111 total)
2026-06-25 12:15:03,128 [INFO] No new trades — nothing to execute
2026-06-25 12:20:01,841 [INFO] --- Checking trades for Markwayne Mullin ---
2026-06-25 12:20:03,997 [INFO] Fetched 111 trades for Markwayne Mullin (total pool: 1000)
2026-06-25 12:20:04,000 [INFO] Found 0 new trades to process (out of 111 total)
2026-06-25 12:20:04,000 [INFO] No new trades — nothing to execute
2026-06-25 12:25:02,639 [INFO] --- Checking trades for Markwayne Mullin ---
2026-06-25 12:25:02,914 [ERROR] Failed to fetch trades: 401 Client Error: Unauthorized for url: https://api.quiverquant.com/beta/live/congresstrading
2026-06-25 12:25:02,916 [INFO] No trades returned from QuiverQuant
2026-06-25 12:30:02,170 [INFO] --- Checking trades for Markwayne Mullin ---
2026-06-25 12:30:02,406 [INFO] Fetched 111 trades for Markwayne Mullin (total pool: 1000)
2026-06-25 12:30:02,409 [INFO] Found 0 new trades to process (out of 111 total)
2026-06-25 12:30:02,409 [INFO] No new trades — nothing to execute
2026-06-25 12:35:01,996 [INFO] --- Checking trades for Markwayne Mullin ---
2026-06-25 12:35:03,822 [INFO] Fetched 111 trades for Markwayne Mullin (total pool: 1000)
2026-06-25 12:35:03,826 [INFO] Found 0 new trades to process (out of 111 total)
2026-06-25 12:35:03,826 [INFO] No new trades — nothing to execute
2026-06-25 12:40:02,809 [INFO] --- Checking trades for Markwayne Mullin ---
2026-06-25 12:40:03,101 [INFO] Fetched 111 trades for Markwayne Mullin (total pool: 1000)
2026-06-25 12:40:03,104 [INFO] Found 0 new trades to process (out of 111 total)
2026-06-25 12:40:03,104 [INFO] No new trades — nothing to execute
2026-06-25 12:45:02,712 [INFO] --- Checking trades for Markwayne Mullin ---
2026-06-25 12:45:03,047 [INFO] Fetched 111 trades for Markwayne Mullin (total pool: 1000)
2026-06-25 12:45:03,050 [INFO] Found 0 new trades to process (out of 111 total)
2026-06-25 12:45:03,050 [INFO] No new trades — nothing to execute
2026-06-25 12:50:02,287 [INFO] --- Checking trades for Markwayne Mullin ---
2026-06-25 12:50:02,708 [INFO] Fetched 111 trades for Markwayne Mullin (total pool: 1000)
2026-06-25 12:50:02,711 [INFO] Found 0 new trades to process (out of 111 total)
2026-06-25 12:50:02,711 [INFO] No new trades — nothing to execute
2026-06-25 12:55:01,877 [INFO] --- Checking trades for Markwayne Mullin ---
2026-06-25 12:55:02,390 [ERROR] Failed to fetch trades: 401 Client Error: Unauthorized for url: https://api.quiverquant.com/beta/live/congresstrading
2026-06-25 12:55:02,392 [INFO] No trades returned from QuiverQuant
2026-06-25 13:00:02,041 [INFO] --- Checking trades for Markwayne Mullin ---
2026-06-25 13:00:02,319 [INFO] Fetched 111 trades for Markwayne Mullin (total pool: 1000)
2026-06-25 13:00:02,322 [INFO] Found 0 new trades to process (out of 111 total)
2026-06-25 13:00:02,322 [INFO] No new trades — nothing to execute
2026-06-25 13:05:01,990 [INFO] --- Checking trades for Markwayne Mullin ---
2026-06-25 13:05:02,175 [INFO] Fetched 111 trades for Markwayne Mullin (total pool: 1000)
2026-06-25 13:05:02,177 [INFO] Found 0 new trades to process (out of 111 total)
2026-06-25 13:05:02,178 [INFO] No new trades — nothing to execute
2026-06-25 13:10:02,314 [INFO] --- Checking trades for Markwayne Mullin ---
2026-06-25 13:10:02,625 [INFO] Fetched 111 trades for Markwayne Mullin (total pool: 1000)
2026-06-25 13:10:02,627 [INFO] Found 0 new trades to process (out of 111 total)
2026-06-25 13:10:02,627 [INFO] No new trades — nothing to execute
2026-06-25 13:15:02,302 [INFO] --- Checking trades for Markwayne Mullin ---
2026-06-25 13:15:02,654 [INFO] Fetched 111 trades for Markwayne Mullin (total pool: 1000)
2026-06-25 13:15:02,656 [INFO] Found 0 new trades to process (out of 111 total)
2026-06-25 13:15:02,656 [INFO] No new trades — nothing to execute
2026-06-25 13:20:02,660 [INFO] --- Checking trades for Markwayne Mullin ---
2026-06-25 13:20:02,993 [INFO] Fetched 111 trades for Markwayne Mullin (total pool: 1000)
2026-06-25 13:20:02,996 [INFO] Found 0 new trades to process (out of 111 total)
2026-06-25 13:20:02,996 [INFO] No new trades — nothing to execute
2026-06-25 13:25:02,534 [INFO] --- Checking trades for Markwayne Mullin ---
2026-06-25 13:25:04,293 [ERROR] Failed to fetch trades: 401 Client Error: Unauthorized for url: https://api.quiverquant.com/beta/live/congresstrading
2026-06-25 13:25:04,294 [INFO] No trades returned from QuiverQuant
2026-06-25 13:30:01,940 [INFO] --- Checking trades for Markwayne Mullin ---
2026-06-25 13:30:02,179 [INFO] Fetched 111 trades for Markwayne Mullin (total pool: 1000)
2026-06-25 13:30:02,181 [INFO] Found 0 new trades to process (out of 111 total)
2026-06-25 13:30:02,181 [INFO] No new trades — nothing to execute
2026-06-25 13:35:01,930 [INFO] --- Checking trades for Markwayne Mullin ---
2026-06-25 13:35:03,050 [INFO] Fetched 111 trades for Markwayne Mullin (total pool: 1000)
2026-06-25 13:35:03,053 [INFO] Found 0 new trades to process (out of 111 total)
2026-06-25 13:35:03,053 [INFO] No new trades — nothing to execute
2026-06-25 13:40:02,258 [INFO] --- Checking trades for Markwayne Mullin ---
2026-06-25 13:40:03,504 [INFO] Fetched 111 trades for Markwayne Mullin (total pool: 1000)
2026-06-25 13:40:03,506 [INFO] Found 0 new trades to process (out of 111 total)
2026-06-25 13:40:03,506 [INFO] No new trades — nothing to execute
2026-06-25 13:45:02,849 [INFO] --- Checking trades for Markwayne Mullin ---
2026-06-25 13:45:03,087 [INFO] Fetched 111 trades for Markwayne Mullin (total pool: 1000)
2026-06-25 13:45:03,091 [INFO] Found 0 new trades to process (out of 111 total)
2026-06-25 13:45:03,091 [INFO] No new trades — nothing to execute
2026-06-25 13:50:01,933 [INFO] --- Checking trades for Markwayne Mullin ---
2026-06-25 13:50:02,357 [ERROR] Failed to fetch trades: 401 Client Error: Unauthorized for url: https://api.quiverquant.com/beta/live/congresstrading
2026-06-25 13:50:02,358 [INFO] No trades returned from QuiverQuant
2026-06-25 13:55:02,309 [INFO] --- Checking trades for Markwayne Mullin ---
2026-06-25 13:55:02,602 [INFO] Fetched 111 trades for Markwayne Mullin (total pool: 1000)
2026-06-25 13:55:02,606 [INFO] Found 0 new trades to process (out of 111 total)
2026-06-25 13:55:02,606 [INFO] No new trades — nothing to execute
2026-06-25 14:00:02,629 [INFO] --- Checking trades for Markwayne Mullin ---
2026-06-25 14:00:03,315 [INFO] Fetched 111 trades for Markwayne Mullin (total pool: 1000)
2026-06-25 14:00:03,318 [INFO] Found 0 new trades to process (out of 111 total)
2026-06-25 14:00:03,318 [INFO] No new trades — nothing to execute
2026-06-25 14:05:01,942 [INFO] --- Checking trades for Markwayne Mullin ---
2026-06-25 14:05:02,136 [INFO] Fetched 111 trades for Markwayne Mullin (total pool: 1000)
2026-06-25 14:05:02,139 [INFO] Found 0 new trades to process (out of 111 total)
2026-06-25 14:05:02,139 [INFO] No new trades — nothing to execute
2026-06-25 14:10:02,623 [INFO] --- Checking trades for Markwayne Mullin ---
2026-06-25 14:10:02,924 [INFO] Fetched 111 trades for Markwayne Mullin (total pool: 1000)
2026-06-25 14:10:02,927 [INFO] Found 0 new trades to process (out of 111 total)
2026-06-25 14:10:02,927 [INFO] No new trades — nothing to execute
2026-06-25 14:15:02,728 [INFO] --- Checking trades for Markwayne Mullin ---
2026-06-25 14:15:02,942 [INFO] Fetched 111 trades for Markwayne Mullin (total pool: 1000)
2026-06-25 14:15:02,944 [INFO] Found 0 new trades to process (out of 111 total)
2026-06-25 14:15:02,944 [INFO] No new trades — nothing to execute
2026-06-25 14:20:02,739 [INFO] --- Checking trades for Markwayne Mullin ---
2026-06-25 14:20:03,046 [INFO] Fetched 111 trades for Markwayne Mullin (total pool: 1000)
2026-06-25 14:20:03,048 [INFO] Found 0 new trades to process (out of 111 total)
2026-06-25 14:20:03,048 [INFO] No new trades — nothing to execute
2026-06-25 14:25:02,414 [INFO] --- Checking trades for Markwayne Mullin ---
2026-06-25 14:25:02,910 [ERROR] Failed to fetch trades: 401 Client Error: Unauthorized for url: https://api.quiverquant.com/beta/live/congresstrading
2026-06-25 14:25:02,913 [INFO] No trades returned from QuiverQuant
2026-06-25 14:30:01,989 [INFO] --- Checking trades for Markwayne Mullin ---
2026-06-25 14:30:02,180 [INFO] Fetched 111 trades for Markwayne Mullin (total pool: 1000)
2026-06-25 14:30:02,182 [INFO] Found 0 new trades to process (out of 111 total)
2026-06-25 14:30:02,182 [INFO] No new trades — nothing to execute
2026-06-25 14:35:02,561 [INFO] --- Checking trades for Markwayne Mullin ---
2026-06-25 14:35:07,396 [INFO] Fetched 111 trades for Markwayne Mullin (total pool: 1000)
2026-06-25 14:35:07,399 [INFO] Found 0 new trades to process (out of 111 total)
2026-06-25 14:35:07,399 [INFO] No new trades — nothing to execute
2026-06-25 14:40:02,083 [INFO] --- Checking trades for Markwayne Mullin ---
2026-06-25 14:40:02,823 [ERROR] Failed to fetch trades: 401 Client Error: Unauthorized for url: https://api.quiverquant.com/beta/live/congresstrading
2026-06-25 14:40:02,825 [INFO] No trades returned from QuiverQuant
2026-06-25 14:45:02,206 [INFO] --- Checking trades for Markwayne Mullin ---
2026-06-25 14:45:02,500 [INFO] Fetched 111 trades for Markwayne Mullin (total pool: 1000)
2026-06-25 14:45:02,503 [INFO] Found 0 new trades to process (out of 111 total)
2026-06-25 14:45:02,503 [INFO] No new trades — nothing to execute
2026-06-25 14:50:02,272 [INFO] --- Checking trades for Markwayne Mullin ---
2026-06-25 14:50:02,552 [INFO] Fetched 111 trades for Markwayne Mullin (total pool: 1000)
2026-06-25 14:50:02,555 [INFO] Found 0 new trades to process (out of 111 total)
2026-06-25 14:50:02,555 [INFO] No new trades — nothing to execute
2026-06-25 14:55:02,442 [INFO] --- Checking trades for Markwayne Mullin ---
2026-06-25 14:55:02,884 [INFO] Fetched 111 trades for Markwayne Mullin (total pool: 1000)
2026-06-25 14:55:02,887 [INFO] Found 0 new trades to process (out of 111 total)
2026-06-25 14:55:02,888 [INFO] No new trades — nothing to execute
2026-06-25 15:00:02,609 [INFO] --- Checking trades for Markwayne Mullin ---
2026-06-25 15:00:03,981 [INFO] Fetched 111 trades for Markwayne Mullin (total pool: 1000)
2026-06-25 15:00:03,985 [INFO] Found 0 new trades to process (out of 111 total)
2026-06-25 15:00:03,985 [INFO] No new trades — nothing to execute
2026-06-25 15:05:02,443 [INFO] --- Checking trades for Markwayne Mullin ---
2026-06-25 15:05:02,751 [ERROR] Failed to fetch trades: 401 Client Error: Unauthorized for url: https://api.quiverquant.com/beta/live/congresstrading
2026-06-25 15:05:02,753 [INFO] No trades returned from QuiverQuant
2026-06-25 15:10:01,932 [INFO] --- Checking trades for Markwayne Mullin ---
2026-06-25 15:10:02,153 [INFO] Fetched 111 trades for Markwayne Mullin (total pool: 1000)
2026-06-25 15:10:02,155 [INFO] Found 0 new trades to process (out of 111 total)
2026-06-25 15:10:02,156 [INFO] No new trades — nothing to execute
2026-06-25 15:15:01,932 [INFO] --- Checking trades for Markwayne Mullin ---
2026-06-25 15:15:02,834 [INFO] Fetched 111 trades for Markwayne Mullin (total pool: 1000)
2026-06-25 15:15:02,837 [INFO] Found 0 new trades to process (out of 111 total)
2026-06-25 15:15:02,837 [INFO] No new trades — nothing to execute
2026-06-25 15:20:02,020 [INFO] --- Checking trades for Markwayne Mullin ---
2026-06-25 15:20:02,342 [INFO] Fetched 111 trades for Markwayne Mullin (total pool: 1000)
2026-06-25 15:20:02,344 [INFO] Found 0 new trades to process (out of 111 total)
2026-06-25 15:20:02,344 [INFO] No new trades — nothing to execute
2026-06-25 15:25:02,239 [INFO] --- Checking trades for Markwayne Mullin ---
2026-06-25 15:25:04,219 [ERROR] Failed to fetch trades: 401 Client Error: Unauthorized for url: https://api.quiverquant.com/beta/live/congresstrading
2026-06-25 15:25:04,222 [INFO] No trades returned from QuiverQuant
2026-06-25 15:30:02,153 [INFO] --- Checking trades for Markwayne Mullin ---
2026-06-25 15:30:03,521 [ERROR] Failed to fetch trades: 401 Client Error: Unauthorized for url: https://api.quiverquant.com/beta/live/congresstrading
2026-06-25 15:30:03,523 [INFO] No trades returned from QuiverQuant
2026-06-25 15:35:02,280 [INFO] --- Checking trades for Markwayne Mullin ---
2026-06-25 15:35:02,528 [INFO] Fetched 111 trades for Markwayne Mullin (total pool: 1000)
2026-06-25 15:35:02,531 [INFO] Found 0 new trades to process (out of 111 total)
2026-06-25 15:35:02,531 [INFO] No new trades — nothing to execute
2026-06-25 15:40:02,787 [INFO] --- Checking trades for Markwayne Mullin ---
2026-06-25 15:40:03,059 [INFO] Fetched 111 trades for Markwayne Mullin (total pool: 1000)
2026-06-25 15:40:03,061 [INFO] Found 0 new trades to process (out of 111 total)
2026-06-25 15:40:03,061 [INFO] No new trades — nothing to execute
2026-06-25 15:45:02,198 [INFO] --- Checking trades for Markwayne Mullin ---
2026-06-25 15:45:02,582 [INFO] Fetched 111 trades for Markwayne Mullin (total pool: 1000)
2026-06-25 15:45:02,586 [INFO] Found 0 new trades to process (out of 111 total)
2026-06-25 15:45:02,586 [INFO] No new trades — nothing to execute
2026-06-25 15:50:02,259 [INFO] --- Checking trades for Markwayne Mullin ---
2026-06-25 15:50:02,546 [INFO] Fetched 111 trades for Markwayne Mullin (total pool: 1000)
2026-06-25 15:50:02,549 [INFO] Found 0 new trades to process (out of 111 total)
2026-06-25 15:50:02,549 [INFO] No new trades — nothing to execute
2026-06-25 15:55:02,453 [INFO] --- Checking trades for Markwayne Mullin ---
2026-06-25 15:55:03,471 [INFO] Fetched 111 trades for Markwayne Mullin (total pool: 1000)
2026-06-25 15:55:03,474 [INFO] Found 0 new trades to process (out of 111 total)
2026-06-25 15:55:03,474 [INFO] No new trades — nothing to execute
2026-06-26 08:00:02,726 [INFO] --- Checking trades for Markwayne Mullin ---
2026-06-26 08:00:02,980 [INFO] Fetched 111 trades for Markwayne Mullin (total pool: 1000)
2026-06-26 08:00:02,983 [INFO] Found 0 new trades to process (out of 111 total)
2026-06-26 08:00:02,983 [INFO] No new trades — nothing to execute
2026-06-26 08:05:02,021 [INFO] --- Checking trades for Markwayne Mullin ---
2026-06-26 08:05:02,436 [ERROR] Failed to fetch trades: 401 Client Error: Unauthorized for url: https://api.quiverquant.com/beta/live/congresstrading
2026-06-26 08:05:02,438 [INFO] No trades returned from QuiverQuant
2026-06-26 08:10:02,517 [INFO] --- Checking trades for Markwayne Mullin ---
2026-06-26 08:10:02,797 [INFO] Fetched 111 trades for Markwayne Mullin (total pool: 1000)
2026-06-26 08:10:02,800 [INFO] Found 0 new trades to process (out of 111 total)
2026-06-26 08:10:02,800 [INFO] No new trades — nothing to execute
2026-06-26 08:15:02,605 [INFO] --- Checking trades for Markwayne Mullin ---
2026-06-26 08:15:03,030 [INFO] Fetched 111 trades for Markwayne Mullin (total pool: 1000)
2026-06-26 08:15:03,033 [INFO] Found 0 new trades to process (out of 111 total)
2026-06-26 08:15:03,033 [INFO] No new trades — nothing to execute
2026-06-26 08:20:02,040 [INFO] --- Checking trades for Markwayne Mullin ---
2026-06-26 08:20:02,336 [INFO] Fetched 111 trades for Markwayne Mullin (total pool: 1000)
2026-06-26 08:20:02,339 [INFO] Found 0 new trades to process (out of 111 total)
2026-06-26 08:20:02,339 [INFO] No new trades — nothing to execute
2026-06-26 08:25:02,226 [INFO] --- Checking trades for Markwayne Mullin ---
2026-06-26 08:25:02,735 [INFO] Fetched 111 trades for Markwayne Mullin (total pool: 1000)
2026-06-26 08:25:02,738 [INFO] Found 0 new trades to process (out of 111 total)
2026-06-26 08:25:02,738 [INFO] No new trades — nothing to execute
2026-06-26 08:30:02,519 [INFO] --- Checking trades for Markwayne Mullin ---
2026-06-26 08:30:02,957 [INFO] Fetched 111 trades for Markwayne Mullin (total pool: 1000)
2026-06-26 08:30:02,960 [INFO] Found 0 new trades to process (out of 111 total)
2026-06-26 08:30:02,960 [INFO] No new trades — nothing to execute
2026-06-26 08:35:02,772 [INFO] --- Checking trades for Markwayne Mullin ---
2026-06-26 08:35:03,252 [INFO] Fetched 111 trades for Markwayne Mullin (total pool: 1000)
2026-06-26 08:35:03,255 [INFO] Found 0 new trades to process (out of 111 total)
2026-06-26 08:35:03,255 [INFO] No new trades — nothing to execute
2026-06-26 08:40:02,216 [INFO] --- Checking trades for Markwayne Mullin ---
2026-06-26 08:40:02,508 [INFO] Fetched 111 trades for Markwayne Mullin (total pool: 1000)
2026-06-26 08:40:02,510 [INFO] Found 0 new trades to process (out of 111 total)
2026-06-26 08:40:02,510 [INFO] No new trades — nothing to execute
2026-06-26 08:45:02,266 [INFO] --- Checking trades for Markwayne Mullin ---
2026-06-26 08:45:02,950 [ERROR] Failed to fetch trades: 401 Client Error: Unauthorized for url: https://api.quiverquant.com/beta/live/congresstrading
2026-06-26 08:45:02,952 [INFO] No trades returned from QuiverQuant
2026-06-26 08:50:02,324 [INFO] --- Checking trades for Markwayne Mullin ---
2026-06-26 08:50:03,492 [ERROR] Failed to fetch trades: 401 Client Error: Unauthorized for url: https://api.quiverquant.com/beta/live/congresstrading
2026-06-26 08:50:03,494 [INFO] No trades returned from QuiverQuant
2026-06-26 08:55:02,529 [INFO] --- Checking trades for Markwayne Mullin ---
2026-06-26 08:55:02,837 [ERROR] Failed to fetch trades: 401 Client Error: Unauthorized for url: https://api.quiverquant.com/beta/live/congresstrading
2026-06-26 08:55:02,839 [INFO] No trades returned from QuiverQuant
2026-06-26 09:00:02,794 [INFO] --- Checking trades for Markwayne Mullin ---
2026-06-26 09:00:04,525 [ERROR] Failed to fetch trades: 401 Client Error: Unauthorized for url: https://api.quiverquant.com/beta/live/congresstrading
2026-06-26 09:00:04,526 [INFO] No trades returned from QuiverQuant
2026-06-26 09:05:01,808 [INFO] --- Checking trades for Markwayne Mullin ---
2026-06-26 09:05:03,284 [ERROR] Failed to fetch trades: 401 Client Error: Unauthorized for url: https://api.quiverquant.com/beta/live/congresstrading
2026-06-26 09:05:03,286 [INFO] No trades returned from QuiverQuant
2026-06-26 09:10:01,982 [INFO] --- Checking trades for Markwayne Mullin ---
2026-06-26 09:10:02,775 [ERROR] Failed to fetch trades: 401 Client Error: Unauthorized for url: https://api.quiverquant.com/beta/live/congresstrading
2026-06-26 09:10:02,776 [INFO] No trades returned from QuiverQuant
2026-06-26 09:15:02,680 [INFO] --- Checking trades for Markwayne Mullin ---
2026-06-26 09:15:03,014 [ERROR] Failed to fetch trades: 401 Client Error: Unauthorized for url: https://api.quiverquant.com/beta/live/congresstrading
2026-06-26 09:15:03,016 [INFO] No trades returned from QuiverQuant
2026-06-26 09:20:02,103 [INFO] --- Checking trades for Markwayne Mullin ---
2026-06-26 09:20:02,584 [ERROR] Failed to fetch trades: 401 Client Error: Unauthorized for url: https://api.quiverquant.com/beta/live/congresstrading
2026-06-26 09:20:02,586 [INFO] No trades returned from QuiverQuant
2026-06-26 09:25:02,440 [INFO] --- Checking trades for Markwayne Mullin ---
2026-06-26 09:25:03,794 [ERROR] Failed to fetch trades: 401 Client Error: Unauthorized for url: https://api.quiverquant.com/beta/live/congresstrading
2026-06-26 09:25:03,796 [INFO] No trades returned from QuiverQuant
2026-06-26 09:30:02,684 [INFO] --- Checking trades for Markwayne Mullin ---
2026-06-26 09:30:03,236 [ERROR] Failed to fetch trades: 401 Client Error: Unauthorized for url: https://api.quiverquant.com/beta/live/congresstrading
2026-06-26 09:30:03,237 [INFO] No trades returned from QuiverQuant
2026-06-26 09:35:02,240 [INFO] --- Checking trades for Markwayne Mullin ---
2026-06-26 09:35:03,800 [ERROR] Failed to fetch trades: 401 Client Error: Unauthorized for url: https://api.quiverquant.com/beta/live/congresstrading
2026-06-26 09:35:03,801 [INFO] No trades returned from QuiverQuant
2026-06-26 09:40:02,178 [INFO] --- Checking trades for Markwayne Mullin ---
2026-06-26 09:40:02,673 [ERROR] Failed to fetch trades: 401 Client Error: Unauthorized for url: https://api.quiverquant.com/beta/live/congresstrading
2026-06-26 09:40:02,675 [INFO] No trades returned from QuiverQuant
2026-06-26 09:45:01,893 [INFO] --- Checking trades for Markwayne Mullin ---
2026-06-26 09:45:02,442 [ERROR] Failed to fetch trades: 401 Client Error: Unauthorized for url: https://api.quiverquant.com/beta/live/congresstrading
2026-06-26 09:45:02,444 [INFO] No trades returned from QuiverQuant
2026-06-26 09:50:02,784 [INFO] --- Checking trades for Markwayne Mullin ---
2026-06-26 09:50:03,186 [ERROR] Failed to fetch trades: 401 Client Error: Unauthorized for url: https://api.quiverquant.com/beta/live/congresstrading
2026-06-26 09:50:03,187 [INFO] No trades returned from QuiverQuant
2026-06-26 09:55:02,605 [INFO] --- Checking trades for Markwayne Mullin ---
2026-06-26 09:55:03,630 [ERROR] Failed to fetch trades: 401 Client Error: Unauthorized for url: https://api.quiverquant.com/beta/live/congresstrading
2026-06-26 09:55:03,632 [INFO] No trades returned from QuiverQuant
2026-06-26 10:00:02,436 [INFO] --- Checking trades for Markwayne Mullin ---
2026-06-26 10:00:03,949 [ERROR] Failed to fetch trades: 401 Client Error: Unauthorized for url: https://api.quiverquant.com/beta/live/congresstrading
2026-06-26 10:00:03,950 [INFO] No trades returned from QuiverQuant
2026-06-26 10:05:01,916 [INFO] --- Checking trades for Markwayne Mullin ---
2026-06-26 10:05:02,430 [ERROR] Failed to fetch trades: 401 Client Error: Unauthorized for url: https://api.quiverquant.com/beta/live/congresstrading
2026-06-26 10:05:02,431 [INFO] No trades returned from QuiverQuant
2026-06-26 10:10:02,718 [INFO] --- Checking trades for Markwayne Mullin ---
2026-06-26 10:10:03,221 [ERROR] Failed to fetch trades: 401 Client Error: Unauthorized for url: https://api.quiverquant.com/beta/live/congresstrading
2026-06-26 10:10:03,223 [INFO] No trades returned from QuiverQuant
2026-06-26 10:15:02,117 [INFO] --- Checking trades for Markwayne Mullin ---
2026-06-26 10:15:03,323 [ERROR] Failed to fetch trades: 401 Client Error: Unauthorized for url: https://api.quiverquant.com/beta/live/congresstrading
2026-06-26 10:15:03,324 [INFO] No trades returned from QuiverQuant
2026-06-26 10:20:02,071 [INFO] --- Checking trades for Markwayne Mullin ---
2026-06-26 10:20:02,315 [ERROR] Failed to fetch trades: 401 Client Error: Unauthorized for url: https://api.quiverquant.com/beta/live/congresstrading
2026-06-26 10:20:02,316 [INFO] No trades returned from QuiverQuant
2026-06-26 10:25:02,364 [INFO] --- Checking trades for Markwayne Mullin ---
2026-06-26 10:25:02,655 [ERROR] Failed to fetch trades: 401 Client Error: Unauthorized for url: https://api.quiverquant.com/beta/live/congresstrading
2026-06-26 10:25:02,656 [INFO] No trades returned from QuiverQuant
2026-06-26 10:30:02,941 [INFO] --- Checking trades for Markwayne Mullin ---
2026-06-26 10:30:04,648 [ERROR] Failed to fetch trades: 401 Client Error: Unauthorized for url: https://api.quiverquant.com/beta/live/congresstrading
2026-06-26 10:30:04,650 [INFO] No trades returned from QuiverQuant
2026-06-26 10:35:02,917 [INFO] --- Checking trades for Markwayne Mullin ---
2026-06-26 10:35:03,459 [ERROR] Failed to fetch trades: 401 Client Error: Unauthorized for url: https://api.quiverquant.com/beta/live/congresstrading
2026-06-26 10:35:03,462 [INFO] No trades returned from QuiverQuant
2026-06-26 10:40:01,983 [INFO] --- Checking trades for Markwayne Mullin ---
2026-06-26 10:40:03,029 [ERROR] Failed to fetch trades: 401 Client Error: Unauthorized for url: https://api.quiverquant.com/beta/live/congresstrading
2026-06-26 10:40:03,031 [INFO] No trades returned from QuiverQuant
2026-06-26 10:45:02,615 [INFO] --- Checking trades for Markwayne Mullin ---
2026-06-26 10:45:03,149 [ERROR] Failed to fetch trades: 401 Client Error: Unauthorized for url: https://api.quiverquant.com/beta/live/congresstrading
2026-06-26 10:45:03,151 [INFO] No trades returned from QuiverQuant
2026-06-26 10:50:01,814 [INFO] --- Checking trades for Markwayne Mullin ---
2026-06-26 10:50:03,534 [ERROR] Failed to fetch trades: 401 Client Error: Unauthorized for url: https://api.quiverquant.com/beta/live/congresstrading
2026-06-26 10:50:03,536 [INFO] No trades returned from QuiverQuant
2026-06-26 10:55:02,482 [INFO] --- Checking trades for Markwayne Mullin ---
2026-06-26 10:55:02,805 [ERROR] Failed to fetch trades: 401 Client Error: Unauthorized for url: https://api.quiverquant.com/beta/live/congresstrading
2026-06-26 10:55:02,807 [INFO] No trades returned from QuiverQuant
2026-06-26 11:00:02,716 [INFO] --- Checking trades for Markwayne Mullin ---
2026-06-26 11:00:03,598 [ERROR] Failed to fetch trades: 401 Client Error: Unauthorized for url: https://api.quiverquant.com/beta/live/congresstrading
2026-06-26 11:00:03,600 [INFO] No trades returned from QuiverQuant
2026-06-26 11:05:02,573 [INFO] --- Checking trades for Markwayne Mullin ---
2026-06-26 11:05:02,942 [ERROR] Failed to fetch trades: 401 Client Error: Unauthorized for url: https://api.quiverquant.com/beta/live/congresstrading
2026-06-26 11:05:02,943 [INFO] No trades returned from QuiverQuant
2026-06-26 11:10:02,644 [INFO] --- Checking trades for Markwayne Mullin ---
2026-06-26 11:10:03,482 [ERROR] Failed to fetch trades: 401 Client Error: Unauthorized for url: https://api.quiverquant.com/beta/live/congresstrading
2026-06-26 11:10:03,484 [INFO] No trades returned from QuiverQuant
2026-06-26 11:15:02,353 [INFO] --- Checking trades for Markwayne Mullin ---
2026-06-26 11:15:02,819 [ERROR] Failed to fetch trades: 401 Client Error: Unauthorized for url: https://api.quiverquant.com/beta/live/congresstrading
2026-06-26 11:15:02,821 [INFO] No trades returned from QuiverQuant
2026-06-26 11:20:02,526 [INFO] --- Checking trades for Markwayne Mullin ---
2026-06-26 11:20:02,793 [ERROR] Failed to fetch trades: 401 Client Error: Unauthorized for url: https://api.quiverquant.com/beta/live/congresstrading
2026-06-26 11:20:02,794 [INFO] No trades returned from QuiverQuant
2026-06-26 11:25:02,309 [INFO] --- Checking trades for Markwayne Mullin ---
2026-06-26 11:25:03,964 [ERROR] Failed to fetch trades: 401 Client Error: Unauthorized for url: https://api.quiverquant.com/beta/live/congresstrading
2026-06-26 11:25:03,966 [INFO] No trades returned from QuiverQuant
2026-06-26 11:30:02,535 [INFO] --- Checking trades for Markwayne Mullin ---
2026-06-26 11:30:03,905 [ERROR] Failed to fetch trades: 401 Client Error: Unauthorized for url: https://api.quiverquant.com/beta/live/congresstrading
2026-06-26 11:30:03,906 [INFO] No trades returned from QuiverQuant
2026-06-26 11:35:02,329 [INFO] --- Checking trades for Markwayne Mullin ---
2026-06-26 11:35:03,241 [ERROR] Failed to fetch trades: 401 Client Error: Unauthorized for url: https://api.quiverquant.com/beta/live/congresstrading
2026-06-26 11:35:03,243 [INFO] No trades returned from QuiverQuant
2026-06-26 11:40:02,349 [INFO] --- Checking trades for Markwayne Mullin ---
2026-06-26 11:40:02,869 [ERROR] Failed to fetch trades: 401 Client Error: Unauthorized for url: https://api.quiverquant.com/beta/live/congresstrading
2026-06-26 11:40:02,870 [INFO] No trades returned from QuiverQuant
2026-06-26 11:45:02,673 [INFO] --- Checking trades for Markwayne Mullin ---
2026-06-26 11:45:03,041 [ERROR] Failed to fetch trades: 401 Client Error: Unauthorized for url: https://api.quiverquant.com/beta/live/congresstrading
2026-06-26 11:45:03,043 [INFO] No trades returned from QuiverQuant
2026-06-26 11:50:02,570 [INFO] --- Checking trades for Markwayne Mullin ---
2026-06-26 11:50:02,876 [ERROR] Failed to fetch trades: 401 Client Error: Unauthorized for url: https://api.quiverquant.com/beta/live/congresstrading
2026-06-26 11:50:02,877 [INFO] No trades returned from QuiverQuant
2026-06-26 11:55:02,366 [INFO] --- Checking trades for Markwayne Mullin ---
2026-06-26 11:55:02,745 [ERROR] Failed to fetch trades: 401 Client Error: Unauthorized for url: https://api.quiverquant.com/beta/live/congresstrading
2026-06-26 11:55:02,747 [INFO] No trades returned from QuiverQuant
2026-06-26 12:00:02,445 [INFO] --- Checking trades for Markwayne Mullin ---
2026-06-26 12:00:02,994 [ERROR] Failed to fetch trades: 401 Client Error: Unauthorized for url: https://api.quiverquant.com/beta/live/congresstrading
2026-06-26 12:00:02,996 [INFO] No trades returned from QuiverQuant
2026-06-26 12:05:02,469 [INFO] --- Checking trades for Markwayne Mullin ---
2026-06-26 12:05:03,167 [ERROR] Failed to fetch trades: 401 Client Error: Unauthorized for url: https://api.quiverquant.com/beta/live/congresstrading
2026-06-26 12:05:03,169 [INFO] No trades returned from QuiverQuant
2026-06-26 12:10:02,437 [INFO] --- Checking trades for Markwayne Mullin ---
2026-06-26 12:10:03,014 [ERROR] Failed to fetch trades: 401 Client Error: Unauthorized for url: https://api.quiverquant.com/beta/live/congresstrading
2026-06-26 12:10:03,015 [INFO] No trades returned from QuiverQuant
2026-06-26 12:15:02,638 [INFO] --- Checking trades for Markwayne Mullin ---
2026-06-26 12:15:03,131 [ERROR] Failed to fetch trades: 401 Client Error: Unauthorized for url: https://api.quiverquant.com/beta/live/congresstrading
2026-06-26 12:15:03,133 [INFO] No trades returned from QuiverQuant
2026-06-26 12:20:02,351 [INFO] --- Checking trades for Markwayne Mullin ---
2026-06-26 12:20:03,026 [ERROR] Failed to fetch trades: 401 Client Error: Unauthorized for url: https://api.quiverquant.com/beta/live/congresstrading
2026-06-26 12:20:03,027 [INFO] No trades returned from QuiverQuant
2026-06-26 12:25:02,516 [INFO] --- Checking trades for Markwayne Mullin ---
2026-06-26 12:25:03,442 [ERROR] Failed to fetch trades: 401 Client Error: Unauthorized for url: https://api.quiverquant.com/beta/live/congresstrading
2026-06-26 12:25:03,443 [INFO] No trades returned from QuiverQuant
2026-06-26 12:30:02,290 [INFO] --- Checking trades for Markwayne Mullin ---
2026-06-26 12:30:04,678 [ERROR] Failed to fetch trades: 401 Client Error: Unauthorized for url: https://api.quiverquant.com/beta/live/congresstrading
2026-06-26 12:30:04,679 [INFO] No trades returned from QuiverQuant
2026-06-26 12:35:01,800 [INFO] --- Checking trades for Markwayne Mullin ---
2026-06-26 12:35:02,941 [ERROR] Failed to fetch trades: 401 Client Error: Unauthorized for url: https://api.quiverquant.com/beta/live/congresstrading
2026-06-26 12:35:02,943 [INFO] No trades returned from QuiverQuant
2026-06-26 12:40:01,939 [INFO] --- Checking trades for Markwayne Mullin ---
2026-06-26 12:40:02,541 [ERROR] Failed to fetch trades: 401 Client Error: Unauthorized for url: https://api.quiverquant.com/beta/live/congresstrading
2026-06-26 12:40:02,543 [INFO] No trades returned from QuiverQuant
2026-06-26 12:45:01,796 [INFO] --- Checking trades for Markwayne Mullin ---
2026-06-26 12:45:01,985 [ERROR] Failed to fetch trades: 401 Client Error: Unauthorized for url: https://api.quiverquant.com/beta/live/congresstrading
2026-06-26 12:45:01,986 [INFO] No trades returned from QuiverQuant
2026-06-26 12:50:02,077 [INFO] --- Checking trades for Markwayne Mullin ---
2026-06-26 12:50:02,875 [ERROR] Failed to fetch trades: 401 Client Error: Unauthorized for url: https://api.quiverquant.com/beta/live/congresstrading
2026-06-26 12:50:02,877 [INFO] No trades returned from QuiverQuant
2026-06-26 12:55:02,159 [INFO] --- Checking trades for Markwayne Mullin ---
2026-06-26 12:55:02,966 [ERROR] Failed to fetch trades: 401 Client Error: Unauthorized for url: https://api.quiverquant.com/beta/live/congresstrading
2026-06-26 12:55:02,968 [INFO] No trades returned from QuiverQuant
2026-06-26 13:00:02,078 [INFO] --- Checking trades for Markwayne Mullin ---
2026-06-26 13:00:05,300 [ERROR] Failed to fetch trades: 401 Client Error: Unauthorized for url: https://api.quiverquant.com/beta/live/congresstrading
2026-06-26 13:00:05,303 [INFO] No trades returned from QuiverQuant
2026-06-26 13:05:02,609 [INFO] --- Checking trades for Markwayne Mullin ---
2026-06-26 13:05:02,924 [ERROR] Failed to fetch trades: 401 Client Error: Unauthorized for url: https://api.quiverquant.com/beta/live/congresstrading
2026-06-26 13:05:02,925 [INFO] No trades returned from QuiverQuant
2026-06-26 13:10:02,665 [INFO] --- Checking trades for Markwayne Mullin ---
2026-06-26 13:10:03,328 [ERROR] Failed to fetch trades: 401 Client Error: Unauthorized for url: https://api.quiverquant.com/beta/live/congresstrading
2026-06-26 13:10:03,329 [INFO] No trades returned from QuiverQuant
2026-06-26 13:15:01,840 [INFO] --- Checking trades for Markwayne Mullin ---
2026-06-26 13:15:03,381 [ERROR] Failed to fetch trades: 401 Client Error: Unauthorized for url: https://api.quiverquant.com/beta/live/congresstrading
2026-06-26 13:15:03,383 [INFO] No trades returned from QuiverQuant
2026-06-26 13:20:01,954 [INFO] --- Checking trades for Markwayne Mullin ---
2026-06-26 13:20:03,855 [ERROR] Failed to fetch trades: 401 Client Error: Unauthorized for url: https://api.quiverquant.com/beta/live/congresstrading
2026-06-26 13:20:03,857 [INFO] No trades returned from QuiverQuant
2026-06-26 13:25:01,815 [INFO] --- Checking trades for Markwayne Mullin ---
2026-06-26 13:25:02,650 [ERROR] Failed to fetch trades: 401 Client Error: Unauthorized for url: https://api.quiverquant.com/beta/live/congresstrading
2026-06-26 13:25:02,652 [INFO] No trades returned from QuiverQuant
2026-06-26 13:30:02,121 [INFO] --- Checking trades for Markwayne Mullin ---
2026-06-26 13:30:03,146 [ERROR] Failed to fetch trades: 401 Client Error: Unauthorized for url: https://api.quiverquant.com/beta/live/congresstrading
2026-06-26 13:30:03,148 [INFO] No trades returned from QuiverQuant
2026-06-26 13:35:02,042 [INFO] --- Checking trades for Markwayne Mullin ---
2026-06-26 13:35:03,141 [ERROR] Failed to fetch trades: 401 Client Error: Unauthorized for url: https://api.quiverquant.com/beta/live/congresstrading
2026-06-26 13:35:03,142 [INFO] No trades returned from QuiverQuant
2026-06-26 13:40:02,763 [INFO] --- Checking trades for Markwayne Mullin ---
2026-06-26 13:40:04,270 [ERROR] Failed to fetch trades: 401 Client Error: Unauthorized for url: https://api.quiverquant.com/beta/live/congresstrading
2026-06-26 13:40:04,272 [INFO] No trades returned from QuiverQuant
2026-06-26 13:45:02,021 [INFO] --- Checking trades for Markwayne Mullin ---
2026-06-26 13:45:02,464 [ERROR] Failed to fetch trades: 401 Client Error: Unauthorized for url: https://api.quiverquant.com/beta/live/congresstrading
2026-06-26 13:45:02,466 [INFO] No trades returned from QuiverQuant
2026-06-26 13:50:02,690 [INFO] --- Checking trades for Markwayne Mullin ---
2026-06-26 13:50:03,738 [ERROR] Failed to fetch trades: 401 Client Error: Unauthorized for url: https://api.quiverquant.com/beta/live/congresstrading
2026-06-26 13:50:03,740 [INFO] No trades returned from QuiverQuant
2026-06-26 13:55:02,052 [INFO] --- Checking trades for Markwayne Mullin ---
2026-06-26 13:55:02,857 [ERROR] Failed to fetch trades: 401 Client Error: Unauthorized for url: https://api.quiverquant.com/beta/live/congresstrading
2026-06-26 13:55:02,859 [INFO] No trades returned from QuiverQuant
2026-06-26 14:00:02,204 [INFO] --- Checking trades for Markwayne Mullin ---
2026-06-26 14:00:06,394 [ERROR] Failed to fetch trades: 401 Client Error: Unauthorized for url: https://api.quiverquant.com/beta/live/congresstrading
2026-06-26 14:00:06,396 [INFO] No trades returned from QuiverQuant
2026-06-26 14:05:02,523 [INFO] --- Checking trades for Markwayne Mullin ---
2026-06-26 14:05:03,564 [ERROR] Failed to fetch trades: 401 Client Error: Unauthorized for url: https://api.quiverquant.com/beta/live/congresstrading
2026-06-26 14:05:03,566 [INFO] No trades returned from QuiverQuant
2026-06-26 14:10:02,705 [INFO] --- Checking trades for Markwayne Mullin ---
2026-06-26 14:10:03,141 [ERROR] Failed to fetch trades: 401 Client Error: Unauthorized for url: https://api.quiverquant.com/beta/live/congresstrading
2026-06-26 14:10:03,142 [INFO] No trades returned from QuiverQuant
2026-06-26 14:15:02,350 [INFO] --- Checking trades for Markwayne Mullin ---
2026-06-26 14:15:03,161 [ERROR] Failed to fetch trades: 401 Client Error: Unauthorized for url: https://api.quiverquant.com/beta/live/congresstrading
2026-06-26 14:15:03,161 [INFO] No trades returned from QuiverQuant
2026-06-26 14:20:01,766 [INFO] --- Checking trades for Markwayne Mullin ---
2026-06-26 14:20:03,676 [ERROR] Failed to fetch trades: 401 Client Error: Unauthorized for url: https://api.quiverquant.com/beta/live/congresstrading
2026-06-26 14:20:03,678 [INFO] No trades returned from QuiverQuant
2026-06-26 14:25:02,010 [INFO] --- Checking trades for Markwayne Mullin ---
2026-06-26 14:25:02,556 [ERROR] Failed to fetch trades: 401 Client Error: Unauthorized for url: https://api.quiverquant.com/beta/live/congresstrading
2026-06-26 14:25:02,557 [INFO] No trades returned from QuiverQuant
2026-06-26 14:30:02,421 [INFO] --- Checking trades for Markwayne Mullin ---
2026-06-26 14:30:03,535 [ERROR] Failed to fetch trades: 401 Client Error: Unauthorized for url: https://api.quiverquant.com/beta/live/congresstrading
2026-06-26 14:30:03,537 [INFO] No trades returned from QuiverQuant
2026-06-26 14:35:02,629 [INFO] --- Checking trades for Markwayne Mullin ---
2026-06-26 14:35:02,887 [ERROR] Failed to fetch trades: 401 Client Error: Unauthorized for url: https://api.quiverquant.com/beta/live/congresstrading
2026-06-26 14:35:02,888 [INFO] No trades returned from QuiverQuant
2026-06-26 14:40:01,977 [INFO] --- Checking trades for Markwayne Mullin ---
2026-06-26 14:40:03,710 [ERROR] Failed to fetch trades: 401 Client Error: Unauthorized for url: https://api.quiverquant.com/beta/live/congresstrading
2026-06-26 14:40:03,711 [INFO] No trades returned from QuiverQuant
2026-06-26 14:45:01,882 [INFO] --- Checking trades for Markwayne Mullin ---
2026-06-26 14:45:03,536 [ERROR] Failed to fetch trades: 401 Client Error: Unauthorized for url: https://api.quiverquant.com/beta/live/congresstrading
2026-06-26 14:45:03,538 [INFO] No trades returned from QuiverQuant
2026-06-26 14:50:02,291 [INFO] --- Checking trades for Markwayne Mullin ---
2026-06-26 14:50:03,033 [ERROR] Failed to fetch trades: 401 Client Error: Unauthorized for url: https://api.quiverquant.com/beta/live/congresstrading
2026-06-26 14:50:03,036 [INFO] No trades returned from QuiverQuant
2026-06-26 14:55:01,861 [INFO] --- Checking trades for Markwayne Mullin ---
2026-06-26 14:55:02,434 [ERROR] Failed to fetch trades: 401 Client Error: Unauthorized for url: https://api.quiverquant.com/beta/live/congresstrading
2026-06-26 14:55:02,436 [INFO] No trades returned from QuiverQuant
2026-06-26 15:00:02,248 [INFO] --- Checking trades for Markwayne Mullin ---
2026-06-26 15:00:05,169 [ERROR] Failed to fetch trades: 401 Client Error: Unauthorized for url: https://api.quiverquant.com/beta/live/congresstrading
2026-06-26 15:00:05,170 [INFO] No trades returned from QuiverQuant
2026-06-26 15:05:01,931 [INFO] --- Checking trades for Markwayne Mullin ---
2026-06-26 15:05:02,270 [ERROR] Failed to fetch trades: 401 Client Error: Unauthorized for url: https://api.quiverquant.com/beta/live/congresstrading
2026-06-26 15:05:02,272 [INFO] No trades returned from QuiverQuant
2026-06-26 15:10:02,030 [INFO] --- Checking trades for Markwayne Mullin ---
2026-06-26 15:10:03,009 [ERROR] Failed to fetch trades: 401 Client Error: Unauthorized for url: https://api.quiverquant.com/beta/live/congresstrading
2026-06-26 15:10:03,011 [INFO] No trades returned from QuiverQuant
2026-06-26 15:15:02,761 [INFO] --- Checking trades for Markwayne Mullin ---
2026-06-26 15:15:03,752 [ERROR] Failed to fetch trades: 401 Client Error: Unauthorized for url: https://api.quiverquant.com/beta/live/congresstrading
2026-06-26 15:15:03,754 [INFO] No trades returned from QuiverQuant
2026-06-26 15:20:02,510 [INFO] --- Checking trades for Markwayne Mullin ---
2026-06-26 15:20:02,931 [ERROR] Failed to fetch trades: 401 Client Error: Unauthorized for url: https://api.quiverquant.com/beta/live/congresstrading
2026-06-26 15:20:02,933 [INFO] No trades returned from QuiverQuant
2026-06-26 15:25:02,691 [INFO] --- Checking trades for Markwayne Mullin ---
2026-06-26 15:25:02,978 [ERROR] Failed to fetch trades: 401 Client Error: Unauthorized for url: https://api.quiverquant.com/beta/live/congresstrading
2026-06-26 15:25:02,979 [INFO] No trades returned from QuiverQuant
2026-06-26 15:30:02,797 [INFO] --- Checking trades for Markwayne Mullin ---
2026-06-26 15:30:05,201 [ERROR] Failed to fetch trades: 401 Client Error: Unauthorized for url: https://api.quiverquant.com/beta/live/congresstrading
2026-06-26 15:30:05,203 [INFO] No trades returned from QuiverQuant
2026-06-26 15:35:01,952 [INFO] --- Checking trades for Markwayne Mullin ---
2026-06-26 15:35:02,614 [ERROR] Failed to fetch trades: 401 Client Error: Unauthorized for url: https://api.quiverquant.com/beta/live/congresstrading
2026-06-26 15:35:02,617 [INFO] No trades returned from QuiverQuant
2026-06-26 15:40:02,385 [INFO] --- Checking trades for Markwayne Mullin ---
2026-06-26 15:40:03,159 [ERROR] Failed to fetch trades: 401 Client Error: Unauthorized for url: https://api.quiverquant.com/beta/live/congresstrading
2026-06-26 15:40:03,161 [INFO] No trades returned from QuiverQuant
2026-06-26 15:45:01,931 [INFO] --- Checking trades for Markwayne Mullin ---
2026-06-26 15:45:02,128 [ERROR] Failed to fetch trades: 401 Client Error: Unauthorized for url: https://api.quiverquant.com/beta/live/congresstrading
2026-06-26 15:45:02,130 [INFO] No trades returned from QuiverQuant
2026-06-26 15:50:01,870 [INFO] --- Checking trades for Markwayne Mullin ---
2026-06-26 15:50:02,361 [ERROR] Failed to fetch trades: 401 Client Error: Unauthorized for url: https://api.quiverquant.com/beta/live/congresstrading
2026-06-26 15:50:02,363 [INFO] No trades returned from QuiverQuant
2026-06-26 15:55:02,125 [INFO] --- Checking trades for Markwayne Mullin ---
2026-06-26 15:55:02,521 [ERROR] Failed to fetch trades: 401 Client Error: Unauthorized for url: https://api.quiverquant.com/beta/live/congresstrading
2026-06-26 15:55:02,523 [INFO] No trades returned from QuiverQuant
2026-06-29 08:00:02,843 [INFO] --- Checking trades for Markwayne Mullin ---
2026-06-29 08:00:04,622 [ERROR] Failed to fetch trades: 401 Client Error: Unauthorized for url: https://api.quiverquant.com/beta/live/congresstrading
2026-06-29 08:00:04,623 [INFO] No trades returned from QuiverQuant
2026-06-29 08:05:02,547 [INFO] --- Checking trades for Markwayne Mullin ---
2026-06-29 08:05:12,342 [ERROR] Failed to fetch trades: 401 Client Error: Unauthorized for url: https://api.quiverquant.com/beta/live/congresstrading
2026-06-29 08:05:12,344 [INFO] No trades returned from QuiverQuant
2026-06-29 08:10:02,158 [INFO] --- Checking trades for Markwayne Mullin ---
2026-06-29 08:10:02,425 [ERROR] Failed to fetch trades: 401 Client Error: Unauthorized for url: https://api.quiverquant.com/beta/live/congresstrading
2026-06-29 08:10:02,426 [INFO] No trades returned from QuiverQuant
2026-06-29 08:15:01,806 [INFO] --- Checking trades for Markwayne Mullin ---
2026-06-29 08:15:03,002 [ERROR] Failed to fetch trades: 401 Client Error: Unauthorized for url: https://api.quiverquant.com/beta/live/congresstrading
2026-06-29 08:15:03,004 [INFO] No trades returned from QuiverQuant
2026-06-29 08:20:02,360 [INFO] --- Checking trades for Markwayne Mullin ---
2026-06-29 08:20:02,621 [ERROR] Failed to fetch trades: 401 Client Error: Unauthorized for url: https://api.quiverquant.com/beta/live/congresstrading
2026-06-29 08:20:02,623 [INFO] No trades returned from QuiverQuant
2026-06-29 08:25:01,953 [INFO] --- Checking trades for Markwayne Mullin ---
2026-06-29 08:25:02,345 [ERROR] Failed to fetch trades: 401 Client Error: Unauthorized for url: https://api.quiverquant.com/beta/live/congresstrading
2026-06-29 08:25:02,346 [INFO] No trades returned from QuiverQuant
2026-06-29 08:30:02,334 [INFO] --- Checking trades for Markwayne Mullin ---
2026-06-29 08:30:04,697 [ERROR] Failed to fetch trades: 401 Client Error: Unauthorized for url: https://api.quiverquant.com/beta/live/congresstrading
2026-06-29 08:30:04,699 [INFO] No trades returned from QuiverQuant
2026-06-29 08:35:02,217 [INFO] --- Checking trades for Markwayne Mullin ---
2026-06-29 08:35:02,663 [ERROR] Failed to fetch trades: 401 Client Error: Unauthorized for url: https://api.quiverquant.com/beta/live/congresstrading
2026-06-29 08:35:02,664 [INFO] No trades returned from QuiverQuant
2026-06-29 08:40:02,745 [INFO] --- Checking trades for Markwayne Mullin ---
2026-06-29 08:40:03,661 [ERROR] Failed to fetch trades: 401 Client Error: Unauthorized for url: https://api.quiverquant.com/beta/live/congresstrading
2026-06-29 08:40:03,663 [INFO] No trades returned from QuiverQuant
2026-06-29 08:45:02,055 [INFO] --- Checking trades for Markwayne Mullin ---
2026-06-29 08:45:03,000 [ERROR] Failed to fetch trades: 401 Client Error: Unauthorized for url: https://api.quiverquant.com/beta/live/congresstrading
2026-06-29 08:45:03,002 [INFO] No trades returned from QuiverQuant
2026-06-29 08:50:02,657 [INFO] --- Checking trades for Markwayne Mullin ---
2026-06-29 08:50:03,260 [ERROR] Failed to fetch trades: 401 Client Error: Unauthorized for url: https://api.quiverquant.com/beta/live/congresstrading
2026-06-29 08:50:03,262 [INFO] No trades returned from QuiverQuant
2026-06-29 08:55:02,324 [INFO] --- Checking trades for Markwayne Mullin ---
2026-06-29 08:55:02,678 [ERROR] Failed to fetch trades: 401 Client Error: Unauthorized for url: https://api.quiverquant.com/beta/live/congresstrading
2026-06-29 08:55:02,679 [INFO] No trades returned from QuiverQuant
2026-06-29 09:00:02,404 [INFO] --- Checking trades for Markwayne Mullin ---
2026-06-29 09:00:04,996 [ERROR] Failed to fetch trades: 401 Client Error: Unauthorized for url: https://api.quiverquant.com/beta/live/congresstrading
2026-06-29 09:00:04,998 [INFO] No trades returned from QuiverQuant
2026-06-29 09:05:02,030 [INFO] --- Checking trades for Markwayne Mullin ---
2026-06-29 09:05:02,956 [ERROR] Failed to fetch trades: 401 Client Error: Unauthorized for url: https://api.quiverquant.com/beta/live/congresstrading
2026-06-29 09:05:02,957 [INFO] No trades returned from QuiverQuant
2026-06-29 09:10:02,042 [INFO] --- Checking trades for Markwayne Mullin ---
2026-06-29 09:10:02,423 [ERROR] Failed to fetch trades: 401 Client Error: Unauthorized for url: https://api.quiverquant.com/beta/live/congresstrading
2026-06-29 09:10:02,425 [INFO] No trades returned from QuiverQuant
2026-06-29 09:15:01,838 [INFO] --- Checking trades for Markwayne Mullin ---
2026-06-29 09:15:02,176 [ERROR] Failed to fetch trades: 401 Client Error: Unauthorized for url: https://api.quiverquant.com/beta/live/congresstrading
2026-06-29 09:15:02,178 [INFO] No trades returned from QuiverQuant
2026-06-29 09:20:02,294 [INFO] --- Checking trades for Markwayne Mullin ---
2026-06-29 09:20:03,565 [ERROR] Failed to fetch trades: 401 Client Error: Unauthorized for url: https://api.quiverquant.com/beta/live/congresstrading
2026-06-29 09:20:03,567 [INFO] No trades returned from QuiverQuant
2026-06-29 09:25:02,183 [INFO] --- Checking trades for Markwayne Mullin ---
2026-06-29 09:25:02,711 [ERROR] Failed to fetch trades: 401 Client Error: Unauthorized for url: https://api.quiverquant.com/beta/live/congresstrading
2026-06-29 09:25:02,712 [INFO] No trades returned from QuiverQuant
2026-06-29 09:30:02,385 [INFO] --- Checking trades for Markwayne Mullin ---
2026-06-29 09:30:02,676 [ERROR] Failed to fetch trades: 401 Client Error: Unauthorized for url: https://api.quiverquant.com/beta/live/congresstrading
2026-06-29 09:30:02,678 [INFO] No trades returned from QuiverQuant
2026-06-29 09:35:02,136 [INFO] --- Checking trades for Markwayne Mullin ---
2026-06-29 09:35:02,969 [ERROR] Failed to fetch trades: 401 Client Error: Unauthorized for url: https://api.quiverquant.com/beta/live/congresstrading
2026-06-29 09:35:02,970 [INFO] No trades returned from QuiverQuant
2026-06-29 09:40:02,299 [INFO] --- Checking trades for Markwayne Mullin ---
2026-06-29 09:40:02,604 [ERROR] Failed to fetch trades: 401 Client Error: Unauthorized for url: https://api.quiverquant.com/beta/live/congresstrading
2026-06-29 09:40:02,606 [INFO] No trades returned from QuiverQuant
2026-06-29 09:45:02,627 [INFO] --- Checking trades for Markwayne Mullin ---
2026-06-29 09:45:03,234 [ERROR] Failed to fetch trades: 401 Client Error: Unauthorized for url: https://api.quiverquant.com/beta/live/congresstrading
2026-06-29 09:45:03,236 [INFO] No trades returned from QuiverQuant
2026-06-29 09:50:02,528 [INFO] --- Checking trades for Markwayne Mullin ---
2026-06-29 09:50:04,175 [ERROR] Failed to fetch trades: 401 Client Error: Unauthorized for url: https://api.quiverquant.com/beta/live/congresstrading
2026-06-29 09:50:04,177 [INFO] No trades returned from QuiverQuant
2026-06-29 09:55:02,529 [INFO] --- Checking trades for Markwayne Mullin ---
2026-06-29 09:55:02,874 [ERROR] Failed to fetch trades: 401 Client Error: Unauthorized for url: https://api.quiverquant.com/beta/live/congresstrading
2026-06-29 09:55:02,877 [INFO] No trades returned from QuiverQuant
2026-06-29 10:00:02,474 [INFO] --- Checking trades for Markwayne Mullin ---
2026-06-29 10:00:03,708 [ERROR] Failed to fetch trades: 401 Client Error: Unauthorized for url: https://api.quiverquant.com/beta/live/congresstrading
2026-06-29 10:00:03,710 [INFO] No trades returned from QuiverQuant
2026-06-29 10:05:02,192 [INFO] --- Checking trades for Markwayne Mullin ---
2026-06-29 10:05:02,657 [ERROR] Failed to fetch trades: 401 Client Error: Unauthorized for url: https://api.quiverquant.com/beta/live/congresstrading
2026-06-29 10:05:02,659 [INFO] No trades returned from QuiverQuant
2026-06-29 10:10:02,735 [INFO] --- Checking trades for Markwayne Mullin ---
2026-06-29 10:10:03,494 [ERROR] Failed to fetch trades: 401 Client Error: Unauthorized for url: https://api.quiverquant.com/beta/live/congresstrading
2026-06-29 10:10:03,495 [INFO] No trades returned from QuiverQuant
2026-06-29 10:15:01,979 [INFO] --- Checking trades for Markwayne Mullin ---
2026-06-29 10:15:03,269 [ERROR] Failed to fetch trades: 401 Client Error: Unauthorized for url: https://api.quiverquant.com/beta/live/congresstrading
2026-06-29 10:15:03,272 [INFO] No trades returned from QuiverQuant
2026-06-29 10:20:02,511 [INFO] --- Checking trades for Markwayne Mullin ---
2026-06-29 10:20:02,767 [ERROR] Failed to fetch trades: 401 Client Error: Unauthorized for url: https://api.quiverquant.com/beta/live/congresstrading
2026-06-29 10:20:02,770 [INFO] No trades returned from QuiverQuant
2026-06-29 10:25:02,645 [INFO] --- Checking trades for Markwayne Mullin ---
2026-06-29 10:25:03,080 [ERROR] Failed to fetch trades: 401 Client Error: Unauthorized for url: https://api.quiverquant.com/beta/live/congresstrading
2026-06-29 10:25:03,082 [INFO] No trades returned from QuiverQuant
2026-06-29 10:30:02,733 [INFO] --- Checking trades for Markwayne Mullin ---
2026-06-29 10:30:03,904 [ERROR] Failed to fetch trades: 401 Client Error: Unauthorized for url: https://api.quiverquant.com/beta/live/congresstrading
2026-06-29 10:30:03,905 [INFO] No trades returned from QuiverQuant
2026-06-29 10:35:01,957 [INFO] --- Checking trades for Markwayne Mullin ---
2026-06-29 10:35:04,148 [ERROR] Failed to fetch trades: 401 Client Error: Unauthorized for url: https://api.quiverquant.com/beta/live/congresstrading
2026-06-29 10:35:04,150 [INFO] No trades returned from QuiverQuant
2026-06-29 10:40:02,289 [INFO] --- Checking trades for Markwayne Mullin ---
2026-06-29 10:40:04,078 [ERROR] Failed to fetch trades: 401 Client Error: Unauthorized for url: https://api.quiverquant.com/beta/live/congresstrading
2026-06-29 10:40:04,080 [INFO] No trades returned from QuiverQuant
2026-06-29 10:45:02,218 [INFO] --- Checking trades for Markwayne Mullin ---
2026-06-29 10:45:02,871 [ERROR] Failed to fetch trades: 401 Client Error: Unauthorized for url: https://api.quiverquant.com/beta/live/congresstrading
2026-06-29 10:45:02,873 [INFO] No trades returned from QuiverQuant
2026-06-29 10:50:02,664 [INFO] --- Checking trades for Markwayne Mullin ---
2026-06-29 10:50:03,034 [ERROR] Failed to fetch trades: 401 Client Error: Unauthorized for url: https://api.quiverquant.com/beta/live/congresstrading
2026-06-29 10:50:03,036 [INFO] No trades returned from QuiverQuant
2026-06-29 10:55:02,760 [INFO] --- Checking trades for Markwayne Mullin ---
2026-06-29 10:55:03,797 [ERROR] Failed to fetch trades: 401 Client Error: Unauthorized for url: https://api.quiverquant.com/beta/live/congresstrading
2026-06-29 10:55:03,799 [INFO] No trades returned from QuiverQuant
2026-06-29 11:00:02,486 [INFO] --- Checking trades for Markwayne Mullin ---
2026-06-29 11:00:03,620 [ERROR] Failed to fetch trades: 401 Client Error: Unauthorized for url: https://api.quiverquant.com/beta/live/congresstrading
2026-06-29 11:00:03,622 [INFO] No trades returned from QuiverQuant
2026-06-29 11:05:01,892 [INFO] --- Checking trades for Markwayne Mullin ---
2026-06-29 11:05:02,520 [ERROR] Failed to fetch trades: 401 Client Error: Unauthorized for url: https://api.quiverquant.com/beta/live/congresstrading
2026-06-29 11:05:02,522 [INFO] No trades returned from QuiverQuant
2026-06-29 11:10:01,960 [INFO] --- Checking trades for Markwayne Mullin ---
2026-06-29 11:10:03,225 [ERROR] Failed to fetch trades: 401 Client Error: Unauthorized for url: https://api.quiverquant.com/beta/live/congresstrading
2026-06-29 11:10:03,227 [INFO] No trades returned from QuiverQuant
2026-06-29 11:15:02,460 [INFO] --- Checking trades for Markwayne Mullin ---
2026-06-29 11:15:03,767 [ERROR] Failed to fetch trades: 401 Client Error: Unauthorized for url: https://api.quiverquant.com/beta/live/congresstrading
2026-06-29 11:15:03,768 [INFO] No trades returned from QuiverQuant
2026-06-29 11:20:02,813 [INFO] --- Checking trades for Markwayne Mullin ---
2026-06-29 11:20:03,682 [ERROR] Failed to fetch trades: 401 Client Error: Unauthorized for url: https://api.quiverquant.com/beta/live/congresstrading
2026-06-29 11:20:03,684 [INFO] No trades returned from QuiverQuant
2026-06-29 11:25:01,900 [INFO] --- Checking trades for Markwayne Mullin ---
2026-06-29 11:25:02,574 [ERROR] Failed to fetch trades: 401 Client Error: Unauthorized for url: https://api.quiverquant.com/beta/live/congresstrading
2026-06-29 11:25:02,576 [INFO] No trades returned from QuiverQuant
2026-06-29 11:30:02,706 [INFO] --- Checking trades for Markwayne Mullin ---
2026-06-29 11:30:04,298 [ERROR] Failed to fetch trades: 401 Client Error: Unauthorized for url: https://api.quiverquant.com/beta/live/congresstrading
2026-06-29 11:30:04,301 [INFO] No trades returned from QuiverQuant
2026-06-29 11:35:01,938 [INFO] --- Checking trades for Markwayne Mullin ---
2026-06-29 11:35:03,233 [ERROR] Failed to fetch trades: 401 Client Error: Unauthorized for url: https://api.quiverquant.com/beta/live/congresstrading
2026-06-29 11:35:03,235 [INFO] No trades returned from QuiverQuant
2026-06-29 11:40:01,968 [INFO] --- Checking trades for Markwayne Mullin ---
2026-06-29 11:40:04,628 [ERROR] Failed to fetch trades: 401 Client Error: Unauthorized for url: https://api.quiverquant.com/beta/live/congresstrading
2026-06-29 11:40:04,630 [INFO] No trades returned from QuiverQuant
2026-06-29 11:45:02,217 [INFO] --- Checking trades for Markwayne Mullin ---
2026-06-29 11:45:03,070 [ERROR] Failed to fetch trades: 401 Client Error: Unauthorized for url: https://api.quiverquant.com/beta/live/congresstrading
2026-06-29 11:45:03,072 [INFO] No trades returned from QuiverQuant
2026-06-29 11:50:02,748 [INFO] --- Checking trades for Markwayne Mullin ---
2026-06-29 11:50:03,451 [ERROR] Failed to fetch trades: 401 Client Error: Unauthorized for url: https://api.quiverquant.com/beta/live/congresstrading
2026-06-29 11:50:03,453 [INFO] No trades returned from QuiverQuant
2026-06-29 11:55:02,235 [INFO] --- Checking trades for Markwayne Mullin ---
2026-06-29 11:55:03,315 [ERROR] Failed to fetch trades: 401 Client Error: Unauthorized for url: https://api.quiverquant.com/beta/live/congresstrading
2026-06-29 11:55:03,317 [INFO] No trades returned from QuiverQuant
2026-06-29 12:00:02,642 [INFO] --- Checking trades for Markwayne Mullin ---
2026-06-29 12:00:02,937 [ERROR] Failed to fetch trades: 401 Client Error: Unauthorized for url: https://api.quiverquant.com/beta/live/congresstrading
2026-06-29 12:00:02,939 [INFO] No trades returned from QuiverQuant
2026-06-29 12:05:01,849 [INFO] --- Checking trades for Markwayne Mullin ---
2026-06-29 12:05:02,282 [ERROR] Failed to fetch trades: 401 Client Error: Unauthorized for url: https://api.quiverquant.com/beta/live/congresstrading
2026-06-29 12:05:02,283 [INFO] No trades returned from QuiverQuant
2026-06-29 12:10:02,293 [INFO] --- Checking trades for Markwayne Mullin ---
2026-06-29 12:10:02,817 [ERROR] Failed to fetch trades: 401 Client Error: Unauthorized for url: https://api.quiverquant.com/beta/live/congresstrading
2026-06-29 12:10:02,819 [INFO] No trades returned from QuiverQuant
2026-06-29 12:15:02,419 [INFO] --- Checking trades for Markwayne Mullin ---
2026-06-29 12:15:02,880 [ERROR] Failed to fetch trades: 401 Client Error: Unauthorized for url: https://api.quiverquant.com/beta/live/congresstrading
2026-06-29 12:15:02,881 [INFO] No trades returned from QuiverQuant
2026-06-29 12:20:01,882 [INFO] --- Checking trades for Markwayne Mullin ---
2026-06-29 12:20:02,618 [ERROR] Failed to fetch trades: 401 Client Error: Unauthorized for url: https://api.quiverquant.com/beta/live/congresstrading
2026-06-29 12:20:02,620 [INFO] No trades returned from QuiverQuant
2026-06-29 12:25:02,664 [INFO] --- Checking trades for Markwayne Mullin ---
2026-06-29 12:25:03,259 [ERROR] Failed to fetch trades: 401 Client Error: Unauthorized for url: https://api.quiverquant.com/beta/live/congresstrading
2026-06-29 12:25:03,260 [INFO] No trades returned from QuiverQuant
2026-06-29 12:30:02,698 [INFO] --- Checking trades for Markwayne Mullin ---
2026-06-29 12:30:03,613 [ERROR] Failed to fetch trades: 401 Client Error: Unauthorized for url: https://api.quiverquant.com/beta/live/congresstrading
2026-06-29 12:30:03,614 [INFO] No trades returned from QuiverQuant
2026-06-29 12:35:01,941 [INFO] --- Checking trades for Markwayne Mullin ---
2026-06-29 12:35:03,554 [ERROR] Failed to fetch trades: 401 Client Error: Unauthorized for url: https://api.quiverquant.com/beta/live/congresstrading
2026-06-29 12:35:03,556 [INFO] No trades returned from QuiverQuant
2026-06-29 12:40:01,986 [INFO] --- Checking trades for Markwayne Mullin ---
2026-06-29 12:40:02,289 [ERROR] Failed to fetch trades: 401 Client Error: Unauthorized for url: https://api.quiverquant.com/beta/live/congresstrading
2026-06-29 12:40:02,291 [INFO] No trades returned from QuiverQuant
2026-06-29 12:45:02,026 [INFO] --- Checking trades for Markwayne Mullin ---
2026-06-29 12:45:02,947 [ERROR] Failed to fetch trades: 401 Client Error: Unauthorized for url: https://api.quiverquant.com/beta/live/congresstrading
2026-06-29 12:45:02,949 [INFO] No trades returned from QuiverQuant
2026-06-29 12:50:01,999 [INFO] --- Checking trades for Markwayne Mullin ---
2026-06-29 12:50:02,983 [ERROR] Failed to fetch trades: 401 Client Error: Unauthorized for url: https://api.quiverquant.com/beta/live/congresstrading
2026-06-29 12:50:02,985 [INFO] No trades returned from QuiverQuant
2026-06-29 12:55:02,057 [INFO] --- Checking trades for Markwayne Mullin ---
2026-06-29 12:55:03,352 [ERROR] Failed to fetch trades: 401 Client Error: Unauthorized for url: https://api.quiverquant.com/beta/live/congresstrading
2026-06-29 12:55:03,354 [INFO] No trades returned from QuiverQuant
2026-06-29 13:00:01,897 [INFO] --- Checking trades for Markwayne Mullin ---
2026-06-29 13:00:04,631 [ERROR] Failed to fetch trades: 401 Client Error: Unauthorized for url: https://api.quiverquant.com/beta/live/congresstrading
2026-06-29 13:00:04,633 [INFO] No trades returned from QuiverQuant
2026-06-29 13:05:02,568 [INFO] --- Checking trades for Markwayne Mullin ---
2026-06-29 13:05:02,833 [ERROR] Failed to fetch trades: 401 Client Error: Unauthorized for url: https://api.quiverquant.com/beta/live/congresstrading
2026-06-29 13:05:02,834 [INFO] No trades returned from QuiverQuant
2026-06-29 13:10:02,611 [INFO] --- Checking trades for Markwayne Mullin ---
2026-06-29 13:10:02,871 [ERROR] Failed to fetch trades: 401 Client Error: Unauthorized for url: https://api.quiverquant.com/beta/live/congresstrading
2026-06-29 13:10:02,872 [INFO] No trades returned from QuiverQuant
2026-06-29 13:15:01,852 [INFO] --- Checking trades for Markwayne Mullin ---
2026-06-29 13:15:02,057 [ERROR] Failed to fetch trades: 401 Client Error: Unauthorized for url: https://api.quiverquant.com/beta/live/congresstrading
2026-06-29 13:15:02,058 [INFO] No trades returned from QuiverQuant
2026-06-29 13:20:02,692 [INFO] --- Checking trades for Markwayne Mullin ---
2026-06-29 13:20:03,749 [ERROR] Failed to fetch trades: 401 Client Error: Unauthorized for url: https://api.quiverquant.com/beta/live/congresstrading
2026-06-29 13:20:03,750 [INFO] No trades returned from QuiverQuant
2026-06-29 13:25:02,433 [INFO] --- Checking trades for Markwayne Mullin ---
2026-06-29 13:25:02,703 [ERROR] Failed to fetch trades: 401 Client Error: Unauthorized for url: https://api.quiverquant.com/beta/live/congresstrading
2026-06-29 13:25:02,704 [INFO] No trades returned from QuiverQuant
2026-06-29 13:30:02,397 [INFO] --- Checking trades for Markwayne Mullin ---
2026-06-29 13:30:04,305 [ERROR] Failed to fetch trades: 401 Client Error: Unauthorized for url: https://api.quiverquant.com/beta/live/congresstrading
2026-06-29 13:30:04,308 [INFO] No trades returned from QuiverQuant
2026-06-29 13:35:02,211 [INFO] --- Checking trades for Markwayne Mullin ---
2026-06-29 13:35:04,914 [ERROR] Failed to fetch trades: 401 Client Error: Unauthorized for url: https://api.quiverquant.com/beta/live/congresstrading
2026-06-29 13:35:04,916 [INFO] No trades returned from QuiverQuant
2026-06-29 13:40:02,140 [INFO] --- Checking trades for Markwayne Mullin ---
2026-06-29 13:40:02,984 [ERROR] Failed to fetch trades: 401 Client Error: Unauthorized for url: https://api.quiverquant.com/beta/live/congresstrading
2026-06-29 13:40:02,987 [INFO] No trades returned from QuiverQuant
2026-06-29 13:45:01,829 [INFO] --- Checking trades for Markwayne Mullin ---
2026-06-29 13:45:02,290 [ERROR] Failed to fetch trades: 401 Client Error: Unauthorized for url: https://api.quiverquant.com/beta/live/congresstrading
2026-06-29 13:45:02,292 [INFO] No trades returned from QuiverQuant
2026-06-29 13:50:02,129 [INFO] --- Checking trades for Markwayne Mullin ---
2026-06-29 13:50:03,645 [ERROR] Failed to fetch trades: 401 Client Error: Unauthorized for url: https://api.quiverquant.com/beta/live/congresstrading
2026-06-29 13:50:03,647 [INFO] No trades returned from QuiverQuant
2026-06-29 13:55:02,523 [INFO] --- Checking trades for Markwayne Mullin ---
2026-06-29 13:55:03,299 [ERROR] Failed to fetch trades: 401 Client Error: Unauthorized for url: https://api.quiverquant.com/beta/live/congresstrading
2026-06-29 13:55:03,301 [INFO] No trades returned from QuiverQuant
2026-06-29 14:00:02,314 [INFO] --- Checking trades for Markwayne Mullin ---
2026-06-29 14:00:03,891 [ERROR] Failed to fetch trades: 401 Client Error: Unauthorized for url: https://api.quiverquant.com/beta/live/congresstrading
2026-06-29 14:00:03,893 [INFO] No trades returned from QuiverQuant
2026-06-29 14:05:02,255 [INFO] --- Checking trades for Markwayne Mullin ---
2026-06-29 14:05:03,325 [ERROR] Failed to fetch trades: 401 Client Error: Unauthorized for url: https://api.quiverquant.com/beta/live/congresstrading
2026-06-29 14:05:03,327 [INFO] No trades returned from QuiverQuant
2026-06-29 14:10:01,896 [INFO] --- Checking trades for Markwayne Mullin ---
2026-06-29 14:10:03,480 [ERROR] Failed to fetch trades: 401 Client Error: Unauthorized for url: https://api.quiverquant.com/beta/live/congresstrading
2026-06-29 14:10:03,482 [INFO] No trades returned from QuiverQuant
2026-06-29 14:15:02,447 [INFO] --- Checking trades for Markwayne Mullin ---
2026-06-29 14:15:14,630 [ERROR] Failed to fetch trades: 401 Client Error: Unauthorized for url: https://api.quiverquant.com/beta/live/congresstrading
2026-06-29 14:15:14,633 [INFO] No trades returned from QuiverQuant
2026-06-29 14:20:02,241 [INFO] --- Checking trades for Markwayne Mullin ---
2026-06-29 14:20:17,384 [ERROR] Failed to fetch trades: HTTPSConnectionPool(host='api.quiverquant.com', port=443): Read timed out. (read timeout=15)
2026-06-29 14:20:17,385 [INFO] No trades returned from QuiverQuant
2026-06-29 14:25:02,346 [INFO] --- Checking trades for Markwayne Mullin ---
2026-06-29 14:25:17,508 [ERROR] Failed to fetch trades: HTTPSConnectionPool(host='api.quiverquant.com', port=443): Read timed out. (read timeout=15)
2026-06-29 14:25:17,509 [INFO] No trades returned from QuiverQuant
2026-06-29 14:30:02,351 [INFO] --- Checking trades for Markwayne Mullin ---
2026-06-29 14:30:03,710 [ERROR] Failed to fetch trades: 401 Client Error: Unauthorized for url: https://api.quiverquant.com/beta/live/congresstrading
2026-06-29 14:30:03,710 [INFO] No trades returned from QuiverQuant
2026-06-29 14:35:02,383 [INFO] --- Checking trades for Markwayne Mullin ---
2026-06-29 14:35:02,900 [ERROR] Failed to fetch trades: 401 Client Error: Unauthorized for url: https://api.quiverquant.com/beta/live/congresstrading
2026-06-29 14:35:02,901 [INFO] No trades returned from QuiverQuant
2026-06-29 14:40:02,125 [INFO] --- Checking trades for Markwayne Mullin ---
2026-06-29 14:40:04,285 [ERROR] Failed to fetch trades: 401 Client Error: Unauthorized for url: https://api.quiverquant.com/beta/live/congresstrading
2026-06-29 14:40:04,287 [INFO] No trades returned from QuiverQuant
2026-06-29 14:45:02,577 [INFO] --- Checking trades for Markwayne Mullin ---
2026-06-29 14:45:05,012 [ERROR] Failed to fetch trades: 401 Client Error: Unauthorized for url: https://api.quiverquant.com/beta/live/congresstrading
2026-06-29 14:45:05,014 [INFO] No trades returned from QuiverQuant
2026-06-29 14:50:01,820 [INFO] --- Checking trades for Markwayne Mullin ---
2026-06-29 14:50:03,046 [ERROR] Failed to fetch trades: 401 Client Error: Unauthorized for url: https://api.quiverquant.com/beta/live/congresstrading
2026-06-29 14:50:03,048 [INFO] No trades returned from QuiverQuant
2026-06-29 14:55:01,894 [INFO] --- Checking trades for Markwayne Mullin ---
2026-06-29 14:55:02,836 [ERROR] Failed to fetch trades: 401 Client Error: Unauthorized for url: https://api.quiverquant.com/beta/live/congresstrading
2026-06-29 14:55:02,838 [INFO] No trades returned from QuiverQuant
2026-06-29 15:00:02,725 [INFO] --- Checking trades for Markwayne Mullin ---
2026-06-29 15:00:06,524 [ERROR] Failed to fetch trades: 401 Client Error: Unauthorized for url: https://api.quiverquant.com/beta/live/congresstrading
2026-06-29 15:00:06,527 [INFO] No trades returned from QuiverQuant
2026-06-29 15:05:02,376 [INFO] --- Checking trades for Markwayne Mullin ---
2026-06-29 15:05:03,382 [ERROR] Failed to fetch trades: 401 Client Error: Unauthorized for url: https://api.quiverquant.com/beta/live/congresstrading
2026-06-29 15:05:03,384 [INFO] No trades returned from QuiverQuant
2026-06-29 15:10:02,250 [INFO] --- Checking trades for Markwayne Mullin ---
2026-06-29 15:10:03,484 [ERROR] Failed to fetch trades: 401 Client Error: Unauthorized for url: https://api.quiverquant.com/beta/live/congresstrading
2026-06-29 15:10:03,487 [INFO] No trades returned from QuiverQuant
2026-06-29 15:15:02,367 [INFO] --- Checking trades for Markwayne Mullin ---
2026-06-29 15:15:02,824 [ERROR] Failed to fetch trades: 401 Client Error: Unauthorized for url: https://api.quiverquant.com/beta/live/congresstrading
2026-06-29 15:15:02,826 [INFO] No trades returned from QuiverQuant
2026-06-29 15:20:02,687 [INFO] --- Checking trades for Markwayne Mullin ---
2026-06-29 15:20:03,181 [ERROR] Failed to fetch trades: 401 Client Error: Unauthorized for url: https://api.quiverquant.com/beta/live/congresstrading
2026-06-29 15:20:03,183 [INFO] No trades returned from QuiverQuant
2026-06-29 15:25:02,043 [INFO] --- Checking trades for Markwayne Mullin ---
2026-06-29 15:25:02,351 [ERROR] Failed to fetch trades: 401 Client Error: Unauthorized for url: https://api.quiverquant.com/beta/live/congresstrading
2026-06-29 15:25:02,353 [INFO] No trades returned from QuiverQuant
2026-06-29 15:30:02,234 [INFO] --- Checking trades for Markwayne Mullin ---
2026-06-29 15:30:03,444 [ERROR] Failed to fetch trades: 401 Client Error: Unauthorized for url: https://api.quiverquant.com/beta/live/congresstrading
2026-06-29 15:30:03,447 [INFO] No trades returned from QuiverQuant
2026-06-29 15:35:02,376 [INFO] --- Checking trades for Markwayne Mullin ---
2026-06-29 15:35:03,176 [ERROR] Failed to fetch trades: 401 Client Error: Unauthorized for url: https://api.quiverquant.com/beta/live/congresstrading
2026-06-29 15:35:03,179 [INFO] No trades returned from QuiverQuant
2026-06-29 15:40:02,019 [INFO] --- Checking trades for Markwayne Mullin ---
2026-06-29 15:40:02,580 [ERROR] Failed to fetch trades: 401 Client Error: Unauthorized for url: https://api.quiverquant.com/beta/live/congresstrading
2026-06-29 15:40:02,582 [INFO] No trades returned from QuiverQuant
2026-06-29 15:45:02,448 [INFO] --- Checking trades for Markwayne Mullin ---
2026-06-29 15:45:03,431 [ERROR] Failed to fetch trades: 401 Client Error: Unauthorized for url: https://api.quiverquant.com/beta/live/congresstrading
2026-06-29 15:45:03,434 [INFO] No trades returned from QuiverQuant
2026-06-29 15:50:02,302 [INFO] --- Checking trades for Markwayne Mullin ---
2026-06-29 15:50:02,627 [ERROR] Failed to fetch trades: 401 Client Error: Unauthorized for url: https://api.quiverquant.com/beta/live/congresstrading
2026-06-29 15:50:02,629 [INFO] No trades returned from QuiverQuant
2026-06-29 15:55:02,481 [INFO] --- Checking trades for Markwayne Mullin ---
2026-06-29 15:55:02,857 [ERROR] Failed to fetch trades: 401 Client Error: Unauthorized for url: https://api.quiverquant.com/beta/live/congresstrading
2026-06-29 15:55:02,860 [INFO] No trades returned from QuiverQuant
2026-06-30 08:00:02,765 [INFO] --- Checking trades for Markwayne Mullin ---
2026-06-30 08:00:03,736 [ERROR] Failed to fetch trades: 401 Client Error: Unauthorized for url: https://api.quiverquant.com/beta/live/congresstrading
2026-06-30 08:00:03,738 [INFO] No trades returned from QuiverQuant
2026-06-30 08:05:02,172 [INFO] --- Checking trades for Markwayne Mullin ---
2026-06-30 08:05:03,839 [ERROR] Failed to fetch trades: 401 Client Error: Unauthorized for url: https://api.quiverquant.com/beta/live/congresstrading
2026-06-30 08:05:03,841 [INFO] No trades returned from QuiverQuant
2026-06-30 08:10:02,477 [INFO] --- Checking trades for Markwayne Mullin ---
2026-06-30 08:10:03,051 [ERROR] Failed to fetch trades: 401 Client Error: Unauthorized for url: https://api.quiverquant.com/beta/live/congresstrading
2026-06-30 08:10:03,052 [INFO] No trades returned from QuiverQuant
2026-06-30 08:15:01,914 [INFO] --- Checking trades for Markwayne Mullin ---
2026-06-30 08:15:02,287 [ERROR] Failed to fetch trades: 401 Client Error: Unauthorized for url: https://api.quiverquant.com/beta/live/congresstrading
2026-06-30 08:15:02,288 [INFO] No trades returned from QuiverQuant
2026-06-30 08:20:02,351 [INFO] --- Checking trades for Markwayne Mullin ---
2026-06-30 08:20:03,809 [ERROR] Failed to fetch trades: 401 Client Error: Unauthorized for url: https://api.quiverquant.com/beta/live/congresstrading
2026-06-30 08:20:03,810 [INFO] No trades returned from QuiverQuant
2026-06-30 08:25:02,542 [INFO] --- Checking trades for Markwayne Mullin ---
2026-06-30 08:25:02,845 [ERROR] Failed to fetch trades: 401 Client Error: Unauthorized for url: https://api.quiverquant.com/beta/live/congresstrading
2026-06-30 08:25:02,846 [INFO] No trades returned from QuiverQuant
2026-06-30 08:30:02,024 [INFO] --- Checking trades for Markwayne Mullin ---
2026-06-30 08:30:03,904 [ERROR] Failed to fetch trades: 401 Client Error: Unauthorized for url: https://api.quiverquant.com/beta/live/congresstrading
2026-06-30 08:30:03,907 [INFO] No trades returned from QuiverQuant
2026-06-30 08:35:01,829 [INFO] --- Checking trades for Markwayne Mullin ---
2026-06-30 08:35:02,776 [ERROR] Failed to fetch trades: 401 Client Error: Unauthorized for url: https://api.quiverquant.com/beta/live/congresstrading
2026-06-30 08:35:02,777 [INFO] No trades returned from QuiverQuant
2026-06-30 08:40:02,489 [INFO] --- Checking trades for Markwayne Mullin ---
2026-06-30 08:40:02,959 [ERROR] Failed to fetch trades: 401 Client Error: Unauthorized for url: https://api.quiverquant.com/beta/live/congresstrading
2026-06-30 08:40:02,961 [INFO] No trades returned from QuiverQuant
2026-06-30 08:45:02,382 [INFO] --- Checking trades for Markwayne Mullin ---
2026-06-30 08:45:02,660 [ERROR] Failed to fetch trades: 401 Client Error: Unauthorized for url: https://api.quiverquant.com/beta/live/congresstrading
2026-06-30 08:45:02,662 [INFO] No trades returned from QuiverQuant
2026-06-30 08:50:02,679 [INFO] --- Checking trades for Markwayne Mullin ---
2026-06-30 08:50:02,972 [ERROR] Failed to fetch trades: 401 Client Error: Unauthorized for url: https://api.quiverquant.com/beta/live/congresstrading
2026-06-30 08:50:02,973 [INFO] No trades returned from QuiverQuant
2026-06-30 08:55:02,008 [INFO] --- Checking trades for Markwayne Mullin ---
2026-06-30 08:55:03,803 [ERROR] Failed to fetch trades: 401 Client Error: Unauthorized for url: https://api.quiverquant.com/beta/live/congresstrading
2026-06-30 08:55:03,805 [INFO] No trades returned from QuiverQuant
2026-06-30 09:00:02,345 [INFO] --- Checking trades for Markwayne Mullin ---
2026-06-30 09:00:03,677 [ERROR] Failed to fetch trades: 401 Client Error: Unauthorized for url: https://api.quiverquant.com/beta/live/congresstrading
2026-06-30 09:00:03,679 [INFO] No trades returned from QuiverQuant
2026-06-30 09:05:02,261 [INFO] --- Checking trades for Markwayne Mullin ---
2026-06-30 09:05:02,896 [ERROR] Failed to fetch trades: 401 Client Error: Unauthorized for url: https://api.quiverquant.com/beta/live/congresstrading
2026-06-30 09:05:02,898 [INFO] No trades returned from QuiverQuant
2026-06-30 09:10:02,103 [INFO] --- Checking trades for Markwayne Mullin ---
2026-06-30 09:10:03,930 [ERROR] Failed to fetch trades: 401 Client Error: Unauthorized for url: https://api.quiverquant.com/beta/live/congresstrading
2026-06-30 09:10:03,931 [INFO] No trades returned from QuiverQuant
2026-06-30 09:15:02,091 [INFO] --- Checking trades for Markwayne Mullin ---
2026-06-30 09:15:02,919 [ERROR] Failed to fetch trades: 401 Client Error: Unauthorized for url: https://api.quiverquant.com/beta/live/congresstrading
2026-06-30 09:15:02,921 [INFO] No trades returned from QuiverQuant
2026-06-30 09:20:01,801 [INFO] --- Checking trades for Markwayne Mullin ---
2026-06-30 09:20:02,952 [ERROR] Failed to fetch trades: 401 Client Error: Unauthorized for url: https://api.quiverquant.com/beta/live/congresstrading
2026-06-30 09:20:02,954 [INFO] No trades returned from QuiverQuant
2026-06-30 09:25:01,922 [INFO] --- Checking trades for Markwayne Mullin ---
2026-06-30 09:25:02,348 [ERROR] Failed to fetch trades: 401 Client Error: Unauthorized for url: https://api.quiverquant.com/beta/live/congresstrading
2026-06-30 09:25:02,350 [INFO] No trades returned from QuiverQuant
2026-06-30 09:30:01,893 [INFO] --- Checking trades for Markwayne Mullin ---
2026-06-30 09:30:02,152 [ERROR] Failed to fetch trades: 401 Client Error: Unauthorized for url: https://api.quiverquant.com/beta/live/congresstrading
2026-06-30 09:30:02,154 [INFO] No trades returned from QuiverQuant
2026-06-30 09:35:02,695 [INFO] --- Checking trades for Markwayne Mullin ---
2026-06-30 09:35:04,864 [ERROR] Failed to fetch trades: 401 Client Error: Unauthorized for url: https://api.quiverquant.com/beta/live/congresstrading
2026-06-30 09:35:04,865 [INFO] No trades returned from QuiverQuant
2026-06-30 09:40:02,005 [INFO] --- Checking trades for Markwayne Mullin ---
2026-06-30 09:40:03,309 [ERROR] Failed to fetch trades: 401 Client Error: Unauthorized for url: https://api.quiverquant.com/beta/live/congresstrading
2026-06-30 09:40:03,311 [INFO] No trades returned from QuiverQuant
2026-06-30 09:45:02,666 [INFO] --- Checking trades for Markwayne Mullin ---
2026-06-30 09:45:03,692 [ERROR] Failed to fetch trades: 401 Client Error: Unauthorized for url: https://api.quiverquant.com/beta/live/congresstrading
2026-06-30 09:45:03,693 [INFO] No trades returned from QuiverQuant
2026-06-30 09:50:02,484 [INFO] --- Checking trades for Markwayne Mullin ---
2026-06-30 09:50:02,707 [ERROR] Failed to fetch trades: 401 Client Error: Unauthorized for url: https://api.quiverquant.com/beta/live/congresstrading
2026-06-30 09:50:02,709 [INFO] No trades returned from QuiverQuant
2026-06-30 09:55:02,256 [INFO] --- Checking trades for Markwayne Mullin ---
2026-06-30 09:55:02,570 [ERROR] Failed to fetch trades: 401 Client Error: Unauthorized for url: https://api.quiverquant.com/beta/live/congresstrading
2026-06-30 09:55:02,571 [INFO] No trades returned from QuiverQuant
2026-06-30 10:00:02,683 [INFO] --- Checking trades for Markwayne Mullin ---
2026-06-30 10:00:05,221 [ERROR] Failed to fetch trades: 401 Client Error: Unauthorized for url: https://api.quiverquant.com/beta/live/congresstrading
2026-06-30 10:00:05,223 [INFO] No trades returned from QuiverQuant
2026-06-30 10:05:01,909 [INFO] --- Checking trades for Markwayne Mullin ---
2026-06-30 10:05:02,766 [ERROR] Failed to fetch trades: 401 Client Error: Unauthorized for url: https://api.quiverquant.com/beta/live/congresstrading
2026-06-30 10:05:02,768 [INFO] No trades returned from QuiverQuant
2026-06-30 10:10:02,260 [INFO] --- Checking trades for Markwayne Mullin ---
2026-06-30 10:10:02,981 [ERROR] Failed to fetch trades: 401 Client Error: Unauthorized for url: https://api.quiverquant.com/beta/live/congresstrading
2026-06-30 10:10:02,983 [INFO] No trades returned from QuiverQuant
2026-06-30 10:15:02,497 [INFO] --- Checking trades for Markwayne Mullin ---
2026-06-30 10:15:02,786 [ERROR] Failed to fetch trades: 401 Client Error: Unauthorized for url: https://api.quiverquant.com/beta/live/congresstrading
2026-06-30 10:15:02,788 [INFO] No trades returned from QuiverQuant
2026-06-30 10:20:01,945 [INFO] --- Checking trades for Markwayne Mullin ---
2026-06-30 10:20:02,604 [ERROR] Failed to fetch trades: 401 Client Error: Unauthorized for url: https://api.quiverquant.com/beta/live/congresstrading
2026-06-30 10:20:02,606 [INFO] No trades returned from QuiverQuant
2026-06-30 10:25:01,859 [INFO] --- Checking trades for Markwayne Mullin ---
2026-06-30 10:25:02,605 [ERROR] Failed to fetch trades: 401 Client Error: Unauthorized for url: https://api.quiverquant.com/beta/live/congresstrading
2026-06-30 10:25:02,606 [INFO] No trades returned from QuiverQuant
2026-06-30 10:30:01,833 [INFO] --- Checking trades for Markwayne Mullin ---
2026-06-30 10:30:02,293 [ERROR] Failed to fetch trades: 401 Client Error: Unauthorized for url: https://api.quiverquant.com/beta/live/congresstrading
2026-06-30 10:30:02,294 [INFO] No trades returned from QuiverQuant
2026-06-30 10:35:01,840 [INFO] --- Checking trades for Markwayne Mullin ---
2026-06-30 10:35:03,462 [ERROR] Failed to fetch trades: 401 Client Error: Unauthorized for url: https://api.quiverquant.com/beta/live/congresstrading
2026-06-30 10:35:03,463 [INFO] No trades returned from QuiverQuant
2026-06-30 10:40:02,002 [INFO] --- Checking trades for Markwayne Mullin ---
2026-06-30 10:40:03,360 [ERROR] Failed to fetch trades: 401 Client Error: Unauthorized for url: https://api.quiverquant.com/beta/live/congresstrading
2026-06-30 10:40:03,362 [INFO] No trades returned from QuiverQuant
2026-06-30 10:45:02,706 [INFO] --- Checking trades for Markwayne Mullin ---
2026-06-30 10:45:03,235 [ERROR] Failed to fetch trades: 401 Client Error: Unauthorized for url: https://api.quiverquant.com/beta/live/congresstrading
2026-06-30 10:45:03,237 [INFO] No trades returned from QuiverQuant
2026-06-30 10:50:02,710 [INFO] --- Checking trades for Markwayne Mullin ---
2026-06-30 10:50:03,818 [ERROR] Failed to fetch trades: 401 Client Error: Unauthorized for url: https://api.quiverquant.com/beta/live/congresstrading
2026-06-30 10:50:03,820 [INFO] No trades returned from QuiverQuant
2026-06-30 10:55:02,528 [INFO] --- Checking trades for Markwayne Mullin ---
2026-06-30 10:55:02,853 [ERROR] Failed to fetch trades: 401 Client Error: Unauthorized for url: https://api.quiverquant.com/beta/live/congresstrading
2026-06-30 10:55:02,855 [INFO] No trades returned from QuiverQuant
2026-06-30 11:00:02,766 [INFO] --- Checking trades for Markwayne Mullin ---
2026-06-30 11:00:05,538 [ERROR] Failed to fetch trades: 401 Client Error: Unauthorized for url: https://api.quiverquant.com/beta/live/congresstrading
2026-06-30 11:00:05,540 [INFO] No trades returned from QuiverQuant
2026-06-30 11:05:02,631 [INFO] --- Checking trades for Markwayne Mullin ---
2026-06-30 11:05:03,437 [ERROR] Failed to fetch trades: 401 Client Error: Unauthorized for url: https://api.quiverquant.com/beta/live/congresstrading
2026-06-30 11:05:03,438 [INFO] No trades returned from QuiverQuant
2026-06-30 11:10:02,455 [INFO] --- Checking trades for Markwayne Mullin ---
2026-06-30 11:10:02,792 [ERROR] Failed to fetch trades: 401 Client Error: Unauthorized for url: https://api.quiverquant.com/beta/live/congresstrading
2026-06-30 11:10:02,794 [INFO] No trades returned from QuiverQuant
2026-06-30 11:15:02,118 [INFO] --- Checking trades for Markwayne Mullin ---
2026-06-30 11:15:03,311 [ERROR] Failed to fetch trades: 401 Client Error: Unauthorized for url: https://api.quiverquant.com/beta/live/congresstrading
2026-06-30 11:15:03,313 [INFO] No trades returned from QuiverQuant
2026-06-30 11:20:02,728 [INFO] --- Checking trades for Markwayne Mullin ---
2026-06-30 11:20:04,396 [ERROR] Failed to fetch trades: 401 Client Error: Unauthorized for url: https://api.quiverquant.com/beta/live/congresstrading
2026-06-30 11:20:04,398 [INFO] No trades returned from QuiverQuant
2026-06-30 11:25:02,522 [INFO] --- Checking trades for Markwayne Mullin ---
2026-06-30 11:25:03,084 [ERROR] Failed to fetch trades: 401 Client Error: Unauthorized for url: https://api.quiverquant.com/beta/live/congresstrading
2026-06-30 11:25:03,085 [INFO] No trades returned from QuiverQuant
2026-06-30 11:30:02,234 [INFO] --- Checking trades for Markwayne Mullin ---
2026-06-30 11:30:02,797 [ERROR] Failed to fetch trades: 401 Client Error: Unauthorized for url: https://api.quiverquant.com/beta/live/congresstrading
2026-06-30 11:30:02,799 [INFO] No trades returned from QuiverQuant
2026-06-30 11:35:02,251 [INFO] --- Checking trades for Markwayne Mullin ---
2026-06-30 11:35:03,828 [ERROR] Failed to fetch trades: 401 Client Error: Unauthorized for url: https://api.quiverquant.com/beta/live/congresstrading
2026-06-30 11:35:03,830 [INFO] No trades returned from QuiverQuant
2026-06-30 11:40:02,352 [INFO] --- Checking trades for Markwayne Mullin ---
2026-06-30 11:40:03,624 [ERROR] Failed to fetch trades: 401 Client Error: Unauthorized for url: https://api.quiverquant.com/beta/live/congresstrading
2026-06-30 11:40:03,625 [INFO] No trades returned from QuiverQuant
2026-06-30 11:45:02,160 [INFO] --- Checking trades for Markwayne Mullin ---
2026-06-30 11:45:02,476 [ERROR] Failed to fetch trades: 401 Client Error: Unauthorized for url: https://api.quiverquant.com/beta/live/congresstrading
2026-06-30 11:45:02,478 [INFO] No trades returned from QuiverQuant
2026-06-30 11:50:02,702 [INFO] --- Checking trades for Markwayne Mullin ---
2026-06-30 11:50:02,943 [ERROR] Failed to fetch trades: 401 Client Error: Unauthorized for url: https://api.quiverquant.com/beta/live/congresstrading
2026-06-30 11:50:02,945 [INFO] No trades returned from QuiverQuant
2026-06-30 11:55:02,353 [INFO] --- Checking trades for Markwayne Mullin ---
2026-06-30 11:55:02,754 [ERROR] Failed to fetch trades: 401 Client Error: Unauthorized for url: https://api.quiverquant.com/beta/live/congresstrading
2026-06-30 11:55:02,755 [INFO] No trades returned from QuiverQuant
2026-06-30 12:00:02,371 [INFO] --- Checking trades for Markwayne Mullin ---
2026-06-30 12:00:04,180 [ERROR] Failed to fetch trades: 401 Client Error: Unauthorized for url: https://api.quiverquant.com/beta/live/congresstrading
2026-06-30 12:00:04,182 [INFO] No trades returned from QuiverQuant
2026-06-30 12:05:02,592 [INFO] --- Checking trades for Markwayne Mullin ---
2026-06-30 12:05:03,619 [ERROR] Failed to fetch trades: 401 Client Error: Unauthorized for url: https://api.quiverquant.com/beta/live/congresstrading
2026-06-30 12:05:03,621 [INFO] No trades returned from QuiverQuant
2026-06-30 12:10:01,835 [INFO] --- Checking trades for Markwayne Mullin ---
2026-06-30 12:10:02,626 [ERROR] Failed to fetch trades: 401 Client Error: Unauthorized for url: https://api.quiverquant.com/beta/live/congresstrading
2026-06-30 12:10:02,628 [INFO] No trades returned from QuiverQuant
2026-06-30 12:15:02,691 [INFO] --- Checking trades for Markwayne Mullin ---
2026-06-30 12:15:03,105 [ERROR] Failed to fetch trades: 401 Client Error: Unauthorized for url: https://api.quiverquant.com/beta/live/congresstrading
2026-06-30 12:15:03,108 [INFO] No trades returned from QuiverQuant
2026-06-30 12:20:01,923 [INFO] --- Checking trades for Markwayne Mullin ---
2026-06-30 12:20:02,701 [ERROR] Failed to fetch trades: 401 Client Error: Unauthorized for url: https://api.quiverquant.com/beta/live/congresstrading
2026-06-30 12:20:02,702 [INFO] No trades returned from QuiverQuant
2026-06-30 12:25:02,513 [INFO] --- Checking trades for Markwayne Mullin ---
2026-06-30 12:25:02,798 [ERROR] Failed to fetch trades: 401 Client Error: Unauthorized for url: https://api.quiverquant.com/beta/live/congresstrading
2026-06-30 12:25:02,799 [INFO] No trades returned from QuiverQuant
2026-06-30 12:30:02,498 [INFO] --- Checking trades for Markwayne Mullin ---
2026-06-30 12:30:04,260 [ERROR] Failed to fetch trades: 401 Client Error: Unauthorized for url: https://api.quiverquant.com/beta/live/congresstrading
2026-06-30 12:30:04,261 [INFO] No trades returned from QuiverQuant
2026-06-30 12:35:02,411 [INFO] --- Checking trades for Markwayne Mullin ---
2026-06-30 12:35:03,241 [ERROR] Failed to fetch trades: 401 Client Error: Unauthorized for url: https://api.quiverquant.com/beta/live/congresstrading
2026-06-30 12:35:03,243 [INFO] No trades returned from QuiverQuant
2026-06-30 12:40:02,159 [INFO] --- Checking trades for Markwayne Mullin ---
2026-06-30 12:40:02,910 [ERROR] Failed to fetch trades: 401 Client Error: Unauthorized for url: https://api.quiverquant.com/beta/live/congresstrading
2026-06-30 12:40:02,912 [INFO] No trades returned from QuiverQuant
2026-06-30 12:45:02,438 [INFO] --- Checking trades for Markwayne Mullin ---
2026-06-30 12:45:02,861 [ERROR] Failed to fetch trades: 401 Client Error: Unauthorized for url: https://api.quiverquant.com/beta/live/congresstrading
2026-06-30 12:45:02,863 [INFO] No trades returned from QuiverQuant
2026-06-30 12:50:02,325 [INFO] --- Checking trades for Markwayne Mullin ---
2026-06-30 12:50:03,592 [ERROR] Failed to fetch trades: 401 Client Error: Unauthorized for url: https://api.quiverquant.com/beta/live/congresstrading
2026-06-30 12:50:03,595 [INFO] No trades returned from QuiverQuant
2026-06-30 12:55:01,986 [INFO] --- Checking trades for Markwayne Mullin ---
2026-06-30 12:55:02,472 [ERROR] Failed to fetch trades: 401 Client Error: Unauthorized for url: https://api.quiverquant.com/beta/live/congresstrading
2026-06-30 12:55:02,474 [INFO] No trades returned from QuiverQuant
2026-06-30 13:00:02,393 [INFO] --- Checking trades for Markwayne Mullin ---
2026-06-30 13:00:05,569 [ERROR] Failed to fetch trades: 401 Client Error: Unauthorized for url: https://api.quiverquant.com/beta/live/congresstrading
2026-06-30 13:00:05,571 [INFO] No trades returned from QuiverQuant
2026-06-30 13:05:01,936 [INFO] --- Checking trades for Markwayne Mullin ---
2026-06-30 13:05:03,484 [ERROR] Failed to fetch trades: 401 Client Error: Unauthorized for url: https://api.quiverquant.com/beta/live/congresstrading
2026-06-30 13:05:03,486 [INFO] No trades returned from QuiverQuant
2026-06-30 13:10:02,106 [INFO] --- Checking trades for Markwayne Mullin ---
2026-06-30 13:10:02,721 [ERROR] Failed to fetch trades: 401 Client Error: Unauthorized for url: https://api.quiverquant.com/beta/live/congresstrading
2026-06-30 13:10:02,723 [INFO] No trades returned from QuiverQuant
2026-06-30 13:15:01,899 [INFO] --- Checking trades for Markwayne Mullin ---
2026-06-30 13:15:03,485 [ERROR] Failed to fetch trades: 401 Client Error: Unauthorized for url: https://api.quiverquant.com/beta/live/congresstrading
2026-06-30 13:15:03,487 [INFO] No trades returned from QuiverQuant
2026-06-30 13:20:02,321 [INFO] --- Checking trades for Markwayne Mullin ---
2026-06-30 13:20:02,825 [ERROR] Failed to fetch trades: 401 Client Error: Unauthorized for url: https://api.quiverquant.com/beta/live/congresstrading
2026-06-30 13:20:02,826 [INFO] No trades returned from QuiverQuant
2026-06-30 13:25:02,250 [INFO] --- Checking trades for Markwayne Mullin ---
2026-06-30 13:25:02,900 [ERROR] Failed to fetch trades: 401 Client Error: Unauthorized for url: https://api.quiverquant.com/beta/live/congresstrading
2026-06-30 13:25:02,902 [INFO] No trades returned from QuiverQuant
2026-06-30 13:30:02,491 [INFO] --- Checking trades for Markwayne Mullin ---
2026-06-30 13:30:04,618 [ERROR] Failed to fetch trades: 401 Client Error: Unauthorized for url: https://api.quiverquant.com/beta/live/congresstrading
2026-06-30 13:30:04,621 [INFO] No trades returned from QuiverQuant
2026-06-30 13:35:02,294 [INFO] --- Checking trades for Markwayne Mullin ---
2026-06-30 13:35:03,363 [ERROR] Failed to fetch trades: 401 Client Error: Unauthorized for url: https://api.quiverquant.com/beta/live/congresstrading
2026-06-30 13:35:03,364 [INFO] No trades returned from QuiverQuant
2026-06-30 13:40:02,548 [INFO] --- Checking trades for Markwayne Mullin ---
2026-06-30 13:40:03,517 [ERROR] Failed to fetch trades: 401 Client Error: Unauthorized for url: https://api.quiverquant.com/beta/live/congresstrading
2026-06-30 13:40:03,519 [INFO] No trades returned from QuiverQuant
2026-06-30 13:45:02,137 [INFO] --- Checking trades for Markwayne Mullin ---
2026-06-30 13:45:03,477 [ERROR] Failed to fetch trades: 401 Client Error: Unauthorized for url: https://api.quiverquant.com/beta/live/congresstrading
2026-06-30 13:45:03,478 [INFO] No trades returned from QuiverQuant
2026-06-30 13:50:02,359 [INFO] --- Checking trades for Markwayne Mullin ---
2026-06-30 13:50:02,690 [ERROR] Failed to fetch trades: 401 Client Error: Unauthorized for url: https://api.quiverquant.com/beta/live/congresstrading
2026-06-30 13:50:02,691 [INFO] No trades returned from QuiverQuant
2026-06-30 13:55:02,698 [INFO] --- Checking trades for Markwayne Mullin ---
2026-06-30 13:55:03,184 [ERROR] Failed to fetch trades: 401 Client Error: Unauthorized for url: https://api.quiverquant.com/beta/live/congresstrading
2026-06-30 13:55:03,185 [INFO] No trades returned from QuiverQuant
2026-06-30 14:00:02,474 [INFO] --- Checking trades for Markwayne Mullin ---
2026-06-30 14:00:05,953 [ERROR] Failed to fetch trades: 401 Client Error: Unauthorized for url: https://api.quiverquant.com/beta/live/congresstrading
2026-06-30 14:00:05,955 [INFO] No trades returned from QuiverQuant
2026-06-30 14:05:02,151 [INFO] --- Checking trades for Markwayne Mullin ---
2026-06-30 14:05:03,742 [ERROR] Failed to fetch trades: 401 Client Error: Unauthorized for url: https://api.quiverquant.com/beta/live/congresstrading
2026-06-30 14:05:03,744 [INFO] No trades returned from QuiverQuant
2026-06-30 14:10:02,186 [INFO] --- Checking trades for Markwayne Mullin ---
2026-06-30 14:10:02,686 [ERROR] Failed to fetch trades: 401 Client Error: Unauthorized for url: https://api.quiverquant.com/beta/live/congresstrading
2026-06-30 14:10:02,688 [INFO] No trades returned from QuiverQuant
2026-06-30 14:15:02,087 [INFO] --- Checking trades for Markwayne Mullin ---
2026-06-30 14:15:02,929 [ERROR] Failed to fetch trades: 401 Client Error: Unauthorized for url: https://api.quiverquant.com/beta/live/congresstrading
2026-06-30 14:15:02,930 [INFO] No trades returned from QuiverQuant
2026-06-30 14:20:02,354 [INFO] --- Checking trades for Markwayne Mullin ---
2026-06-30 14:20:02,984 [ERROR] Failed to fetch trades: 401 Client Error: Unauthorized for url: https://api.quiverquant.com/beta/live/congresstrading
2026-06-30 14:20:02,986 [INFO] No trades returned from QuiverQuant
2026-06-30 14:25:01,897 [INFO] --- Checking trades for Markwayne Mullin ---
2026-06-30 14:25:03,020 [ERROR] Failed to fetch trades: 401 Client Error: Unauthorized for url: https://api.quiverquant.com/beta/live/congresstrading
2026-06-30 14:25:03,022 [INFO] No trades returned from QuiverQuant
2026-06-30 14:30:02,765 [INFO] --- Checking trades for Markwayne Mullin ---
2026-06-30 14:30:03,523 [ERROR] Failed to fetch trades: 401 Client Error: Unauthorized for url: https://api.quiverquant.com/beta/live/congresstrading
2026-06-30 14:30:03,525 [INFO] No trades returned from QuiverQuant
2026-06-30 14:35:02,751 [INFO] --- Checking trades for Markwayne Mullin ---
2026-06-30 14:35:04,477 [ERROR] Failed to fetch trades: 401 Client Error: Unauthorized for url: https://api.quiverquant.com/beta/live/congresstrading
2026-06-30 14:35:04,479 [INFO] No trades returned from QuiverQuant
2026-06-30 14:40:02,001 [INFO] --- Checking trades for Markwayne Mullin ---
2026-06-30 14:40:02,377 [ERROR] Failed to fetch trades: 401 Client Error: Unauthorized for url: https://api.quiverquant.com/beta/live/congresstrading
2026-06-30 14:40:02,378 [INFO] No trades returned from QuiverQuant
2026-06-30 14:45:02,067 [INFO] --- Checking trades for Markwayne Mullin ---
2026-06-30 14:45:02,537 [ERROR] Failed to fetch trades: 401 Client Error: Unauthorized for url: https://api.quiverquant.com/beta/live/congresstrading
2026-06-30 14:45:02,539 [INFO] No trades returned from QuiverQuant
2026-06-30 14:50:01,875 [INFO] --- Checking trades for Markwayne Mullin ---
2026-06-30 14:50:02,672 [ERROR] Failed to fetch trades: 401 Client Error: Unauthorized for url: https://api.quiverquant.com/beta/live/congresstrading
2026-06-30 14:50:02,674 [INFO] No trades returned from QuiverQuant
2026-06-30 14:55:02,546 [INFO] --- Checking trades for Markwayne Mullin ---
2026-06-30 14:55:03,966 [ERROR] Failed to fetch trades: 401 Client Error: Unauthorized for url: https://api.quiverquant.com/beta/live/congresstrading
2026-06-30 14:55:03,968 [INFO] No trades returned from QuiverQuant
2026-06-30 15:00:01,928 [INFO] --- Checking trades for Markwayne Mullin ---
2026-06-30 15:00:03,978 [ERROR] Failed to fetch trades: 401 Client Error: Unauthorized for url: https://api.quiverquant.com/beta/live/congresstrading
2026-06-30 15:00:03,981 [INFO] No trades returned from QuiverQuant
2026-06-30 15:05:01,872 [INFO] --- Checking trades for Markwayne Mullin ---
2026-06-30 15:05:02,296 [ERROR] Failed to fetch trades: 401 Client Error: Unauthorized for url: https://api.quiverquant.com/beta/live/congresstrading
2026-06-30 15:05:02,298 [INFO] No trades returned from QuiverQuant
2026-06-30 15:10:02,112 [INFO] --- Checking trades for Markwayne Mullin ---
2026-06-30 15:10:03,231 [ERROR] Failed to fetch trades: 401 Client Error: Unauthorized for url: https://api.quiverquant.com/beta/live/congresstrading
2026-06-30 15:10:03,233 [INFO] No trades returned from QuiverQuant
2026-06-30 15:15:02,049 [INFO] --- Checking trades for Markwayne Mullin ---
2026-06-30 15:15:03,812 [ERROR] Failed to fetch trades: 401 Client Error: Unauthorized for url: https://api.quiverquant.com/beta/live/congresstrading
2026-06-30 15:15:03,814 [INFO] No trades returned from QuiverQuant
2026-06-30 15:20:02,723 [INFO] --- Checking trades for Markwayne Mullin ---
2026-06-30 15:20:03,931 [ERROR] Failed to fetch trades: 401 Client Error: Unauthorized for url: https://api.quiverquant.com/beta/live/congresstrading
2026-06-30 15:20:03,933 [INFO] No trades returned from QuiverQuant
2026-06-30 15:25:01,787 [INFO] --- Checking trades for Markwayne Mullin ---
2026-06-30 15:25:02,267 [ERROR] Failed to fetch trades: 401 Client Error: Unauthorized for url: https://api.quiverquant.com/beta/live/congresstrading
2026-06-30 15:25:02,269 [INFO] No trades returned from QuiverQuant
2026-06-30 15:30:02,187 [INFO] --- Checking trades for Markwayne Mullin ---
2026-06-30 15:30:03,510 [ERROR] Failed to fetch trades: 401 Client Error: Unauthorized for url: https://api.quiverquant.com/beta/live/congresstrading
2026-06-30 15:30:03,512 [INFO] No trades returned from QuiverQuant
2026-06-30 15:35:02,361 [INFO] --- Checking trades for Markwayne Mullin ---
2026-06-30 15:35:03,093 [ERROR] Failed to fetch trades: 401 Client Error: Unauthorized for url: https://api.quiverquant.com/beta/live/congresstrading
2026-06-30 15:35:03,096 [INFO] No trades returned from QuiverQuant
2026-06-30 15:40:01,949 [INFO] --- Checking trades for Markwayne Mullin ---
2026-06-30 15:40:02,798 [ERROR] Failed to fetch trades: 401 Client Error: Unauthorized for url: https://api.quiverquant.com/beta/live/congresstrading
2026-06-30 15:40:02,800 [INFO] No trades returned from QuiverQuant
2026-06-30 15:45:02,710 [INFO] --- Checking trades for Markwayne Mullin ---
2026-06-30 15:45:03,321 [ERROR] Failed to fetch trades: 401 Client Error: Unauthorized for url: https://api.quiverquant.com/beta/live/congresstrading
2026-06-30 15:45:03,324 [INFO] No trades returned from QuiverQuant
2026-06-30 15:50:02,177 [INFO] --- Checking trades for Markwayne Mullin ---
2026-06-30 15:50:02,506 [ERROR] Failed to fetch trades: 401 Client Error: Unauthorized for url: https://api.quiverquant.com/beta/live/congresstrading
2026-06-30 15:50:02,508 [INFO] No trades returned from QuiverQuant
2026-06-30 15:55:02,358 [INFO] --- Checking trades for Markwayne Mullin ---
2026-06-30 15:55:02,949 [ERROR] Failed to fetch trades: 401 Client Error: Unauthorized for url: https://api.quiverquant.com/beta/live/congresstrading
2026-06-30 15:55:02,952 [INFO] No trades returned from QuiverQuant
2026-07-01 08:00:02,353 [INFO] --- Checking trades for Markwayne Mullin ---
2026-07-01 08:00:05,980 [ERROR] Failed to fetch trades: 401 Client Error: Unauthorized for url: https://api.quiverquant.com/beta/live/congresstrading
2026-07-01 08:00:05,983 [INFO] No trades returned from QuiverQuant
2026-07-01 08:05:01,824 [INFO] --- Checking trades for Markwayne Mullin ---
2026-07-01 08:05:16,684 [ERROR] Failed to fetch trades: 401 Client Error: Unauthorized for url: https://api.quiverquant.com/beta/live/congresstrading
2026-07-01 08:05:16,687 [INFO] No trades returned from QuiverQuant
2026-07-01 08:10:02,511 [INFO] --- Checking trades for Markwayne Mullin ---
2026-07-01 08:10:04,190 [ERROR] Failed to fetch trades: 401 Client Error: Unauthorized for url: https://api.quiverquant.com/beta/live/congresstrading
2026-07-01 08:10:04,191 [INFO] No trades returned from QuiverQuant
2026-07-01 08:15:02,743 [INFO] --- Checking trades for Markwayne Mullin ---
2026-07-01 08:15:03,556 [ERROR] Failed to fetch trades: 401 Client Error: Unauthorized for url: https://api.quiverquant.com/beta/live/congresstrading
2026-07-01 08:15:03,558 [INFO] No trades returned from QuiverQuant
2026-07-01 08:20:02,660 [INFO] --- Checking trades for Markwayne Mullin ---
2026-07-01 08:20:02,969 [ERROR] Failed to fetch trades: 401 Client Error: Unauthorized for url: https://api.quiverquant.com/beta/live/congresstrading
2026-07-01 08:20:02,971 [INFO] No trades returned from QuiverQuant
2026-07-01 08:25:01,834 [INFO] --- Checking trades for Markwayne Mullin ---
2026-07-01 08:25:02,104 [ERROR] Failed to fetch trades: 401 Client Error: Unauthorized for url: https://api.quiverquant.com/beta/live/congresstrading
2026-07-01 08:25:02,105 [INFO] No trades returned from QuiverQuant
2026-07-01 08:30:02,538 [INFO] --- Checking trades for Markwayne Mullin ---
2026-07-01 08:30:03,457 [ERROR] Failed to fetch trades: 401 Client Error: Unauthorized for url: https://api.quiverquant.com/beta/live/congresstrading
2026-07-01 08:30:03,459 [INFO] No trades returned from QuiverQuant
2026-07-01 08:35:02,241 [INFO] --- Checking trades for Markwayne Mullin ---
2026-07-01 08:35:03,594 [ERROR] Failed to fetch trades: 401 Client Error: Unauthorized for url: https://api.quiverquant.com/beta/live/congresstrading
2026-07-01 08:35:03,596 [INFO] No trades returned from QuiverQuant
2026-07-01 08:40:02,696 [INFO] --- Checking trades for Markwayne Mullin ---
2026-07-01 08:40:03,078 [ERROR] Failed to fetch trades: 401 Client Error: Unauthorized for url: https://api.quiverquant.com/beta/live/congresstrading
2026-07-01 08:40:03,080 [INFO] No trades returned from QuiverQuant
2026-07-01 08:45:02,050 [INFO] --- Checking trades for Markwayne Mullin ---
2026-07-01 08:45:02,601 [ERROR] Failed to fetch trades: 401 Client Error: Unauthorized for url: https://api.quiverquant.com/beta/live/congresstrading
2026-07-01 08:45:02,603 [INFO] No trades returned from QuiverQuant
2026-07-01 08:50:02,821 [INFO] --- Checking trades for Markwayne Mullin ---
2026-07-01 08:50:04,025 [ERROR] Failed to fetch trades: 401 Client Error: Unauthorized for url: https://api.quiverquant.com/beta/live/congresstrading
2026-07-01 08:50:04,027 [INFO] No trades returned from QuiverQuant
2026-07-01 08:55:01,948 [INFO] --- Checking trades for Markwayne Mullin ---
2026-07-01 08:55:03,268 [ERROR] Failed to fetch trades: 401 Client Error: Unauthorized for url: https://api.quiverquant.com/beta/live/congresstrading
2026-07-01 08:55:03,270 [INFO] No trades returned from QuiverQuant
2026-07-01 09:00:01,814 [INFO] --- Checking trades for Markwayne Mullin ---
2026-07-01 09:00:04,880 [ERROR] Failed to fetch trades: 401 Client Error: Unauthorized for url: https://api.quiverquant.com/beta/live/congresstrading
2026-07-01 09:00:04,881 [INFO] No trades returned from QuiverQuant
2026-07-01 09:05:02,506 [INFO] --- Checking trades for Markwayne Mullin ---
2026-07-01 09:05:02,825 [ERROR] Failed to fetch trades: 401 Client Error: Unauthorized for url: https://api.quiverquant.com/beta/live/congresstrading
2026-07-01 09:05:02,826 [INFO] No trades returned from QuiverQuant
2026-07-01 09:10:01,908 [INFO] --- Checking trades for Markwayne Mullin ---
2026-07-01 09:10:03,417 [ERROR] Failed to fetch trades: 401 Client Error: Unauthorized for url: https://api.quiverquant.com/beta/live/congresstrading
2026-07-01 09:10:03,419 [INFO] No trades returned from QuiverQuant
2026-07-01 09:15:02,213 [INFO] --- Checking trades for Markwayne Mullin ---
2026-07-01 09:15:03,725 [ERROR] Failed to fetch trades: 401 Client Error: Unauthorized for url: https://api.quiverquant.com/beta/live/congresstrading
2026-07-01 09:15:03,727 [INFO] No trades returned from QuiverQuant
2026-07-01 09:20:02,421 [INFO] --- Checking trades for Markwayne Mullin ---
2026-07-01 09:20:03,361 [ERROR] Failed to fetch trades: 401 Client Error: Unauthorized for url: https://api.quiverquant.com/beta/live/congresstrading
2026-07-01 09:20:03,363 [INFO] No trades returned from QuiverQuant
2026-07-01 09:25:02,703 [INFO] --- Checking trades for Markwayne Mullin ---
2026-07-01 09:25:03,060 [ERROR] Failed to fetch trades: 401 Client Error: Unauthorized for url: https://api.quiverquant.com/beta/live/congresstrading
2026-07-01 09:25:03,062 [INFO] No trades returned from QuiverQuant
2026-07-01 09:30:01,931 [INFO] --- Checking trades for Markwayne Mullin ---
2026-07-01 09:30:03,559 [ERROR] Failed to fetch trades: 401 Client Error: Unauthorized for url: https://api.quiverquant.com/beta/live/congresstrading
2026-07-01 09:30:03,560 [INFO] No trades returned from QuiverQuant
2026-07-01 09:35:02,039 [INFO] --- Checking trades for Markwayne Mullin ---
2026-07-01 09:35:03,260 [ERROR] Failed to fetch trades: 401 Client Error: Unauthorized for url: https://api.quiverquant.com/beta/live/congresstrading
2026-07-01 09:35:03,262 [INFO] No trades returned from QuiverQuant
2026-07-01 09:40:02,576 [INFO] --- Checking trades for Markwayne Mullin ---
2026-07-01 09:40:03,348 [ERROR] Failed to fetch trades: 401 Client Error: Unauthorized for url: https://api.quiverquant.com/beta/live/congresstrading
2026-07-01 09:40:03,350 [INFO] No trades returned from QuiverQuant
2026-07-01 09:45:02,079 [INFO] --- Checking trades for Markwayne Mullin ---
2026-07-01 09:45:02,330 [ERROR] Failed to fetch trades: 401 Client Error: Unauthorized for url: https://api.quiverquant.com/beta/live/congresstrading
2026-07-01 09:45:02,333 [INFO] No trades returned from QuiverQuant
2026-07-01 09:50:02,537 [INFO] --- Checking trades for Markwayne Mullin ---
2026-07-01 09:50:03,807 [ERROR] Failed to fetch trades: 401 Client Error: Unauthorized for url: https://api.quiverquant.com/beta/live/congresstrading
2026-07-01 09:50:03,808 [INFO] No trades returned from QuiverQuant
2026-07-01 09:55:02,660 [INFO] --- Checking trades for Markwayne Mullin ---
2026-07-01 09:55:02,986 [ERROR] Failed to fetch trades: 401 Client Error: Unauthorized for url: https://api.quiverquant.com/beta/live/congresstrading
2026-07-01 09:55:02,987 [INFO] No trades returned from QuiverQuant
2026-07-01 10:00:02,548 [INFO] --- Checking trades for Markwayne Mullin ---
2026-07-01 10:00:03,522 [ERROR] Failed to fetch trades: 401 Client Error: Unauthorized for url: https://api.quiverquant.com/beta/live/congresstrading
2026-07-01 10:00:03,523 [INFO] No trades returned from QuiverQuant
2026-07-01 10:05:02,601 [INFO] --- Checking trades for Markwayne Mullin ---
2026-07-01 10:05:02,941 [ERROR] Failed to fetch trades: 401 Client Error: Unauthorized for url: https://api.quiverquant.com/beta/live/congresstrading
2026-07-01 10:05:02,943 [INFO] No trades returned from QuiverQuant
2026-07-01 10:10:02,608 [INFO] --- Checking trades for Markwayne Mullin ---
2026-07-01 10:10:02,879 [ERROR] Failed to fetch trades: 401 Client Error: Unauthorized for url: https://api.quiverquant.com/beta/live/congresstrading
2026-07-01 10:10:02,880 [INFO] No trades returned from QuiverQuant
2026-07-01 10:15:02,605 [INFO] --- Checking trades for Markwayne Mullin ---
2026-07-01 10:15:02,965 [ERROR] Failed to fetch trades: 401 Client Error: Unauthorized for url: https://api.quiverquant.com/beta/live/congresstrading
2026-07-01 10:15:02,967 [INFO] No trades returned from QuiverQuant
2026-07-01 10:20:02,444 [INFO] --- Checking trades for Markwayne Mullin ---
2026-07-01 10:20:04,289 [ERROR] Failed to fetch trades: 401 Client Error: Unauthorized for url: https://api.quiverquant.com/beta/live/congresstrading
2026-07-01 10:20:04,291 [INFO] No trades returned from QuiverQuant
2026-07-01 10:25:02,774 [INFO] --- Checking trades for Markwayne Mullin ---
2026-07-01 10:25:03,263 [ERROR] Failed to fetch trades: 401 Client Error: Unauthorized for url: https://api.quiverquant.com/beta/live/congresstrading
2026-07-01 10:25:03,265 [INFO] No trades returned from QuiverQuant
2026-07-01 10:30:02,725 [INFO] --- Checking trades for Markwayne Mullin ---
2026-07-01 10:30:03,691 [ERROR] Failed to fetch trades: 401 Client Error: Unauthorized for url: https://api.quiverquant.com/beta/live/congresstrading
2026-07-01 10:30:03,693 [INFO] No trades returned from QuiverQuant
2026-07-01 10:35:02,042 [INFO] --- Checking trades for Markwayne Mullin ---
2026-07-01 10:35:02,468 [ERROR] Failed to fetch trades: 401 Client Error: Unauthorized for url: https://api.quiverquant.com/beta/live/congresstrading
2026-07-01 10:35:02,471 [INFO] No trades returned from QuiverQuant
2026-07-01 10:40:02,727 [INFO] --- Checking trades for Markwayne Mullin ---
2026-07-01 10:40:03,056 [ERROR] Failed to fetch trades: 401 Client Error: Unauthorized for url: https://api.quiverquant.com/beta/live/congresstrading
2026-07-01 10:40:03,057 [INFO] No trades returned from QuiverQuant
2026-07-01 10:45:02,005 [INFO] --- Checking trades for Markwayne Mullin ---
2026-07-01 10:45:03,452 [ERROR] Failed to fetch trades: 401 Client Error: Unauthorized for url: https://api.quiverquant.com/beta/live/congresstrading
2026-07-01 10:45:03,453 [INFO] No trades returned from QuiverQuant
2026-07-01 10:50:02,691 [INFO] --- Checking trades for Markwayne Mullin ---
2026-07-01 10:50:02,966 [ERROR] Failed to fetch trades: 401 Client Error: Unauthorized for url: https://api.quiverquant.com/beta/live/congresstrading
2026-07-01 10:50:02,969 [INFO] No trades returned from QuiverQuant
2026-07-01 10:55:02,089 [INFO] --- Checking trades for Markwayne Mullin ---
2026-07-01 10:55:02,356 [ERROR] Failed to fetch trades: 401 Client Error: Unauthorized for url: https://api.quiverquant.com/beta/live/congresstrading
2026-07-01 10:55:02,357 [INFO] No trades returned from QuiverQuant
2026-07-01 11:00:02,575 [INFO] --- Checking trades for Markwayne Mullin ---
2026-07-01 11:00:05,742 [ERROR] Failed to fetch trades: 401 Client Error: Unauthorized for url: https://api.quiverquant.com/beta/live/congresstrading
2026-07-01 11:00:05,744 [INFO] No trades returned from QuiverQuant
2026-07-01 11:05:01,887 [INFO] --- Checking trades for Markwayne Mullin ---
2026-07-01 11:05:02,526 [ERROR] Failed to fetch trades: 401 Client Error: Unauthorized for url: https://api.quiverquant.com/beta/live/congresstrading
2026-07-01 11:05:02,526 [INFO] No trades returned from QuiverQuant
2026-07-01 11:10:01,914 [INFO] --- Checking trades for Markwayne Mullin ---
2026-07-01 11:10:03,256 [ERROR] Failed to fetch trades: 401 Client Error: Unauthorized for url: https://api.quiverquant.com/beta/live/congresstrading
2026-07-01 11:10:03,258 [INFO] No trades returned from QuiverQuant
2026-07-01 11:15:02,120 [INFO] --- Checking trades for Markwayne Mullin ---
2026-07-01 11:15:03,827 [ERROR] Failed to fetch trades: 401 Client Error: Unauthorized for url: https://api.quiverquant.com/beta/live/congresstrading
2026-07-01 11:15:03,829 [INFO] No trades returned from QuiverQuant
2026-07-01 11:20:02,044 [INFO] --- Checking trades for Markwayne Mullin ---
2026-07-01 11:20:04,799 [ERROR] Failed to fetch trades: 401 Client Error: Unauthorized for url: https://api.quiverquant.com/beta/live/congresstrading
2026-07-01 11:20:04,801 [INFO] No trades returned from QuiverQuant
2026-07-01 11:25:01,877 [INFO] --- Checking trades for Markwayne Mullin ---
2026-07-01 11:25:02,568 [ERROR] Failed to fetch trades: 401 Client Error: Unauthorized for url: https://api.quiverquant.com/beta/live/congresstrading
2026-07-01 11:25:02,569 [INFO] No trades returned from QuiverQuant
2026-07-01 11:30:01,987 [INFO] --- Checking trades for Markwayne Mullin ---
2026-07-01 11:30:03,923 [ERROR] Failed to fetch trades: 401 Client Error: Unauthorized for url: https://api.quiverquant.com/beta/live/congresstrading
2026-07-01 11:30:03,925 [INFO] No trades returned from QuiverQuant
2026-07-01 11:35:02,503 [INFO] --- Checking trades for Markwayne Mullin ---
2026-07-01 11:35:03,381 [ERROR] Failed to fetch trades: 401 Client Error: Unauthorized for url: https://api.quiverquant.com/beta/live/congresstrading
2026-07-01 11:35:03,383 [INFO] No trades returned from QuiverQuant
2026-07-01 11:40:02,485 [INFO] --- Checking trades for Markwayne Mullin ---
2026-07-01 11:40:03,442 [ERROR] Failed to fetch trades: 401 Client Error: Unauthorized for url: https://api.quiverquant.com/beta/live/congresstrading
2026-07-01 11:40:03,443 [INFO] No trades returned from QuiverQuant
2026-07-01 11:45:02,364 [INFO] --- Checking trades for Markwayne Mullin ---
2026-07-01 11:45:03,306 [ERROR] Failed to fetch trades: 401 Client Error: Unauthorized for url: https://api.quiverquant.com/beta/live/congresstrading
2026-07-01 11:45:03,308 [INFO] No trades returned from QuiverQuant
2026-07-01 11:50:02,190 [INFO] --- Checking trades for Markwayne Mullin ---
2026-07-01 11:50:02,480 [ERROR] Failed to fetch trades: 401 Client Error: Unauthorized for url: https://api.quiverquant.com/beta/live/congresstrading
2026-07-01 11:50:02,482 [INFO] No trades returned from QuiverQuant
2026-07-01 11:55:01,944 [INFO] --- Checking trades for Markwayne Mullin ---
2026-07-01 11:55:02,700 [ERROR] Failed to fetch trades: 401 Client Error: Unauthorized for url: https://api.quiverquant.com/beta/live/congresstrading
2026-07-01 11:55:02,702 [INFO] No trades returned from QuiverQuant
2026-07-01 12:00:02,460 [INFO] --- Checking trades for Markwayne Mullin ---
2026-07-01 12:00:03,937 [ERROR] Failed to fetch trades: 401 Client Error: Unauthorized for url: https://api.quiverquant.com/beta/live/congresstrading
2026-07-01 12:00:03,938 [INFO] No trades returned from QuiverQuant
2026-07-01 12:05:01,957 [INFO] --- Checking trades for Markwayne Mullin ---
2026-07-01 12:05:03,305 [ERROR] Failed to fetch trades: 401 Client Error: Unauthorized for url: https://api.quiverquant.com/beta/live/congresstrading
2026-07-01 12:05:03,307 [INFO] No trades returned from QuiverQuant
2026-07-01 12:10:02,627 [INFO] --- Checking trades for Markwayne Mullin ---
2026-07-01 12:10:02,989 [ERROR] Failed to fetch trades: 401 Client Error: Unauthorized for url: https://api.quiverquant.com/beta/live/congresstrading
2026-07-01 12:10:02,991 [INFO] No trades returned from QuiverQuant
2026-07-01 12:15:02,348 [INFO] --- Checking trades for Markwayne Mullin ---
2026-07-01 12:15:02,656 [ERROR] Failed to fetch trades: 401 Client Error: Unauthorized for url: https://api.quiverquant.com/beta/live/congresstrading
2026-07-01 12:15:02,657 [INFO] No trades returned from QuiverQuant
2026-07-01 12:20:02,111 [INFO] --- Checking trades for Markwayne Mullin ---
2026-07-01 12:20:02,631 [ERROR] Failed to fetch trades: 401 Client Error: Unauthorized for url: https://api.quiverquant.com/beta/live/congresstrading
2026-07-01 12:20:02,633 [INFO] No trades returned from QuiverQuant
2026-07-01 12:25:02,563 [INFO] --- Checking trades for Markwayne Mullin ---
2026-07-01 12:25:02,809 [ERROR] Failed to fetch trades: 401 Client Error: Unauthorized for url: https://api.quiverquant.com/beta/live/congresstrading
2026-07-01 12:25:02,811 [INFO] No trades returned from QuiverQuant
2026-07-01 12:30:02,025 [INFO] --- Checking trades for Markwayne Mullin ---
2026-07-01 12:30:04,018 [ERROR] Failed to fetch trades: 401 Client Error: Unauthorized for url: https://api.quiverquant.com/beta/live/congresstrading
2026-07-01 12:30:04,020 [INFO] No trades returned from QuiverQuant
2026-07-01 12:35:02,150 [INFO] --- Checking trades for Markwayne Mullin ---
2026-07-01 12:35:09,266 [ERROR] Failed to fetch trades: 401 Client Error: Unauthorized for url: https://api.quiverquant.com/beta/live/congresstrading
2026-07-01 12:35:09,269 [INFO] No trades returned from QuiverQuant
2026-07-01 12:40:02,188 [INFO] --- Checking trades for Markwayne Mullin ---
2026-07-01 12:40:04,498 [ERROR] Failed to fetch trades: 401 Client Error: Unauthorized for url: https://api.quiverquant.com/beta/live/congresstrading
2026-07-01 12:40:04,500 [INFO] No trades returned from QuiverQuant
2026-07-01 12:45:02,192 [INFO] --- Checking trades for Markwayne Mullin ---
2026-07-01 12:45:02,846 [ERROR] Failed to fetch trades: 401 Client Error: Unauthorized for url: https://api.quiverquant.com/beta/live/congresstrading
2026-07-01 12:45:02,848 [INFO] No trades returned from QuiverQuant
2026-07-01 12:50:02,460 [INFO] --- Checking trades for Markwayne Mullin ---
2026-07-01 12:50:06,841 [ERROR] Failed to fetch trades: 401 Client Error: Unauthorized for url: https://api.quiverquant.com/beta/live/congresstrading
2026-07-01 12:50:06,844 [INFO] No trades returned from QuiverQuant
2026-07-01 12:55:01,882 [INFO] --- Checking trades for Markwayne Mullin ---
2026-07-01 12:55:03,504 [ERROR] Failed to fetch trades: 401 Client Error: Unauthorized for url: https://api.quiverquant.com/beta/live/congresstrading
2026-07-01 12:55:03,506 [INFO] No trades returned from QuiverQuant
2026-07-01 13:00:01,870 [INFO] --- Checking trades for Markwayne Mullin ---
2026-07-01 13:00:03,303 [ERROR] Failed to fetch trades: 401 Client Error: Unauthorized for url: https://api.quiverquant.com/beta/live/congresstrading
2026-07-01 13:00:03,304 [INFO] No trades returned from QuiverQuant
2026-07-01 13:05:01,793 [INFO] --- Checking trades for Markwayne Mullin ---
2026-07-01 13:05:02,109 [ERROR] Failed to fetch trades: 401 Client Error: Unauthorized for url: https://api.quiverquant.com/beta/live/congresstrading
2026-07-01 13:05:02,111 [INFO] No trades returned from QuiverQuant
2026-07-01 13:10:02,224 [INFO] --- Checking trades for Markwayne Mullin ---
2026-07-01 13:10:02,759 [ERROR] Failed to fetch trades: 401 Client Error: Unauthorized for url: https://api.quiverquant.com/beta/live/congresstrading
2026-07-01 13:10:02,761 [INFO] No trades returned from QuiverQuant
2026-07-01 13:15:02,651 [INFO] --- Checking trades for Markwayne Mullin ---
2026-07-01 13:15:02,973 [ERROR] Failed to fetch trades: 401 Client Error: Unauthorized for url: https://api.quiverquant.com/beta/live/congresstrading
2026-07-01 13:15:02,975 [INFO] No trades returned from QuiverQuant
2026-07-01 13:20:02,489 [INFO] --- Checking trades for Markwayne Mullin ---
2026-07-01 13:20:03,811 [ERROR] Failed to fetch trades: 401 Client Error: Unauthorized for url: https://api.quiverquant.com/beta/live/congresstrading
2026-07-01 13:20:03,814 [INFO] No trades returned from QuiverQuant
2026-07-01 13:25:02,721 [INFO] --- Checking trades for Markwayne Mullin ---
2026-07-01 13:25:02,992 [ERROR] Failed to fetch trades: 401 Client Error: Unauthorized for url: https://api.quiverquant.com/beta/live/congresstrading
2026-07-01 13:25:02,994 [INFO] No trades returned from QuiverQuant
2026-07-01 13:30:02,052 [INFO] --- Checking trades for Markwayne Mullin ---
2026-07-01 13:30:03,257 [ERROR] Failed to fetch trades: 401 Client Error: Unauthorized for url: https://api.quiverquant.com/beta/live/congresstrading
2026-07-01 13:30:03,259 [INFO] No trades returned from QuiverQuant
2026-07-01 13:35:02,263 [INFO] --- Checking trades for Markwayne Mullin ---
2026-07-01 13:35:02,570 [ERROR] Failed to fetch trades: 401 Client Error: Unauthorized for url: https://api.quiverquant.com/beta/live/congresstrading
2026-07-01 13:35:02,572 [INFO] No trades returned from QuiverQuant
2026-07-01 13:40:02,557 [INFO] --- Checking trades for Markwayne Mullin ---
2026-07-01 13:40:03,351 [ERROR] Failed to fetch trades: 401 Client Error: Unauthorized for url: https://api.quiverquant.com/beta/live/congresstrading
2026-07-01 13:40:03,353 [INFO] No trades returned from QuiverQuant
2026-07-01 13:45:01,972 [INFO] --- Checking trades for Markwayne Mullin ---
2026-07-01 13:45:02,635 [ERROR] Failed to fetch trades: 401 Client Error: Unauthorized for url: https://api.quiverquant.com/beta/live/congresstrading
2026-07-01 13:45:02,637 [INFO] No trades returned from QuiverQuant
2026-07-01 13:50:02,671 [INFO] --- Checking trades for Markwayne Mullin ---
2026-07-01 13:50:03,393 [ERROR] Failed to fetch trades: 401 Client Error: Unauthorized for url: https://api.quiverquant.com/beta/live/congresstrading
2026-07-01 13:50:03,395 [INFO] No trades returned from QuiverQuant
2026-07-01 13:55:02,369 [INFO] --- Checking trades for Markwayne Mullin ---
2026-07-01 13:55:03,604 [ERROR] Failed to fetch trades: 401 Client Error: Unauthorized for url: https://api.quiverquant.com/beta/live/congresstrading
2026-07-01 13:55:03,606 [INFO] No trades returned from QuiverQuant
2026-07-01 14:00:02,144 [INFO] --- Checking trades for Markwayne Mullin ---
2026-07-01 14:00:05,170 [ERROR] Failed to fetch trades: 401 Client Error: Unauthorized for url: https://api.quiverquant.com/beta/live/congresstrading
2026-07-01 14:00:05,172 [INFO] No trades returned from QuiverQuant
2026-07-01 14:05:01,779 [INFO] --- Checking trades for Markwayne Mullin ---
2026-07-01 14:05:02,801 [ERROR] Failed to fetch trades: 401 Client Error: Unauthorized for url: https://api.quiverquant.com/beta/live/congresstrading
2026-07-01 14:05:02,803 [INFO] No trades returned from QuiverQuant
2026-07-01 14:10:02,004 [INFO] --- Checking trades for Markwayne Mullin ---
2026-07-01 14:10:02,341 [ERROR] Failed to fetch trades: 401 Client Error: Unauthorized for url: https://api.quiverquant.com/beta/live/congresstrading
2026-07-01 14:10:02,342 [INFO] No trades returned from QuiverQuant
2026-07-01 14:15:02,006 [INFO] --- Checking trades for Markwayne Mullin ---
2026-07-01 14:15:02,664 [ERROR] Failed to fetch trades: 401 Client Error: Unauthorized for url: https://api.quiverquant.com/beta/live/congresstrading
2026-07-01 14:15:02,665 [INFO] No trades returned from QuiverQuant
2026-07-01 14:20:02,602 [INFO] --- Checking trades for Markwayne Mullin ---
2026-07-01 14:20:03,349 [ERROR] Failed to fetch trades: 401 Client Error: Unauthorized for url: https://api.quiverquant.com/beta/live/congresstrading
2026-07-01 14:20:03,352 [INFO] No trades returned from QuiverQuant
2026-07-01 14:25:02,301 [INFO] --- Checking trades for Markwayne Mullin ---
2026-07-01 14:25:02,720 [ERROR] Failed to fetch trades: 401 Client Error: Unauthorized for url: https://api.quiverquant.com/beta/live/congresstrading
2026-07-01 14:25:02,721 [INFO] No trades returned from QuiverQuant
2026-07-01 14:30:01,880 [INFO] --- Checking trades for Markwayne Mullin ---
2026-07-01 14:30:03,660 [ERROR] Failed to fetch trades: 401 Client Error: Unauthorized for url: https://api.quiverquant.com/beta/live/congresstrading
2026-07-01 14:30:03,662 [INFO] No trades returned from QuiverQuant
2026-07-01 14:35:01,771 [INFO] --- Checking trades for Markwayne Mullin ---
2026-07-01 14:35:02,603 [ERROR] Failed to fetch trades: 401 Client Error: Unauthorized for url: https://api.quiverquant.com/beta/live/congresstrading
2026-07-01 14:35:02,604 [INFO] No trades returned from QuiverQuant
2026-07-01 14:40:02,260 [INFO] --- Checking trades for Markwayne Mullin ---
2026-07-01 14:40:03,256 [ERROR] Failed to fetch trades: 401 Client Error: Unauthorized for url: https://api.quiverquant.com/beta/live/congresstrading
2026-07-01 14:40:03,258 [INFO] No trades returned from QuiverQuant
2026-07-01 14:45:02,728 [INFO] --- Checking trades for Markwayne Mullin ---
2026-07-01 14:45:03,016 [ERROR] Failed to fetch trades: 401 Client Error: Unauthorized for url: https://api.quiverquant.com/beta/live/congresstrading
2026-07-01 14:45:03,017 [INFO] No trades returned from QuiverQuant
2026-07-01 14:50:02,204 [INFO] --- Checking trades for Markwayne Mullin ---
2026-07-01 14:50:02,499 [ERROR] Failed to fetch trades: 401 Client Error: Unauthorized for url: https://api.quiverquant.com/beta/live/congresstrading
2026-07-01 14:50:02,500 [INFO] No trades returned from QuiverQuant
2026-07-01 14:55:02,528 [INFO] --- Checking trades for Markwayne Mullin ---
2026-07-01 14:55:02,754 [ERROR] Failed to fetch trades: 401 Client Error: Unauthorized for url: https://api.quiverquant.com/beta/live/congresstrading
2026-07-01 14:55:02,757 [INFO] No trades returned from QuiverQuant
2026-07-01 15:00:02,768 [INFO] --- Checking trades for Markwayne Mullin ---
2026-07-01 15:00:04,559 [ERROR] Failed to fetch trades: 401 Client Error: Unauthorized for url: https://api.quiverquant.com/beta/live/congresstrading
2026-07-01 15:00:04,562 [INFO] No trades returned from QuiverQuant
2026-07-01 15:05:02,455 [INFO] --- Checking trades for Markwayne Mullin ---
2026-07-01 15:05:03,313 [ERROR] Failed to fetch trades: 401 Client Error: Unauthorized for url: https://api.quiverquant.com/beta/live/congresstrading
2026-07-01 15:05:03,315 [INFO] No trades returned from QuiverQuant
2026-07-01 15:10:02,234 [INFO] --- Checking trades for Markwayne Mullin ---
2026-07-01 15:10:02,664 [ERROR] Failed to fetch trades: 401 Client Error: Unauthorized for url: https://api.quiverquant.com/beta/live/congresstrading
2026-07-01 15:10:02,665 [INFO] No trades returned from QuiverQuant
2026-07-01 15:15:02,550 [INFO] --- Checking trades for Markwayne Mullin ---
2026-07-01 15:15:02,829 [ERROR] Failed to fetch trades: 401 Client Error: Unauthorized for url: https://api.quiverquant.com/beta/live/congresstrading
2026-07-01 15:15:02,830 [INFO] No trades returned from QuiverQuant
2026-07-01 15:20:02,731 [INFO] --- Checking trades for Markwayne Mullin ---
2026-07-01 15:20:03,368 [ERROR] Failed to fetch trades: 401 Client Error: Unauthorized for url: https://api.quiverquant.com/beta/live/congresstrading
2026-07-01 15:20:03,371 [INFO] No trades returned from QuiverQuant
2026-07-01 15:25:02,275 [INFO] --- Checking trades for Markwayne Mullin ---
2026-07-01 15:25:02,819 [ERROR] Failed to fetch trades: 401 Client Error: Unauthorized for url: https://api.quiverquant.com/beta/live/congresstrading
2026-07-01 15:25:02,822 [INFO] No trades returned from QuiverQuant
2026-07-01 15:30:02,755 [INFO] --- Checking trades for Markwayne Mullin ---
2026-07-01 15:30:04,956 [ERROR] Failed to fetch trades: 401 Client Error: Unauthorized for url: https://api.quiverquant.com/beta/live/congresstrading
2026-07-01 15:30:04,959 [INFO] No trades returned from QuiverQuant
2026-07-01 15:35:01,796 [INFO] --- Checking trades for Markwayne Mullin ---
2026-07-01 15:35:03,240 [ERROR] Failed to fetch trades: 401 Client Error: Unauthorized for url: https://api.quiverquant.com/beta/live/congresstrading
2026-07-01 15:35:03,242 [INFO] No trades returned from QuiverQuant
2026-07-01 15:40:02,133 [INFO] --- Checking trades for Markwayne Mullin ---
2026-07-01 15:40:03,113 [ERROR] Failed to fetch trades: 401 Client Error: Unauthorized for url: https://api.quiverquant.com/beta/live/congresstrading
2026-07-01 15:40:03,115 [INFO] No trades returned from QuiverQuant
2026-07-01 15:45:02,004 [INFO] --- Checking trades for Markwayne Mullin ---
2026-07-01 15:45:02,471 [ERROR] Failed to fetch trades: 401 Client Error: Unauthorized for url: https://api.quiverquant.com/beta/live/congresstrading
2026-07-01 15:45:02,473 [INFO] No trades returned from QuiverQuant
2026-07-01 15:50:02,330 [INFO] --- Checking trades for Markwayne Mullin ---
2026-07-01 15:50:03,693 [ERROR] Failed to fetch trades: 401 Client Error: Unauthorized for url: https://api.quiverquant.com/beta/live/congresstrading
2026-07-01 15:50:03,695 [INFO] No trades returned from QuiverQuant
2026-07-01 15:55:02,575 [INFO] --- Checking trades for Markwayne Mullin ---
2026-07-01 15:55:02,855 [ERROR] Failed to fetch trades: 401 Client Error: Unauthorized for url: https://api.quiverquant.com/beta/live/congresstrading
2026-07-01 15:55:02,858 [INFO] No trades returned from QuiverQuant
2026-07-02 08:00:01,977 [INFO] --- Checking trades for Markwayne Mullin ---
2026-07-02 08:00:04,052 [ERROR] Failed to fetch trades: 401 Client Error: Unauthorized for url: https://api.quiverquant.com/beta/live/congresstrading
2026-07-02 08:00:04,053 [INFO] No trades returned from QuiverQuant
2026-07-02 08:05:02,532 [INFO] --- Checking trades for Markwayne Mullin ---
2026-07-02 08:05:02,905 [ERROR] Failed to fetch trades: 401 Client Error: Unauthorized for url: https://api.quiverquant.com/beta/live/congresstrading
2026-07-02 08:05:02,907 [INFO] No trades returned from QuiverQuant
2026-07-02 08:10:02,671 [INFO] --- Checking trades for Markwayne Mullin ---
2026-07-02 08:10:02,924 [ERROR] Failed to fetch trades: 401 Client Error: Unauthorized for url: https://api.quiverquant.com/beta/live/congresstrading
2026-07-02 08:10:02,926 [INFO] No trades returned from QuiverQuant
2026-07-02 08:15:02,666 [INFO] --- Checking trades for Markwayne Mullin ---
2026-07-02 08:15:02,930 [ERROR] Failed to fetch trades: 401 Client Error: Unauthorized for url: https://api.quiverquant.com/beta/live/congresstrading
2026-07-02 08:15:02,932 [INFO] No trades returned from QuiverQuant
2026-07-02 08:20:02,024 [INFO] --- Checking trades for Markwayne Mullin ---
2026-07-02 08:20:03,066 [ERROR] Failed to fetch trades: 401 Client Error: Unauthorized for url: https://api.quiverquant.com/beta/live/congresstrading
2026-07-02 08:20:03,068 [INFO] No trades returned from QuiverQuant
2026-07-02 08:25:01,995 [INFO] --- Checking trades for Markwayne Mullin ---
2026-07-02 08:25:02,180 [ERROR] Failed to fetch trades: 401 Client Error: Unauthorized for url: https://api.quiverquant.com/beta/live/congresstrading
2026-07-02 08:25:02,182 [INFO] No trades returned from QuiverQuant
2026-07-02 08:30:02,267 [INFO] --- Checking trades for Markwayne Mullin ---
2026-07-02 08:30:17,406 [ERROR] Failed to fetch trades: HTTPSConnectionPool(host='api.quiverquant.com', port=443): Read timed out. (read timeout=15)
2026-07-02 08:30:17,407 [INFO] No trades returned from QuiverQuant
2026-07-02 08:35:01,955 [INFO] --- Checking trades for Markwayne Mullin ---
2026-07-02 08:35:03,082 [ERROR] Failed to fetch trades: 401 Client Error: Unauthorized for url: https://api.quiverquant.com/beta/live/congresstrading
2026-07-02 08:35:03,084 [INFO] No trades returned from QuiverQuant
2026-07-02 08:40:02,658 [INFO] --- Checking trades for Markwayne Mullin ---
2026-07-02 08:40:03,000 [ERROR] Failed to fetch trades: 401 Client Error: Unauthorized for url: https://api.quiverquant.com/beta/live/congresstrading
2026-07-02 08:40:03,001 [INFO] No trades returned from QuiverQuant
2026-07-02 08:45:02,213 [INFO] --- Checking trades for Markwayne Mullin ---
2026-07-02 08:45:02,858 [ERROR] Failed to fetch trades: 401 Client Error: Unauthorized for url: https://api.quiverquant.com/beta/live/congresstrading
2026-07-02 08:45:02,859 [INFO] No trades returned from QuiverQuant
2026-07-02 08:50:02,457 [INFO] --- Checking trades for Markwayne Mullin ---
2026-07-02 08:50:02,982 [ERROR] Failed to fetch trades: 401 Client Error: Unauthorized for url: https://api.quiverquant.com/beta/live/congresstrading
2026-07-02 08:50:02,984 [INFO] No trades returned from QuiverQuant
2026-07-02 08:55:02,410 [INFO] --- Checking trades for Markwayne Mullin ---
2026-07-02 08:55:03,269 [ERROR] Failed to fetch trades: 401 Client Error: Unauthorized for url: https://api.quiverquant.com/beta/live/congresstrading
2026-07-02 08:55:03,270 [INFO] No trades returned from QuiverQuant
2026-07-02 09:00:01,988 [INFO] --- Checking trades for Markwayne Mullin ---
2026-07-02 09:00:06,257 [ERROR] Failed to fetch trades: 401 Client Error: Unauthorized for url: https://api.quiverquant.com/beta/live/congresstrading
2026-07-02 09:00:06,259 [INFO] No trades returned from QuiverQuant
2026-07-02 09:05:01,955 [INFO] --- Checking trades for Markwayne Mullin ---
2026-07-02 09:05:17,100 [ERROR] Failed to fetch trades: HTTPSConnectionPool(host='api.quiverquant.com', port=443): Read timed out. (read timeout=15)
2026-07-02 09:05:17,100 [INFO] No trades returned from QuiverQuant
2026-07-02 09:10:02,394 [INFO] --- Checking trades for Markwayne Mullin ---
2026-07-02 09:10:11,296 [ERROR] Failed to fetch trades: 401 Client Error: Unauthorized for url: https://api.quiverquant.com/beta/live/congresstrading
2026-07-02 09:10:11,299 [INFO] No trades returned from QuiverQuant
2026-07-02 09:15:02,174 [INFO] --- Checking trades for Markwayne Mullin ---
2026-07-02 09:15:02,939 [ERROR] Failed to fetch trades: 401 Client Error: Unauthorized for url: https://api.quiverquant.com/beta/live/congresstrading
2026-07-02 09:15:02,940 [INFO] No trades returned from QuiverQuant
2026-07-02 09:20:02,589 [INFO] --- Checking trades for Markwayne Mullin ---
2026-07-02 09:20:17,732 [ERROR] Failed to fetch trades: HTTPSConnectionPool(host='api.quiverquant.com', port=443): Read timed out. (read timeout=15)
2026-07-02 09:20:17,732 [INFO] No trades returned from QuiverQuant
2026-07-02 09:25:02,503 [INFO] --- Checking trades for Markwayne Mullin ---
2026-07-02 09:25:02,739 [ERROR] Failed to fetch trades: 401 Client Error: Unauthorized for url: https://api.quiverquant.com/beta/live/congresstrading
2026-07-02 09:25:02,741 [INFO] No trades returned from QuiverQuant
2026-07-02 09:30:02,117 [INFO] --- Checking trades for Markwayne Mullin ---
2026-07-02 09:30:03,825 [ERROR] Failed to fetch trades: 401 Client Error: Unauthorized for url: https://api.quiverquant.com/beta/live/congresstrading
2026-07-02 09:30:03,826 [INFO] No trades returned from QuiverQuant
2026-07-02 09:35:02,377 [INFO] --- Checking trades for Markwayne Mullin ---
2026-07-02 09:35:02,594 [ERROR] Failed to fetch trades: 401 Client Error: Unauthorized for url: https://api.quiverquant.com/beta/live/congresstrading
2026-07-02 09:35:02,596 [INFO] No trades returned from QuiverQuant
2026-07-02 09:40:02,049 [INFO] --- Checking trades for Markwayne Mullin ---
2026-07-02 09:40:02,466 [ERROR] Failed to fetch trades: 401 Client Error: Unauthorized for url: https://api.quiverquant.com/beta/live/congresstrading
2026-07-02 09:40:02,468 [INFO] No trades returned from QuiverQuant
2026-07-02 09:45:02,269 [INFO] --- Checking trades for Markwayne Mullin ---
2026-07-02 09:45:02,579 [ERROR] Failed to fetch trades: 401 Client Error: Unauthorized for url: https://api.quiverquant.com/beta/live/congresstrading
2026-07-02 09:45:02,581 [INFO] No trades returned from QuiverQuant
2026-07-02 09:50:01,896 [INFO] --- Checking trades for Markwayne Mullin ---
2026-07-02 09:50:03,213 [ERROR] Failed to fetch trades: 401 Client Error: Unauthorized for url: https://api.quiverquant.com/beta/live/congresstrading
2026-07-02 09:50:03,215 [INFO] No trades returned from QuiverQuant
2026-07-02 09:55:02,215 [INFO] --- Checking trades for Markwayne Mullin ---
2026-07-02 09:55:02,764 [ERROR] Failed to fetch trades: 401 Client Error: Unauthorized for url: https://api.quiverquant.com/beta/live/congresstrading
2026-07-02 09:55:02,765 [INFO] No trades returned from QuiverQuant
2026-07-02 10:00:02,250 [INFO] --- Checking trades for Markwayne Mullin ---
2026-07-02 10:00:14,443 [ERROR] Failed to fetch trades: 401 Client Error: Unauthorized for url: https://api.quiverquant.com/beta/live/congresstrading
2026-07-02 10:00:14,445 [INFO] No trades returned from QuiverQuant
2026-07-02 10:05:02,005 [INFO] --- Checking trades for Markwayne Mullin ---
2026-07-02 10:05:17,164 [ERROR] Failed to fetch trades: HTTPSConnectionPool(host='api.quiverquant.com', port=443): Read timed out. (read timeout=15)
2026-07-02 10:05:17,165 [INFO] No trades returned from QuiverQuant
2026-07-02 10:10:02,188 [INFO] --- Checking trades for Markwayne Mullin ---
2026-07-02 10:10:15,791 [ERROR] Failed to fetch trades: 401 Client Error: Unauthorized for url: https://api.quiverquant.com/beta/live/congresstrading
2026-07-02 10:10:15,793 [INFO] No trades returned from QuiverQuant
2026-07-02 10:15:02,102 [INFO] --- Checking trades for Markwayne Mullin ---
2026-07-02 10:15:07,849 [ERROR] Failed to fetch trades: 401 Client Error: Unauthorized for url: https://api.quiverquant.com/beta/live/congresstrading
2026-07-02 10:15:07,851 [INFO] No trades returned from QuiverQuant
2026-07-02 10:20:01,821 [INFO] --- Checking trades for Markwayne Mullin ---
2026-07-02 10:20:02,511 [ERROR] Failed to fetch trades: 401 Client Error: Unauthorized for url: https://api.quiverquant.com/beta/live/congresstrading
2026-07-02 10:20:02,513 [INFO] No trades returned from QuiverQuant
2026-07-02 10:25:02,056 [INFO] --- Checking trades for Markwayne Mullin ---
2026-07-02 10:25:17,208 [ERROR] Failed to fetch trades: HTTPSConnectionPool(host='api.quiverquant.com', port=443): Read timed out. (read timeout=15)
2026-07-02 10:25:17,208 [INFO] No trades returned from QuiverQuant
2026-07-02 10:30:02,767 [INFO] --- Checking trades for Markwayne Mullin ---
2026-07-02 10:30:05,544 [ERROR] Failed to fetch trades: 401 Client Error: Unauthorized for url: https://api.quiverquant.com/beta/live/congresstrading
2026-07-02 10:30:05,547 [INFO] No trades returned from QuiverQuant
2026-07-02 10:35:02,500 [INFO] --- Checking trades for Markwayne Mullin ---
2026-07-02 10:35:17,650 [ERROR] Failed to fetch trades: HTTPSConnectionPool(host='api.quiverquant.com', port=443): Read timed out. (read timeout=15)
2026-07-02 10:35:17,650 [INFO] No trades returned from QuiverQuant
2026-07-02 10:40:01,844 [INFO] --- Checking trades for Markwayne Mullin ---
2026-07-02 10:40:16,912 [ERROR] Failed to fetch trades: HTTPSConnectionPool(host='api.quiverquant.com', port=443): Read timed out. (read timeout=15)
2026-07-02 10:40:16,913 [INFO] No trades returned from QuiverQuant
2026-07-02 10:45:02,658 [INFO] --- Checking trades for Markwayne Mullin ---
2026-07-02 10:45:13,260 [ERROR] Failed to fetch trades: 401 Client Error: Unauthorized for url: https://api.quiverquant.com/beta/live/congresstrading
2026-07-02 10:45:13,262 [INFO] No trades returned from QuiverQuant
2026-07-02 10:50:01,884 [INFO] --- Checking trades for Markwayne Mullin ---
2026-07-02 10:50:03,531 [ERROR] Failed to fetch trades: 401 Client Error: Unauthorized for url: https://api.quiverquant.com/beta/live/congresstrading
2026-07-02 10:50:03,534 [INFO] No trades returned from QuiverQuant
2026-07-02 10:55:02,202 [INFO] --- Checking trades for Markwayne Mullin ---
2026-07-02 10:55:11,256 [ERROR] Failed to fetch trades: 401 Client Error: Unauthorized for url: https://api.quiverquant.com/beta/live/congresstrading
2026-07-02 10:55:11,259 [INFO] No trades returned from QuiverQuant
2026-07-02 11:00:02,706 [INFO] --- Checking trades for Markwayne Mullin ---
2026-07-02 11:00:11,024 [ERROR] Failed to fetch trades: 401 Client Error: Unauthorized for url: https://api.quiverquant.com/beta/live/congresstrading
2026-07-02 11:00:11,026 [INFO] No trades returned from QuiverQuant
2026-07-02 11:05:02,169 [INFO] --- Checking trades for Markwayne Mullin ---
2026-07-02 11:05:02,468 [ERROR] Failed to fetch trades: 401 Client Error: Unauthorized for url: https://api.quiverquant.com/beta/live/congresstrading
2026-07-02 11:05:02,469 [INFO] No trades returned from QuiverQuant
2026-07-02 11:10:02,084 [INFO] --- Checking trades for Markwayne Mullin ---
2026-07-02 11:10:02,778 [ERROR] Failed to fetch trades: 401 Client Error: Unauthorized for url: https://api.quiverquant.com/beta/live/congresstrading
2026-07-02 11:10:02,779 [INFO] No trades returned from QuiverQuant
2026-07-02 11:15:01,863 [INFO] --- Checking trades for Markwayne Mullin ---
2026-07-02 11:15:03,852 [ERROR] Failed to fetch trades: 401 Client Error: Unauthorized for url: https://api.quiverquant.com/beta/live/congresstrading
2026-07-02 11:15:03,853 [INFO] No trades returned from QuiverQuant
2026-07-02 11:20:01,817 [INFO] --- Checking trades for Markwayne Mullin ---
2026-07-02 11:20:03,903 [ERROR] Failed to fetch trades: 401 Client Error: Unauthorized for url: https://api.quiverquant.com/beta/live/congresstrading
2026-07-02 11:20:03,904 [INFO] No trades returned from QuiverQuant
2026-07-02 11:25:02,710 [INFO] --- Checking trades for Markwayne Mullin ---
2026-07-02 11:25:03,021 [ERROR] Failed to fetch trades: 401 Client Error: Unauthorized for url: https://api.quiverquant.com/beta/live/congresstrading
2026-07-02 11:25:03,022 [INFO] No trades returned from QuiverQuant
2026-07-02 11:30:02,132 [INFO] --- Checking trades for Markwayne Mullin ---
2026-07-02 11:30:06,634 [ERROR] Failed to fetch trades: 401 Client Error: Unauthorized for url: https://api.quiverquant.com/beta/live/congresstrading
2026-07-02 11:30:06,636 [INFO] No trades returned from QuiverQuant
2026-07-02 11:35:02,456 [INFO] --- Checking trades for Markwayne Mullin ---
2026-07-02 11:35:17,592 [ERROR] Failed to fetch trades: HTTPSConnectionPool(host='api.quiverquant.com', port=443): Read timed out. (read timeout=15)
2026-07-02 11:35:17,592 [INFO] No trades returned from QuiverQuant
2026-07-02 11:40:01,805 [INFO] --- Checking trades for Markwayne Mullin ---
2026-07-02 11:40:03,184 [ERROR] Failed to fetch trades: 401 Client Error: Unauthorized for url: https://api.quiverquant.com/beta/live/congresstrading
2026-07-02 11:40:03,185 [INFO] No trades returned from QuiverQuant
2026-07-02 11:45:02,583 [INFO] --- Checking trades for Markwayne Mullin ---
2026-07-02 11:45:04,615 [ERROR] Failed to fetch trades: 401 Client Error: Unauthorized for url: https://api.quiverquant.com/beta/live/congresstrading
2026-07-02 11:45:04,617 [INFO] No trades returned from QuiverQuant
2026-07-02 11:50:01,948 [INFO] --- Checking trades for Markwayne Mullin ---
2026-07-02 11:50:15,920 [ERROR] Failed to fetch trades: 401 Client Error: Unauthorized for url: https://api.quiverquant.com/beta/live/congresstrading
2026-07-02 11:50:15,922 [INFO] No trades returned from QuiverQuant
2026-07-02 11:55:02,230 [INFO] --- Checking trades for Markwayne Mullin ---
2026-07-02 11:55:02,587 [ERROR] Failed to fetch trades: 401 Client Error: Unauthorized for url: https://api.quiverquant.com/beta/live/congresstrading
2026-07-02 11:55:02,589 [INFO] No trades returned from QuiverQuant
2026-07-02 12:00:02,016 [INFO] --- Checking trades for Markwayne Mullin ---
2026-07-02 12:00:06,255 [ERROR] Failed to fetch trades: 401 Client Error: Unauthorized for url: https://api.quiverquant.com/beta/live/congresstrading
2026-07-02 12:00:06,256 [INFO] No trades returned from QuiverQuant
2026-07-02 12:05:02,516 [INFO] --- Checking trades for Markwayne Mullin ---
2026-07-02 12:05:05,494 [ERROR] Failed to fetch trades: 401 Client Error: Unauthorized for url: https://api.quiverquant.com/beta/live/congresstrading
2026-07-02 12:05:05,496 [INFO] No trades returned from QuiverQuant
2026-07-02 12:10:02,707 [INFO] --- Checking trades for Markwayne Mullin ---
2026-07-02 12:10:17,911 [ERROR] Failed to fetch trades: HTTPSConnectionPool(host='api.quiverquant.com', port=443): Read timed out. (read timeout=15)
2026-07-02 12:10:17,912 [INFO] No trades returned from QuiverQuant
2026-07-02 12:15:02,652 [INFO] --- Checking trades for Markwayne Mullin ---
2026-07-02 12:15:15,657 [ERROR] Failed to fetch trades: 401 Client Error: Unauthorized for url: https://api.quiverquant.com/beta/live/congresstrading
2026-07-02 12:15:15,660 [INFO] No trades returned from QuiverQuant
2026-07-02 12:20:02,411 [INFO] --- Checking trades for Markwayne Mullin ---
2026-07-02 12:20:13,422 [ERROR] Failed to fetch trades: 401 Client Error: Unauthorized for url: https://api.quiverquant.com/beta/live/congresstrading
2026-07-02 12:20:13,424 [INFO] No trades returned from QuiverQuant
2026-07-02 12:25:02,746 [INFO] --- Checking trades for Markwayne Mullin ---
2026-07-02 12:25:03,206 [ERROR] Failed to fetch trades: 401 Client Error: Unauthorized for url: https://api.quiverquant.com/beta/live/congresstrading
2026-07-02 12:25:03,207 [INFO] No trades returned from QuiverQuant
2026-07-02 12:30:02,696 [INFO] --- Checking trades for Markwayne Mullin ---
2026-07-02 12:30:17,836 [ERROR] Failed to fetch trades: HTTPSConnectionPool(host='api.quiverquant.com', port=443): Read timed out. (read timeout=15)
2026-07-02 12:30:17,836 [INFO] No trades returned from QuiverQuant
2026-07-02 12:35:02,631 [INFO] --- Checking trades for Markwayne Mullin ---
2026-07-02 12:35:07,598 [ERROR] Failed to fetch trades: 401 Client Error: Unauthorized for url: https://api.quiverquant.com/beta/live/congresstrading
2026-07-02 12:35:07,600 [INFO] No trades returned from QuiverQuant
2026-07-02 12:40:01,823 [INFO] --- Checking trades for Markwayne Mullin ---
2026-07-02 12:40:06,363 [ERROR] Failed to fetch trades: 401 Client Error: Unauthorized for url: https://api.quiverquant.com/beta/live/congresstrading
2026-07-02 12:40:06,365 [INFO] No trades returned from QuiverQuant
2026-07-02 12:45:01,959 [INFO] --- Checking trades for Markwayne Mullin ---
2026-07-02 12:45:17,094 [ERROR] Failed to fetch trades: HTTPSConnectionPool(host='api.quiverquant.com', port=443): Read timed out. (read timeout=15)
2026-07-02 12:45:17,094 [INFO] No trades returned from QuiverQuant
2026-07-02 12:50:02,270 [INFO] --- Checking trades for Markwayne Mullin ---
2026-07-02 12:50:17,407 [ERROR] Failed to fetch trades: HTTPSConnectionPool(host='api.quiverquant.com', port=443): Read timed out. (read timeout=15)
2026-07-02 12:50:17,408 [INFO] No trades returned from QuiverQuant
2026-07-02 12:55:02,200 [INFO] --- Checking trades for Markwayne Mullin ---
2026-07-02 12:55:03,229 [ERROR] Failed to fetch trades: 401 Client Error: Unauthorized for url: https://api.quiverquant.com/beta/live/congresstrading
2026-07-02 12:55:03,231 [INFO] No trades returned from QuiverQuant
2026-07-02 13:00:01,892 [INFO] --- Checking trades for Markwayne Mullin ---
2026-07-02 13:00:02,324 [ERROR] Failed to fetch trades: 401 Client Error: Unauthorized for url: https://api.quiverquant.com/beta/live/congresstrading
2026-07-02 13:00:02,325 [INFO] No trades returned from QuiverQuant
2026-07-02 13:05:02,510 [INFO] --- Checking trades for Markwayne Mullin ---
2026-07-02 13:05:17,664 [ERROR] Failed to fetch trades: HTTPSConnectionPool(host='api.quiverquant.com', port=443): Read timed out. (read timeout=15)
2026-07-02 13:05:17,664 [INFO] No trades returned from QuiverQuant
2026-07-02 13:10:02,704 [INFO] --- Checking trades for Markwayne Mullin ---
2026-07-02 13:10:03,021 [ERROR] Failed to fetch trades: 401 Client Error: Unauthorized for url: https://api.quiverquant.com/beta/live/congresstrading
2026-07-02 13:10:03,023 [INFO] No trades returned from QuiverQuant
2026-07-02 13:15:02,400 [INFO] --- Checking trades for Markwayne Mullin ---
2026-07-02 13:15:04,367 [ERROR] Failed to fetch trades: 401 Client Error: Unauthorized for url: https://api.quiverquant.com/beta/live/congresstrading
2026-07-02 13:15:04,369 [INFO] No trades returned from QuiverQuant
2026-07-02 13:20:01,919 [INFO] --- Checking trades for Markwayne Mullin ---
2026-07-02 13:20:17,002 [ERROR] Failed to fetch trades: HTTPSConnectionPool(host='api.quiverquant.com', port=443): Read timed out. (read timeout=15)
2026-07-02 13:20:17,003 [INFO] No trades returned from QuiverQuant
2026-07-02 13:25:02,535 [INFO] --- Checking trades for Markwayne Mullin ---
2026-07-02 13:25:17,695 [ERROR] Failed to fetch trades: HTTPSConnectionPool(host='api.quiverquant.com', port=443): Read timed out. (read timeout=15)
2026-07-02 13:25:17,695 [INFO] No trades returned from QuiverQuant
2026-07-02 13:30:02,473 [INFO] --- Checking trades for Markwayne Mullin ---
2026-07-02 13:30:17,602 [ERROR] Failed to fetch trades: HTTPSConnectionPool(host='api.quiverquant.com', port=443): Read timed out. (read timeout=15)
2026-07-02 13:30:17,602 [INFO] No trades returned from QuiverQuant
2026-07-02 13:35:02,718 [INFO] --- Checking trades for Markwayne Mullin ---
2026-07-02 13:35:17,861 [ERROR] Failed to fetch trades: HTTPSConnectionPool(host='api.quiverquant.com', port=443): Read timed out. (read timeout=15)
2026-07-02 13:35:17,862 [INFO] No trades returned from QuiverQuant
2026-07-02 13:40:02,711 [INFO] --- Checking trades for Markwayne Mullin ---
2026-07-02 13:40:17,877 [ERROR] Failed to fetch trades: HTTPSConnectionPool(host='api.quiverquant.com', port=443): Read timed out. (read timeout=15)
2026-07-02 13:40:17,878 [INFO] No trades returned from QuiverQuant
2026-07-02 13:45:01,912 [INFO] --- Checking trades for Markwayne Mullin ---
2026-07-02 13:45:04,610 [ERROR] Failed to fetch trades: 401 Client Error: Unauthorized for url: https://api.quiverquant.com/beta/live/congresstrading
2026-07-02 13:45:04,612 [INFO] No trades returned from QuiverQuant
2026-07-02 13:50:02,206 [INFO] --- Checking trades for Markwayne Mullin ---
2026-07-02 13:50:17,332 [ERROR] Failed to fetch trades: HTTPSConnectionPool(host='api.quiverquant.com', port=443): Read timed out. (read timeout=15)
2026-07-02 13:50:17,332 [INFO] No trades returned from QuiverQuant
2026-07-02 13:55:02,185 [INFO] --- Checking trades for Markwayne Mullin ---
2026-07-02 13:55:17,336 [ERROR] Failed to fetch trades: HTTPSConnectionPool(host='api.quiverquant.com', port=443): Read timed out. (read timeout=15)
2026-07-02 13:55:17,337 [INFO] No trades returned from QuiverQuant
2026-07-02 14:00:02,627 [INFO] --- Checking trades for Markwayne Mullin ---
2026-07-02 14:00:13,113 [ERROR] Failed to fetch trades: 401 Client Error: Unauthorized for url: https://api.quiverquant.com/beta/live/congresstrading
2026-07-02 14:00:13,115 [INFO] No trades returned from QuiverQuant
2026-07-02 14:05:02,455 [INFO] --- Checking trades for Markwayne Mullin ---
2026-07-02 14:05:09,734 [ERROR] Failed to fetch trades: 401 Client Error: Unauthorized for url: https://api.quiverquant.com/beta/live/congresstrading
2026-07-02 14:05:09,735 [INFO] No trades returned from QuiverQuant
2026-07-02 14:10:02,609 [INFO] --- Checking trades for Markwayne Mullin ---
2026-07-02 14:10:04,760 [ERROR] Failed to fetch trades: 401 Client Error: Unauthorized for url: https://api.quiverquant.com/beta/live/congresstrading
2026-07-02 14:10:04,762 [INFO] No trades returned from QuiverQuant
2026-07-02 14:15:02,755 [INFO] --- Checking trades for Markwayne Mullin ---
2026-07-02 14:15:17,888 [ERROR] Failed to fetch trades: HTTPSConnectionPool(host='api.quiverquant.com', port=443): Read timed out. (read timeout=15)
2026-07-02 14:15:17,889 [INFO] No trades returned from QuiverQuant
2026-07-02 14:20:02,446 [INFO] --- Checking trades for Markwayne Mullin ---
2026-07-02 14:20:02,843 [ERROR] Failed to fetch trades: 401 Client Error: Unauthorized for url: https://api.quiverquant.com/beta/live/congresstrading
2026-07-02 14:20:02,845 [INFO] No trades returned from QuiverQuant
2026-07-02 14:25:02,453 [INFO] --- Checking trades for Markwayne Mullin ---
2026-07-02 14:25:02,788 [ERROR] Failed to fetch trades: 401 Client Error: Unauthorized for url: https://api.quiverquant.com/beta/live/congresstrading
2026-07-02 14:25:02,789 [INFO] No trades returned from QuiverQuant
2026-07-02 14:30:01,959 [INFO] --- Checking trades for Markwayne Mullin ---
2026-07-02 14:30:12,824 [ERROR] Failed to fetch trades: 401 Client Error: Unauthorized for url: https://api.quiverquant.com/beta/live/congresstrading
2026-07-02 14:30:12,827 [INFO] No trades returned from QuiverQuant
2026-07-02 14:35:01,855 [INFO] --- Checking trades for Markwayne Mullin ---
2026-07-02 14:35:17,009 [ERROR] Failed to fetch trades: HTTPSConnectionPool(host='api.quiverquant.com', port=443): Read timed out. (read timeout=15)
2026-07-02 14:35:17,009 [INFO] No trades returned from QuiverQuant
2026-07-02 14:40:02,579 [INFO] --- Checking trades for Markwayne Mullin ---
2026-07-02 14:40:03,100 [ERROR] Failed to fetch trades: 401 Client Error: Unauthorized for url: https://api.quiverquant.com/beta/live/congresstrading
2026-07-02 14:40:03,102 [INFO] No trades returned from QuiverQuant
2026-07-02 14:45:02,204 [INFO] --- Checking trades for Markwayne Mullin ---
2026-07-02 14:45:02,606 [ERROR] Failed to fetch trades: 401 Client Error: Unauthorized for url: https://api.quiverquant.com/beta/live/congresstrading
2026-07-02 14:45:02,608 [INFO] No trades returned from QuiverQuant
2026-07-02 14:50:02,347 [INFO] --- Checking trades for Markwayne Mullin ---
2026-07-02 14:50:17,512 [ERROR] Failed to fetch trades: HTTPSConnectionPool(host='api.quiverquant.com', port=443): Read timed out. (read timeout=15)
2026-07-02 14:50:17,512 [INFO] No trades returned from QuiverQuant
2026-07-02 14:55:02,381 [INFO] --- Checking trades for Markwayne Mullin ---
2026-07-02 14:55:02,866 [ERROR] Failed to fetch trades: 401 Client Error: Unauthorized for url: https://api.quiverquant.com/beta/live/congresstrading
2026-07-02 14:55:02,867 [INFO] No trades returned from QuiverQuant
2026-07-02 15:00:02,309 [INFO] --- Checking trades for Markwayne Mullin ---
2026-07-02 15:00:06,383 [ERROR] Failed to fetch trades: 401 Client Error: Unauthorized for url: https://api.quiverquant.com/beta/live/congresstrading
2026-07-02 15:00:06,385 [INFO] No trades returned from QuiverQuant
2026-07-02 15:05:02,238 [INFO] --- Checking trades for Markwayne Mullin ---
2026-07-02 15:05:04,775 [ERROR] Failed to fetch trades: 401 Client Error: Unauthorized for url: https://api.quiverquant.com/beta/live/congresstrading
2026-07-02 15:05:04,777 [INFO] No trades returned from QuiverQuant
2026-07-02 15:10:02,703 [INFO] --- Checking trades for Markwayne Mullin ---
2026-07-02 15:10:04,710 [ERROR] Failed to fetch trades: 401 Client Error: Unauthorized for url: https://api.quiverquant.com/beta/live/congresstrading
2026-07-02 15:10:04,712 [INFO] No trades returned from QuiverQuant
2026-07-02 15:15:02,607 [INFO] --- Checking trades for Markwayne Mullin ---
2026-07-02 15:15:02,880 [ERROR] Failed to fetch trades: 401 Client Error: Unauthorized for url: https://api.quiverquant.com/beta/live/congresstrading
2026-07-02 15:15:02,882 [INFO] No trades returned from QuiverQuant
2026-07-02 15:20:02,029 [INFO] --- Checking trades for Markwayne Mullin ---
2026-07-02 15:20:02,617 [ERROR] Failed to fetch trades: 401 Client Error: Unauthorized for url: https://api.quiverquant.com/beta/live/congresstrading
2026-07-02 15:20:02,619 [INFO] No trades returned from QuiverQuant
2026-07-02 15:25:02,715 [INFO] --- Checking trades for Markwayne Mullin ---
2026-07-02 15:25:03,031 [ERROR] Failed to fetch trades: 401 Client Error: Unauthorized for url: https://api.quiverquant.com/beta/live/congresstrading
2026-07-02 15:25:03,033 [INFO] No trades returned from QuiverQuant
2026-07-02 15:30:02,223 [INFO] --- Checking trades for Markwayne Mullin ---
2026-07-02 15:30:06,484 [ERROR] Failed to fetch trades: 401 Client Error: Unauthorized for url: https://api.quiverquant.com/beta/live/congresstrading
2026-07-02 15:30:06,486 [INFO] No trades returned from QuiverQuant
2026-07-02 15:35:02,449 [INFO] --- Checking trades for Markwayne Mullin ---
2026-07-02 15:35:10,368 [ERROR] Failed to fetch trades: 401 Client Error: Unauthorized for url: https://api.quiverquant.com/beta/live/congresstrading
2026-07-02 15:35:10,370 [INFO] No trades returned from QuiverQuant
2026-07-02 15:40:02,283 [INFO] --- Checking trades for Markwayne Mullin ---
2026-07-02 15:40:02,557 [ERROR] Failed to fetch trades: 401 Client Error: Unauthorized for url: https://api.quiverquant.com/beta/live/congresstrading
2026-07-02 15:40:02,559 [INFO] No trades returned from QuiverQuant
2026-07-02 15:45:01,904 [INFO] --- Checking trades for Markwayne Mullin ---
2026-07-02 15:45:02,586 [ERROR] Failed to fetch trades: 401 Client Error: Unauthorized for url: https://api.quiverquant.com/beta/live/congresstrading
2026-07-02 15:45:02,589 [INFO] No trades returned from QuiverQuant
2026-07-02 15:50:02,474 [INFO] --- Checking trades for Markwayne Mullin ---
2026-07-02 15:50:03,027 [ERROR] Failed to fetch trades: 401 Client Error: Unauthorized for url: https://api.quiverquant.com/beta/live/congresstrading
2026-07-02 15:50:03,029 [INFO] No trades returned from QuiverQuant
2026-07-02 15:55:01,919 [INFO] --- Checking trades for Markwayne Mullin ---
2026-07-02 15:55:02,341 [ERROR] Failed to fetch trades: 401 Client Error: Unauthorized for url: https://api.quiverquant.com/beta/live/congresstrading
2026-07-02 15:55:02,343 [INFO] No trades returned from QuiverQuant
2026-07-03 08:00:02,486 [INFO] --- Checking trades for Markwayne Mullin ---
2026-07-03 08:00:03,145 [ERROR] Failed to fetch trades: 401 Client Error: Unauthorized for url: https://api.quiverquant.com/beta/live/congresstrading
2026-07-03 08:00:03,147 [INFO] No trades returned from QuiverQuant
2026-07-03 08:05:02,537 [INFO] --- Checking trades for Markwayne Mullin ---
2026-07-03 08:05:04,949 [ERROR] Failed to fetch trades: 401 Client Error: Unauthorized for url: https://api.quiverquant.com/beta/live/congresstrading
2026-07-03 08:05:04,950 [INFO] No trades returned from QuiverQuant
2026-07-03 08:10:02,604 [INFO] --- Checking trades for Markwayne Mullin ---
2026-07-03 08:10:02,918 [ERROR] Failed to fetch trades: 401 Client Error: Unauthorized for url: https://api.quiverquant.com/beta/live/congresstrading
2026-07-03 08:10:02,920 [INFO] No trades returned from QuiverQuant
2026-07-03 08:15:01,835 [INFO] --- Checking trades for Markwayne Mullin ---
2026-07-03 08:15:02,593 [ERROR] Failed to fetch trades: 401 Client Error: Unauthorized for url: https://api.quiverquant.com/beta/live/congresstrading
2026-07-03 08:15:02,595 [INFO] No trades returned from QuiverQuant
2026-07-03 08:20:02,625 [INFO] --- Checking trades for Markwayne Mullin ---
2026-07-03 08:20:03,979 [ERROR] Failed to fetch trades: 401 Client Error: Unauthorized for url: https://api.quiverquant.com/beta/live/congresstrading
2026-07-03 08:20:03,982 [INFO] No trades returned from QuiverQuant
2026-07-03 08:25:02,679 [INFO] --- Checking trades for Markwayne Mullin ---
2026-07-03 08:25:02,922 [ERROR] Failed to fetch trades: 401 Client Error: Unauthorized for url: https://api.quiverquant.com/beta/live/congresstrading
2026-07-03 08:25:02,923 [INFO] No trades returned from QuiverQuant
2026-07-03 08:30:02,354 [INFO] --- Checking trades for Markwayne Mullin ---
2026-07-03 08:30:03,255 [ERROR] Failed to fetch trades: 401 Client Error: Unauthorized for url: https://api.quiverquant.com/beta/live/congresstrading
2026-07-03 08:30:03,257 [INFO] No trades returned from QuiverQuant
2026-07-03 08:35:02,562 [INFO] --- Checking trades for Markwayne Mullin ---
2026-07-03 08:35:03,074 [ERROR] Failed to fetch trades: 401 Client Error: Unauthorized for url: https://api.quiverquant.com/beta/live/congresstrading
2026-07-03 08:35:03,076 [INFO] No trades returned from QuiverQuant
2026-07-03 08:40:01,942 [INFO] --- Checking trades for Markwayne Mullin ---
2026-07-03 08:40:03,214 [ERROR] Failed to fetch trades: 401 Client Error: Unauthorized for url: https://api.quiverquant.com/beta/live/congresstrading
2026-07-03 08:40:03,216 [INFO] No trades returned from QuiverQuant
2026-07-03 08:45:01,834 [INFO] --- Checking trades for Markwayne Mullin ---
2026-07-03 08:45:02,135 [ERROR] Failed to fetch trades: 401 Client Error: Unauthorized for url: https://api.quiverquant.com/beta/live/congresstrading
2026-07-03 08:45:02,137 [INFO] No trades returned from QuiverQuant
2026-07-03 08:50:01,748 [INFO] --- Checking trades for Markwayne Mullin ---
2026-07-03 08:50:02,951 [ERROR] Failed to fetch trades: 401 Client Error: Unauthorized for url: https://api.quiverquant.com/beta/live/congresstrading
2026-07-03 08:50:02,953 [INFO] No trades returned from QuiverQuant
2026-07-03 08:55:02,134 [INFO] --- Checking trades for Markwayne Mullin ---
2026-07-03 08:55:03,044 [ERROR] Failed to fetch trades: 401 Client Error: Unauthorized for url: https://api.quiverquant.com/beta/live/congresstrading
2026-07-03 08:55:03,045 [INFO] No trades returned from QuiverQuant
2026-07-03 09:00:01,938 [INFO] --- Checking trades for Markwayne Mullin ---
2026-07-03 09:00:03,348 [ERROR] Failed to fetch trades: 401 Client Error: Unauthorized for url: https://api.quiverquant.com/beta/live/congresstrading
2026-07-03 09:00:03,350 [INFO] No trades returned from QuiverQuant
2026-07-03 09:05:01,782 [INFO] --- Checking trades for Markwayne Mullin ---
2026-07-03 09:05:05,839 [ERROR] Failed to fetch trades: 401 Client Error: Unauthorized for url: https://api.quiverquant.com/beta/live/congresstrading
2026-07-03 09:05:05,842 [INFO] No trades returned from QuiverQuant
2026-07-03 09:10:02,679 [INFO] --- Checking trades for Markwayne Mullin ---
2026-07-03 09:10:02,987 [ERROR] Failed to fetch trades: 401 Client Error: Unauthorized for url: https://api.quiverquant.com/beta/live/congresstrading
2026-07-03 09:10:02,988 [INFO] No trades returned from QuiverQuant
2026-07-03 09:15:02,541 [INFO] --- Checking trades for Markwayne Mullin ---
2026-07-03 09:15:03,297 [ERROR] Failed to fetch trades: 401 Client Error: Unauthorized for url: https://api.quiverquant.com/beta/live/congresstrading
2026-07-03 09:15:03,299 [INFO] No trades returned from QuiverQuant
2026-07-03 09:20:02,573 [INFO] --- Checking trades for Markwayne Mullin ---
2026-07-03 09:20:04,843 [ERROR] Failed to fetch trades: 401 Client Error: Unauthorized for url: https://api.quiverquant.com/beta/live/congresstrading
2026-07-03 09:20:04,846 [INFO] No trades returned from QuiverQuant
2026-07-03 09:25:02,403 [INFO] --- Checking trades for Markwayne Mullin ---
2026-07-03 09:25:02,757 [ERROR] Failed to fetch trades: 401 Client Error: Unauthorized for url: https://api.quiverquant.com/beta/live/congresstrading
2026-07-03 09:25:02,759 [INFO] No trades returned from QuiverQuant
2026-07-03 09:30:02,253 [INFO] --- Checking trades for Markwayne Mullin ---
2026-07-03 09:30:04,263 [ERROR] Failed to fetch trades: 401 Client Error: Unauthorized for url: https://api.quiverquant.com/beta/live/congresstrading
2026-07-03 09:30:04,265 [INFO] No trades returned from QuiverQuant
2026-07-03 09:35:02,399 [INFO] --- Checking trades for Markwayne Mullin ---
2026-07-03 09:35:02,777 [ERROR] Failed to fetch trades: 401 Client Error: Unauthorized for url: https://api.quiverquant.com/beta/live/congresstrading
2026-07-03 09:35:02,778 [INFO] No trades returned from QuiverQuant
2026-07-03 09:40:02,394 [INFO] --- Checking trades for Markwayne Mullin ---
2026-07-03 09:40:04,276 [ERROR] Failed to fetch trades: 401 Client Error: Unauthorized for url: https://api.quiverquant.com/beta/live/congresstrading
2026-07-03 09:40:04,278 [INFO] No trades returned from QuiverQuant
2026-07-03 09:45:02,394 [INFO] --- Checking trades for Markwayne Mullin ---
2026-07-03 09:45:03,390 [ERROR] Failed to fetch trades: 401 Client Error: Unauthorized for url: https://api.quiverquant.com/beta/live/congresstrading
2026-07-03 09:45:03,392 [INFO] No trades returned from QuiverQuant
2026-07-03 09:50:02,333 [INFO] --- Checking trades for Markwayne Mullin ---
2026-07-03 09:50:04,574 [ERROR] Failed to fetch trades: 401 Client Error: Unauthorized for url: https://api.quiverquant.com/beta/live/congresstrading
2026-07-03 09:50:04,576 [INFO] No trades returned from QuiverQuant
2026-07-03 09:55:02,187 [INFO] --- Checking trades for Markwayne Mullin ---
2026-07-03 09:55:02,605 [ERROR] Failed to fetch trades: 401 Client Error: Unauthorized for url: https://api.quiverquant.com/beta/live/congresstrading
2026-07-03 09:55:02,607 [INFO] No trades returned from QuiverQuant
2026-07-03 10:00:01,998 [INFO] --- Checking trades for Markwayne Mullin ---
2026-07-03 10:00:04,428 [ERROR] Failed to fetch trades: 401 Client Error: Unauthorized for url: https://api.quiverquant.com/beta/live/congresstrading
2026-07-03 10:00:04,431 [INFO] No trades returned from QuiverQuant
2026-07-03 10:05:02,262 [INFO] --- Checking trades for Markwayne Mullin ---
2026-07-03 10:05:03,118 [ERROR] Failed to fetch trades: 401 Client Error: Unauthorized for url: https://api.quiverquant.com/beta/live/congresstrading
2026-07-03 10:05:03,120 [INFO] No trades returned from QuiverQuant
2026-07-03 10:10:02,066 [INFO] --- Checking trades for Markwayne Mullin ---
2026-07-03 10:10:02,989 [ERROR] Failed to fetch trades: 401 Client Error: Unauthorized for url: https://api.quiverquant.com/beta/live/congresstrading
2026-07-03 10:10:02,991 [INFO] No trades returned from QuiverQuant
2026-07-03 10:15:01,837 [INFO] --- Checking trades for Markwayne Mullin ---
2026-07-03 10:15:02,239 [ERROR] Failed to fetch trades: 401 Client Error: Unauthorized for url: https://api.quiverquant.com/beta/live/congresstrading
2026-07-03 10:15:02,240 [INFO] No trades returned from QuiverQuant
2026-07-03 10:20:02,546 [INFO] --- Checking trades for Markwayne Mullin ---
2026-07-03 10:20:02,944 [ERROR] Failed to fetch trades: 401 Client Error: Unauthorized for url: https://api.quiverquant.com/beta/live/congresstrading
2026-07-03 10:20:02,946 [INFO] No trades returned from QuiverQuant
2026-07-03 10:25:02,612 [INFO] --- Checking trades for Markwayne Mullin ---
2026-07-03 10:25:03,505 [ERROR] Failed to fetch trades: 401 Client Error: Unauthorized for url: https://api.quiverquant.com/beta/live/congresstrading
2026-07-03 10:25:03,506 [INFO] No trades returned from QuiverQuant
2026-07-03 10:30:02,594 [INFO] --- Checking trades for Markwayne Mullin ---
2026-07-03 10:30:03,631 [ERROR] Failed to fetch trades: 401 Client Error: Unauthorized for url: https://api.quiverquant.com/beta/live/congresstrading
2026-07-03 10:30:03,632 [INFO] No trades returned from QuiverQuant
2026-07-03 10:35:02,037 [INFO] --- Checking trades for Markwayne Mullin ---
2026-07-03 10:35:03,147 [ERROR] Failed to fetch trades: 401 Client Error: Unauthorized for url: https://api.quiverquant.com/beta/live/congresstrading
2026-07-03 10:35:03,150 [INFO] No trades returned from QuiverQuant
2026-07-03 10:40:02,056 [INFO] --- Checking trades for Markwayne Mullin ---
2026-07-03 10:40:03,559 [ERROR] Failed to fetch trades: 401 Client Error: Unauthorized for url: https://api.quiverquant.com/beta/live/congresstrading
2026-07-03 10:40:03,560 [INFO] No trades returned from QuiverQuant
2026-07-03 10:45:01,965 [INFO] --- Checking trades for Markwayne Mullin ---
2026-07-03 10:45:03,627 [ERROR] Failed to fetch trades: 401 Client Error: Unauthorized for url: https://api.quiverquant.com/beta/live/congresstrading
2026-07-03 10:45:03,628 [INFO] No trades returned from QuiverQuant
2026-07-03 10:50:02,237 [INFO] --- Checking trades for Markwayne Mullin ---
2026-07-03 10:50:17,380 [ERROR] Failed to fetch trades: HTTPSConnectionPool(host='api.quiverquant.com', port=443): Read timed out. (read timeout=15)
2026-07-03 10:50:17,381 [INFO] No trades returned from QuiverQuant
2026-07-03 10:55:01,927 [INFO] --- Checking trades for Markwayne Mullin ---
2026-07-03 10:55:04,469 [ERROR] Failed to fetch trades: 401 Client Error: Unauthorized for url: https://api.quiverquant.com/beta/live/congresstrading
2026-07-03 10:55:04,472 [INFO] No trades returned from QuiverQuant
2026-07-03 11:00:02,052 [INFO] --- Checking trades for Markwayne Mullin ---
2026-07-03 11:00:12,410 [ERROR] Failed to fetch trades: 401 Client Error: Unauthorized for url: https://api.quiverquant.com/beta/live/congresstrading
2026-07-03 11:00:12,413 [INFO] No trades returned from QuiverQuant
2026-07-03 11:05:01,911 [INFO] --- Checking trades for Markwayne Mullin ---
2026-07-03 11:05:16,978 [ERROR] Failed to fetch trades: HTTPSConnectionPool(host='api.quiverquant.com', port=443): Read timed out. (read timeout=15)
2026-07-03 11:05:16,979 [INFO] No trades returned from QuiverQuant
2026-07-03 11:10:02,564 [INFO] --- Checking trades for Markwayne Mullin ---
2026-07-03 11:10:04,233 [ERROR] Failed to fetch trades: 401 Client Error: Unauthorized for url: https://api.quiverquant.com/beta/live/congresstrading
2026-07-03 11:10:04,235 [INFO] No trades returned from QuiverQuant
2026-07-03 11:15:01,882 [INFO] --- Checking trades for Markwayne Mullin ---
2026-07-03 11:15:02,818 [ERROR] Failed to fetch trades: 401 Client Error: Unauthorized for url: https://api.quiverquant.com/beta/live/congresstrading
2026-07-03 11:15:02,820 [INFO] No trades returned from QuiverQuant
2026-07-03 11:20:01,816 [INFO] --- Checking trades for Markwayne Mullin ---
2026-07-03 11:20:02,314 [ERROR] Failed to fetch trades: 401 Client Error: Unauthorized for url: https://api.quiverquant.com/beta/live/congresstrading
2026-07-03 11:20:02,317 [INFO] No trades returned from QuiverQuant
2026-07-03 11:25:02,402 [INFO] --- Checking trades for Markwayne Mullin ---
2026-07-03 11:25:03,036 [ERROR] Failed to fetch trades: 401 Client Error: Unauthorized for url: https://api.quiverquant.com/beta/live/congresstrading
2026-07-03 11:25:03,037 [INFO] No trades returned from QuiverQuant
2026-07-03 11:30:02,385 [INFO] --- Checking trades for Markwayne Mullin ---
2026-07-03 11:30:03,868 [ERROR] Failed to fetch trades: 401 Client Error: Unauthorized for url: https://api.quiverquant.com/beta/live/congresstrading
2026-07-03 11:30:03,870 [INFO] No trades returned from QuiverQuant
2026-07-03 11:35:02,587 [INFO] --- Checking trades for Markwayne Mullin ---
2026-07-03 11:35:02,953 [ERROR] Failed to fetch trades: 401 Client Error: Unauthorized for url: https://api.quiverquant.com/beta/live/congresstrading
2026-07-03 11:35:02,956 [INFO] No trades returned from QuiverQuant
2026-07-03 11:40:01,972 [INFO] --- Checking trades for Markwayne Mullin ---
2026-07-03 11:40:02,857 [ERROR] Failed to fetch trades: 401 Client Error: Unauthorized for url: https://api.quiverquant.com/beta/live/congresstrading
2026-07-03 11:40:02,860 [INFO] No trades returned from QuiverQuant
2026-07-03 11:45:02,186 [INFO] --- Checking trades for Markwayne Mullin ---
2026-07-03 11:45:03,196 [ERROR] Failed to fetch trades: 401 Client Error: Unauthorized for url: https://api.quiverquant.com/beta/live/congresstrading
2026-07-03 11:45:03,198 [INFO] No trades returned from QuiverQuant
2026-07-03 11:50:02,053 [INFO] --- Checking trades for Markwayne Mullin ---
2026-07-03 11:50:02,439 [ERROR] Failed to fetch trades: 401 Client Error: Unauthorized for url: https://api.quiverquant.com/beta/live/congresstrading
2026-07-03 11:50:02,440 [INFO] No trades returned from QuiverQuant
2026-07-03 11:55:01,954 [INFO] --- Checking trades for Markwayne Mullin ---
2026-07-03 11:55:03,269 [ERROR] Failed to fetch trades: 401 Client Error: Unauthorized for url: https://api.quiverquant.com/beta/live/congresstrading
2026-07-03 11:55:03,271 [INFO] No trades returned from QuiverQuant
2026-07-03 12:00:02,205 [INFO] --- Checking trades for Markwayne Mullin ---
2026-07-03 12:00:05,038 [ERROR] Failed to fetch trades: 401 Client Error: Unauthorized for url: https://api.quiverquant.com/beta/live/congresstrading
2026-07-03 12:00:05,041 [INFO] No trades returned from QuiverQuant
2026-07-03 12:05:01,848 [INFO] --- Checking trades for Markwayne Mullin ---
2026-07-03 12:05:09,864 [ERROR] Failed to fetch trades: 401 Client Error: Unauthorized for url: https://api.quiverquant.com/beta/live/congresstrading
2026-07-03 12:05:09,867 [INFO] No trades returned from QuiverQuant
2026-07-03 12:10:02,582 [INFO] --- Checking trades for Markwayne Mullin ---
2026-07-03 12:10:04,059 [ERROR] Failed to fetch trades: 401 Client Error: Unauthorized for url: https://api.quiverquant.com/beta/live/congresstrading
2026-07-03 12:10:04,060 [INFO] No trades returned from QuiverQuant
2026-07-03 12:15:01,805 [INFO] --- Checking trades for Markwayne Mullin ---
2026-07-03 12:15:02,527 [ERROR] Failed to fetch trades: 401 Client Error: Unauthorized for url: https://api.quiverquant.com/beta/live/congresstrading
2026-07-03 12:15:02,529 [INFO] No trades returned from QuiverQuant
2026-07-03 12:20:02,055 [INFO] --- Checking trades for Markwayne Mullin ---
2026-07-03 12:20:02,536 [ERROR] Failed to fetch trades: 401 Client Error: Unauthorized for url: https://api.quiverquant.com/beta/live/congresstrading
2026-07-03 12:20:02,538 [INFO] No trades returned from QuiverQuant
2026-07-03 12:25:02,094 [INFO] --- Checking trades for Markwayne Mullin ---
2026-07-03 12:25:02,411 [ERROR] Failed to fetch trades: 401 Client Error: Unauthorized for url: https://api.quiverquant.com/beta/live/congresstrading
2026-07-03 12:25:02,414 [INFO] No trades returned from QuiverQuant
2026-07-03 12:30:02,017 [INFO] --- Checking trades for Markwayne Mullin ---
2026-07-03 12:30:03,747 [ERROR] Failed to fetch trades: 401 Client Error: Unauthorized for url: https://api.quiverquant.com/beta/live/congresstrading
2026-07-03 12:30:03,749 [INFO] No trades returned from QuiverQuant
2026-07-03 12:35:01,912 [INFO] --- Checking trades for Markwayne Mullin ---
2026-07-03 12:35:03,331 [ERROR] Failed to fetch trades: 401 Client Error: Unauthorized for url: https://api.quiverquant.com/beta/live/congresstrading
2026-07-03 12:35:03,333 [INFO] No trades returned from QuiverQuant
2026-07-03 12:40:01,712 [INFO] --- Checking trades for Markwayne Mullin ---
2026-07-03 12:40:02,340 [ERROR] Failed to fetch trades: 401 Client Error: Unauthorized for url: https://api.quiverquant.com/beta/live/congresstrading
2026-07-03 12:40:02,342 [INFO] No trades returned from QuiverQuant
2026-07-03 12:45:02,591 [INFO] --- Checking trades for Markwayne Mullin ---
2026-07-03 12:45:02,963 [ERROR] Failed to fetch trades: 401 Client Error: Unauthorized for url: https://api.quiverquant.com/beta/live/congresstrading
2026-07-03 12:45:02,965 [INFO] No trades returned from QuiverQuant
2026-07-03 12:50:02,527 [INFO] --- Checking trades for Markwayne Mullin ---
2026-07-03 12:50:13,110 [ERROR] Failed to fetch trades: 401 Client Error: Unauthorized for url: https://api.quiverquant.com/beta/live/congresstrading
2026-07-03 12:50:13,112 [INFO] No trades returned from QuiverQuant
2026-07-03 12:55:01,765 [INFO] --- Checking trades for Markwayne Mullin ---
2026-07-03 12:55:11,199 [ERROR] Failed to fetch trades: 401 Client Error: Unauthorized for url: https://api.quiverquant.com/beta/live/congresstrading
2026-07-03 12:55:11,201 [INFO] No trades returned from QuiverQuant
2026-07-03 13:00:01,786 [INFO] --- Checking trades for Markwayne Mullin ---
2026-07-03 13:00:04,414 [ERROR] Failed to fetch trades: 401 Client Error: Unauthorized for url: https://api.quiverquant.com/beta/live/congresstrading
2026-07-03 13:00:04,415 [INFO] No trades returned from QuiverQuant
2026-07-03 13:05:01,825 [INFO] --- Checking trades for Markwayne Mullin ---
2026-07-03 13:05:02,646 [ERROR] Failed to fetch trades: 401 Client Error: Unauthorized for url: https://api.quiverquant.com/beta/live/congresstrading
2026-07-03 13:05:02,648 [INFO] No trades returned from QuiverQuant
2026-07-03 13:10:02,245 [INFO] --- Checking trades for Markwayne Mullin ---
2026-07-03 13:10:05,541 [ERROR] Failed to fetch trades: 401 Client Error: Unauthorized for url: https://api.quiverquant.com/beta/live/congresstrading
2026-07-03 13:10:05,544 [INFO] No trades returned from QuiverQuant
2026-07-03 13:15:01,900 [INFO] --- Checking trades for Markwayne Mullin ---
2026-07-03 13:15:03,341 [ERROR] Failed to fetch trades: 401 Client Error: Unauthorized for url: https://api.quiverquant.com/beta/live/congresstrading
2026-07-03 13:15:03,343 [INFO] No trades returned from QuiverQuant
2026-07-03 13:20:01,697 [INFO] --- Checking trades for Markwayne Mullin ---
2026-07-03 13:20:03,506 [ERROR] Failed to fetch trades: 401 Client Error: Unauthorized for url: https://api.quiverquant.com/beta/live/congresstrading
2026-07-03 13:20:03,508 [INFO] No trades returned from QuiverQuant
2026-07-03 13:25:01,809 [INFO] --- Checking trades for Markwayne Mullin ---
2026-07-03 13:25:03,232 [ERROR] Failed to fetch trades: 401 Client Error: Unauthorized for url: https://api.quiverquant.com/beta/live/congresstrading
2026-07-03 13:25:03,235 [INFO] No trades returned from QuiverQuant
2026-07-03 13:30:01,860 [INFO] --- Checking trades for Markwayne Mullin ---
2026-07-03 13:30:08,668 [ERROR] Failed to fetch trades: 401 Client Error: Unauthorized for url: https://api.quiverquant.com/beta/live/congresstrading
2026-07-03 13:30:08,671 [INFO] No trades returned from QuiverQuant
2026-07-03 13:35:02,266 [INFO] --- Checking trades for Markwayne Mullin ---
2026-07-03 13:35:03,902 [ERROR] Failed to fetch trades: 401 Client Error: Unauthorized for url: https://api.quiverquant.com/beta/live/congresstrading
2026-07-03 13:35:03,904 [INFO] No trades returned from QuiverQuant
2026-07-03 13:40:02,242 [INFO] --- Checking trades for Markwayne Mullin ---
2026-07-03 13:40:03,939 [ERROR] Failed to fetch trades: 401 Client Error: Unauthorized for url: https://api.quiverquant.com/beta/live/congresstrading
2026-07-03 13:40:03,941 [INFO] No trades returned from QuiverQuant
2026-07-03 13:45:02,143 [INFO] --- Checking trades for Markwayne Mullin ---
2026-07-03 13:45:02,554 [ERROR] Failed to fetch trades: 401 Client Error: Unauthorized for url: https://api.quiverquant.com/beta/live/congresstrading
2026-07-03 13:45:02,556 [INFO] No trades returned from QuiverQuant
2026-07-03 13:50:02,054 [INFO] --- Checking trades for Markwayne Mullin ---
2026-07-03 13:50:02,346 [ERROR] Failed to fetch trades: 401 Client Error: Unauthorized for url: https://api.quiverquant.com/beta/live/congresstrading
2026-07-03 13:50:02,348 [INFO] No trades returned from QuiverQuant
2026-07-03 13:55:01,924 [INFO] --- Checking trades for Markwayne Mullin ---
2026-07-03 13:55:03,470 [ERROR] Failed to fetch trades: 401 Client Error: Unauthorized for url: https://api.quiverquant.com/beta/live/congresstrading
2026-07-03 13:55:03,472 [INFO] No trades returned from QuiverQuant
2026-07-03 14:00:02,035 [INFO] --- Checking trades for Markwayne Mullin ---
2026-07-03 14:00:03,326 [ERROR] Failed to fetch trades: 401 Client Error: Unauthorized for url: https://api.quiverquant.com/beta/live/congresstrading
2026-07-03 14:00:03,329 [INFO] No trades returned from QuiverQuant
2026-07-03 14:05:01,980 [INFO] --- Checking trades for Markwayne Mullin ---
2026-07-03 14:05:05,460 [ERROR] Failed to fetch trades: 401 Client Error: Unauthorized for url: https://api.quiverquant.com/beta/live/congresstrading
2026-07-03 14:05:05,462 [INFO] No trades returned from QuiverQuant
2026-07-03 14:10:01,929 [INFO] --- Checking trades for Markwayne Mullin ---
2026-07-03 14:10:03,736 [ERROR] Failed to fetch trades: 401 Client Error: Unauthorized for url: https://api.quiverquant.com/beta/live/congresstrading
2026-07-03 14:10:03,737 [INFO] No trades returned from QuiverQuant
2026-07-03 14:15:02,233 [INFO] --- Checking trades for Markwayne Mullin ---
2026-07-03 14:15:03,572 [ERROR] Failed to fetch trades: 401 Client Error: Unauthorized for url: https://api.quiverquant.com/beta/live/congresstrading
2026-07-03 14:15:03,574 [INFO] No trades returned from QuiverQuant
2026-07-03 14:20:02,164 [INFO] --- Checking trades for Markwayne Mullin ---
2026-07-03 14:20:03,078 [ERROR] Failed to fetch trades: 401 Client Error: Unauthorized for url: https://api.quiverquant.com/beta/live/congresstrading
2026-07-03 14:20:03,080 [INFO] No trades returned from QuiverQuant
2026-07-03 14:25:02,614 [INFO] --- Checking trades for Markwayne Mullin ---
2026-07-03 14:25:03,290 [ERROR] Failed to fetch trades: 401 Client Error: Unauthorized for url: https://api.quiverquant.com/beta/live/congresstrading
2026-07-03 14:25:03,292 [INFO] No trades returned from QuiverQuant
2026-07-03 14:30:02,039 [INFO] --- Checking trades for Markwayne Mullin ---
2026-07-03 14:30:02,686 [ERROR] Failed to fetch trades: 401 Client Error: Unauthorized for url: https://api.quiverquant.com/beta/live/congresstrading
2026-07-03 14:30:02,688 [INFO] No trades returned from QuiverQuant
2026-07-03 14:35:02,432 [INFO] --- Checking trades for Markwayne Mullin ---
2026-07-03 14:35:02,855 [ERROR] Failed to fetch trades: 401 Client Error: Unauthorized for url: https://api.quiverquant.com/beta/live/congresstrading
2026-07-03 14:35:02,856 [INFO] No trades returned from QuiverQuant
2026-07-03 14:40:02,434 [INFO] --- Checking trades for Markwayne Mullin ---
2026-07-03 14:40:17,265 [ERROR] Failed to fetch trades: 401 Client Error: Unauthorized for url: https://api.quiverquant.com/beta/live/congresstrading
2026-07-03 14:40:17,267 [INFO] No trades returned from QuiverQuant
2026-07-03 14:45:01,830 [INFO] --- Checking trades for Markwayne Mullin ---
2026-07-03 14:45:07,782 [ERROR] Failed to fetch trades: 401 Client Error: Unauthorized for url: https://api.quiverquant.com/beta/live/congresstrading
2026-07-03 14:45:07,785 [INFO] No trades returned from QuiverQuant
2026-07-03 14:50:02,448 [INFO] --- Checking trades for Markwayne Mullin ---
2026-07-03 14:50:02,786 [ERROR] Failed to fetch trades: 401 Client Error: Unauthorized for url: https://api.quiverquant.com/beta/live/congresstrading
2026-07-03 14:50:02,788 [INFO] No trades returned from QuiverQuant
2026-07-03 14:55:02,619 [INFO] --- Checking trades for Markwayne Mullin ---
2026-07-03 14:55:04,508 [ERROR] Failed to fetch trades: 401 Client Error: Unauthorized for url: https://api.quiverquant.com/beta/live/congresstrading
2026-07-03 14:55:04,511 [INFO] No trades returned from QuiverQuant
2026-07-03 15:00:02,269 [INFO] --- Checking trades for Markwayne Mullin ---
2026-07-03 15:00:04,496 [ERROR] Failed to fetch trades: 401 Client Error: Unauthorized for url: https://api.quiverquant.com/beta/live/congresstrading
2026-07-03 15:00:04,499 [INFO] No trades returned from QuiverQuant
2026-07-03 15:05:02,145 [INFO] --- Checking trades for Markwayne Mullin ---
2026-07-03 15:05:02,436 [ERROR] Failed to fetch trades: 401 Client Error: Unauthorized for url: https://api.quiverquant.com/beta/live/congresstrading
2026-07-03 15:05:02,438 [INFO] No trades returned from QuiverQuant
2026-07-03 15:10:02,504 [INFO] --- Checking trades for Markwayne Mullin ---
2026-07-03 15:10:02,742 [ERROR] Failed to fetch trades: 401 Client Error: Unauthorized for url: https://api.quiverquant.com/beta/live/congresstrading
2026-07-03 15:10:02,743 [INFO] No trades returned from QuiverQuant
2026-07-03 15:15:02,699 [INFO] --- Checking trades for Markwayne Mullin ---
2026-07-03 15:15:04,641 [ERROR] Failed to fetch trades: 401 Client Error: Unauthorized for url: https://api.quiverquant.com/beta/live/congresstrading
2026-07-03 15:15:04,643 [INFO] No trades returned from QuiverQuant
2026-07-03 15:20:02,296 [INFO] --- Checking trades for Markwayne Mullin ---
2026-07-03 15:20:03,463 [ERROR] Failed to fetch trades: 401 Client Error: Unauthorized for url: https://api.quiverquant.com/beta/live/congresstrading
2026-07-03 15:20:03,465 [INFO] No trades returned from QuiverQuant
2026-07-03 15:25:02,133 [INFO] --- Checking trades for Markwayne Mullin ---
2026-07-03 15:25:03,624 [ERROR] Failed to fetch trades: 401 Client Error: Unauthorized for url: https://api.quiverquant.com/beta/live/congresstrading
2026-07-03 15:25:03,626 [INFO] No trades returned from QuiverQuant
2026-07-03 15:30:02,395 [INFO] --- Checking trades for Markwayne Mullin ---
2026-07-03 15:30:03,060 [ERROR] Failed to fetch trades: 401 Client Error: Unauthorized for url: https://api.quiverquant.com/beta/live/congresstrading
2026-07-03 15:30:03,061 [INFO] No trades returned from QuiverQuant
2026-07-03 15:35:01,727 [INFO] --- Checking trades for Markwayne Mullin ---
2026-07-03 15:35:03,077 [ERROR] Failed to fetch trades: 401 Client Error: Unauthorized for url: https://api.quiverquant.com/beta/live/congresstrading
2026-07-03 15:35:03,079 [INFO] No trades returned from QuiverQuant
2026-07-03 15:40:01,738 [INFO] --- Checking trades for Markwayne Mullin ---
2026-07-03 15:40:02,449 [ERROR] Failed to fetch trades: 401 Client Error: Unauthorized for url: https://api.quiverquant.com/beta/live/congresstrading
2026-07-03 15:40:02,451 [INFO] No trades returned from QuiverQuant
2026-07-03 15:45:02,134 [INFO] --- Checking trades for Markwayne Mullin ---
2026-07-03 15:45:03,498 [ERROR] Failed to fetch trades: 401 Client Error: Unauthorized for url: https://api.quiverquant.com/beta/live/congresstrading
2026-07-03 15:45:03,500 [INFO] No trades returned from QuiverQuant
2026-07-03 15:50:02,152 [INFO] --- Checking trades for Markwayne Mullin ---
2026-07-03 15:50:02,842 [ERROR] Failed to fetch trades: 401 Client Error: Unauthorized for url: https://api.quiverquant.com/beta/live/congresstrading
2026-07-03 15:50:02,844 [INFO] No trades returned from QuiverQuant
2026-07-03 15:55:02,504 [INFO] --- Checking trades for Markwayne Mullin ---
2026-07-03 15:55:03,396 [ERROR] Failed to fetch trades: 401 Client Error: Unauthorized for url: https://api.quiverquant.com/beta/live/congresstrading
2026-07-03 15:55:03,399 [INFO] No trades returned from QuiverQuant
