2026-06-09 20:40:15,533 [INFO] Robinhood login OK (session reused)
2026-06-09 20:43:03,788 [INFO] --- RobinhoodSafeGuard tick | ET 21:43 | mode=DRY_RUN ---
2026-06-09 20:43:03,788 [INFO] Market closed — nothing to do.
2026-06-09 20:43:14,577 [INFO] --- RobinhoodSafeGuard tick | ET 21:43 | mode=DRY_RUN ---
2026-06-09 20:43:14,748 [INFO] Robinhood login OK (session reused)
2026-06-09 20:43:22,624 [INFO] KSS $17C 2026-06-12: no stop — placing @ $0.09 (mark=$0.12)
2026-06-09 20:43:22,624 [INFO] [DRY_RUN] Would place stop=$0.09 limit=$0.08 qty=1 on KSS $17C 2026-06-12
2026-06-09 20:43:22,639 [INFO] Tick complete.
2026-06-09 20:44:02,008 [INFO] --- RobinhoodSafeGuard tick | ET 21:44 | mode=DRY_RUN ---
2026-06-09 20:44:02,009 [INFO] Market closed — nothing to do.
2026-06-09 20:45:01,321 [INFO] --- RobinhoodSafeGuard tick | ET 21:45 | mode=DRY_RUN ---
2026-06-09 20:45:01,322 [INFO] Market closed — nothing to do.
2026-06-09 20:46:01,259 [INFO] --- RobinhoodSafeGuard tick | ET 21:46 | mode=DRY_RUN ---
2026-06-09 20:46:01,260 [INFO] Market closed — nothing to do.
2026-06-09 20:47:01,524 [INFO] --- RobinhoodSafeGuard tick | ET 21:47 | mode=LIVE ---
2026-06-09 20:47:01,525 [INFO] Market closed — nothing to do.
2026-06-09 20:47:15,948 [INFO] --- RobinhoodSafeGuard tick | ET 21:47 | mode=LIVE ---
2026-06-09 20:47:15,949 [INFO] Market closed — nothing to do.
2026-06-09 20:48:01,788 [INFO] --- RobinhoodSafeGuard tick | ET 21:48 | mode=LIVE ---
2026-06-09 20:48:01,789 [INFO] Market closed — nothing to do.
2026-06-09 20:49:02,053 [INFO] --- RobinhoodSafeGuard tick | ET 21:49 | mode=LIVE ---
2026-06-09 20:49:02,054 [INFO] Market closed — nothing to do.
2026-06-09 20:50:01,346 [INFO] --- RobinhoodSafeGuard tick | ET 21:50 | mode=LIVE ---
2026-06-09 20:50:01,347 [INFO] Market closed — nothing to do.
2026-06-09 20:51:01,364 [INFO] --- RobinhoodSafeGuard tick | ET 21:51 | mode=LIVE ---
2026-06-09 20:51:01,365 [INFO] Market closed — nothing to do.
2026-06-09 20:52:01,630 [INFO] --- RobinhoodSafeGuard tick | ET 21:52 | mode=LIVE ---
2026-06-09 20:52:01,632 [INFO] Market closed — nothing to do.
2026-06-09 20:53:01,900 [INFO] --- RobinhoodSafeGuard tick | ET 21:53 | mode=LIVE ---
2026-06-09 20:53:01,901 [INFO] Market closed — nothing to do.
2026-06-09 20:54:02,166 [INFO] --- RobinhoodSafeGuard tick | ET 21:54 | mode=LIVE ---
2026-06-09 20:54:02,167 [INFO] Market closed — nothing to do.
2026-06-09 20:55:01,475 [INFO] --- RobinhoodSafeGuard tick | ET 21:55 | mode=LIVE ---
2026-06-09 20:55:01,476 [INFO] Market closed — nothing to do.
2026-06-09 20:56:01,526 [INFO] --- RobinhoodSafeGuard tick | ET 21:56 | mode=LIVE ---
2026-06-09 20:56:01,527 [INFO] Market closed — nothing to do.
2026-06-09 20:57:01,790 [INFO] --- RobinhoodSafeGuard tick | ET 21:57 | mode=LIVE ---
2026-06-09 20:57:01,791 [INFO] Market closed — nothing to do.
2026-06-09 20:58:02,058 [INFO] --- RobinhoodSafeGuard tick | ET 21:58 | mode=LIVE ---
2026-06-09 20:58:02,059 [INFO] Market closed — nothing to do.
2026-06-09 20:59:01,329 [INFO] --- RobinhoodSafeGuard tick | ET 21:59 | mode=LIVE ---
2026-06-09 20:59:01,330 [INFO] Market closed — nothing to do.
2026-06-10 13:00:02,100 [INFO] --- RobinhoodSafeGuard tick | ET 14:00 | mode=LIVE ---
2026-06-10 13:00:02,339 [INFO] Robinhood login OK (session reused)
2026-06-10 13:00:45,542 [INFO] KSS $17C 2026-06-12: no stop — placing @ $0.09 (mark=$0.04)
2026-06-10 13:00:46,402 [INFO] Stop placed 6a29a64e: stop=$0.09 limit=$0.08 on KSS $17C 2026-06-12
2026-06-10 13:00:46,414 [INFO] Tick complete.
2026-06-10 13:01:01,693 [INFO] --- RobinhoodSafeGuard tick | ET 14:01 | mode=LIVE ---
2026-06-10 13:01:01,806 [INFO] Robinhood login OK (session reused)
2026-06-10 13:01:42,790 [INFO] KSS $17C 2026-06-12: no stop — placing @ $0.09 (mark=$0.04)
2026-06-10 13:01:43,652 [INFO] Stop placed 6a29a687: stop=$0.09 limit=$0.08 on KSS $17C 2026-06-12
2026-06-10 13:01:43,665 [INFO] Tick complete.
2026-06-10 13:02:01,953 [INFO] --- RobinhoodSafeGuard tick | ET 14:02 | mode=LIVE ---
2026-06-10 13:02:02,128 [INFO] Robinhood login OK (session reused)
2026-06-10 13:02:42,831 [INFO] KSS $17C 2026-06-12: no stop — placing @ $0.09 (mark=$0.04)
2026-06-10 13:02:43,708 [INFO] Stop placed 6a29a6c3: stop=$0.09 limit=$0.08 on KSS $17C 2026-06-12
2026-06-10 13:02:43,722 [INFO] Tick complete.
2026-06-10 13:03:02,003 [INFO] --- RobinhoodSafeGuard tick | ET 14:03 | mode=LIVE ---
2026-06-10 13:03:02,171 [INFO] Robinhood login OK (session reused)
2026-06-10 13:03:41,398 [INFO] KSS $17C 2026-06-12: stop OK @ $0.09 (mark=$0.04, ideal=$0.09)
2026-06-10 13:03:41,402 [INFO] Tick complete.
2026-06-10 13:04:01,686 [INFO] --- RobinhoodSafeGuard tick | ET 14:04 | mode=LIVE ---
2026-06-10 13:04:01,824 [INFO] Robinhood login OK (session reused)
2026-06-10 13:04:08,390 [INFO] KSS $17C 2026-06-12: stop OK @ $0.09 (mark=$0.04, ideal=$0.09)
2026-06-10 13:04:08,394 [INFO] Tick complete.
2026-06-10 13:05:01,831 [INFO] --- RobinhoodSafeGuard tick | ET 14:05 | mode=LIVE ---
2026-06-10 13:05:02,106 [INFO] Robinhood login OK (session reused)
2026-06-10 13:05:08,850 [INFO] KSS $17C 2026-06-12: stop OK @ $0.09 (mark=$0.04, ideal=$0.09)
2026-06-10 13:05:08,854 [INFO] Tick complete.
2026-06-10 13:06:02,133 [INFO] --- RobinhoodSafeGuard tick | ET 14:06 | mode=LIVE ---
2026-06-10 13:06:02,323 [INFO] Robinhood login OK (session reused)
2026-06-10 13:06:07,925 [INFO] KSS $17C 2026-06-12: stop OK @ $0.09 (mark=$0.04, ideal=$0.09)
2026-06-10 13:06:07,929 [INFO] Tick complete.
2026-06-10 13:07:02,212 [INFO] --- RobinhoodSafeGuard tick | ET 14:07 | mode=LIVE ---
2026-06-10 13:07:02,414 [INFO] Robinhood login OK (session reused)
2026-06-10 13:07:09,570 [INFO] KSS $17C 2026-06-12: stop OK @ $0.09 (mark=$0.05, ideal=$0.09)
2026-06-10 13:07:09,574 [INFO] Tick complete.
2026-06-10 13:08:01,857 [INFO] --- RobinhoodSafeGuard tick | ET 14:08 | mode=LIVE ---
2026-06-10 13:08:02,021 [INFO] Robinhood login OK (session reused)
2026-06-10 13:08:09,230 [INFO] KSS $17C 2026-06-12: stop OK @ $0.09 (mark=$0.05, ideal=$0.09)
2026-06-10 13:08:09,234 [INFO] Tick complete.
2026-06-10 13:09:01,515 [INFO] --- RobinhoodSafeGuard tick | ET 14:09 | mode=LIVE ---
2026-06-10 13:09:01,689 [INFO] Robinhood login OK (session reused)
2026-06-10 13:09:08,373 [INFO] KSS $17C 2026-06-12: stop OK @ $0.09 (mark=$0.05, ideal=$0.09)
2026-06-10 13:09:08,377 [INFO] Tick complete.
2026-06-10 13:10:01,749 [INFO] --- RobinhoodSafeGuard tick | ET 14:10 | mode=LIVE ---
2026-06-10 13:10:01,990 [INFO] Robinhood login OK (session reused)
2026-06-10 13:10:09,166 [INFO] KSS $17C 2026-06-12: stop OK @ $0.09 (mark=$0.05, ideal=$0.09)
2026-06-10 13:10:09,171 [INFO] Tick complete.
2026-06-10 13:11:01,456 [INFO] --- RobinhoodSafeGuard tick | ET 14:11 | mode=LIVE ---
2026-06-10 13:11:01,646 [INFO] Robinhood login OK (session reused)
2026-06-10 13:11:08,563 [INFO] KSS $17C 2026-06-12: stop OK @ $0.09 (mark=$0.05, ideal=$0.09)
2026-06-10 13:11:08,568 [INFO] Tick complete.
2026-06-10 13:12:01,846 [INFO] --- RobinhoodSafeGuard tick | ET 14:12 | mode=LIVE ---
2026-06-10 13:12:02,037 [INFO] Robinhood login OK (session reused)
2026-06-10 13:12:09,735 [INFO] KSS $17C 2026-06-12: stop OK @ $0.09 (mark=$0.05, ideal=$0.09)
2026-06-10 13:12:09,739 [INFO] Tick complete.
2026-06-10 13:13:02,018 [INFO] --- RobinhoodSafeGuard tick | ET 14:13 | mode=LIVE ---
2026-06-10 13:13:02,188 [INFO] Robinhood login OK (session reused)
2026-06-10 13:13:09,332 [INFO] KSS $17C 2026-06-12: stop OK @ $0.09 (mark=$0.05, ideal=$0.09)
2026-06-10 13:13:09,336 [INFO] Tick complete.
2026-06-10 13:14:01,620 [INFO] --- RobinhoodSafeGuard tick | ET 14:14 | mode=LIVE ---
2026-06-10 13:14:01,739 [INFO] Robinhood login OK (session reused)
2026-06-10 13:14:08,839 [INFO] KSS $17C 2026-06-12: stop OK @ $0.09 (mark=$0.05, ideal=$0.09)
2026-06-10 13:14:08,843 [INFO] Tick complete.
2026-06-10 13:15:02,200 [INFO] --- RobinhoodSafeGuard tick | ET 14:15 | mode=LIVE ---
2026-06-10 13:15:02,429 [INFO] Robinhood login OK (session reused)
2026-06-10 13:15:09,740 [INFO] KSS $17C 2026-06-12: stop OK @ $0.09 (mark=$0.05, ideal=$0.09)
2026-06-10 13:15:09,744 [INFO] Tick complete.
2026-06-10 13:16:02,028 [INFO] --- RobinhoodSafeGuard tick | ET 14:16 | mode=LIVE ---
2026-06-10 13:16:02,240 [INFO] Robinhood login OK (session reused)
2026-06-10 13:16:08,885 [INFO] KSS $17C 2026-06-12: stop OK @ $0.09 (mark=$0.05, ideal=$0.09)
2026-06-10 13:16:08,889 [INFO] Tick complete.
2026-06-10 13:17:02,170 [INFO] --- RobinhoodSafeGuard tick | ET 14:17 | mode=LIVE ---
2026-06-10 13:17:02,343 [INFO] Robinhood login OK (session reused)
2026-06-10 13:17:09,154 [INFO] KSS $17C 2026-06-12: stop OK @ $0.09 (mark=$0.05, ideal=$0.09)
2026-06-10 13:17:09,159 [INFO] Tick complete.
2026-06-10 13:18:01,436 [INFO] --- RobinhoodSafeGuard tick | ET 14:18 | mode=LIVE ---
2026-06-10 13:18:01,583 [INFO] Robinhood login OK (session reused)
2026-06-10 13:18:09,277 [INFO] KSS $17C 2026-06-12: stop OK @ $0.09 (mark=$0.05, ideal=$0.09)
2026-06-10 13:18:09,282 [INFO] Tick complete.
2026-06-10 13:19:01,564 [INFO] --- RobinhoodSafeGuard tick | ET 14:19 | mode=LIVE ---
2026-06-10 13:19:01,756 [INFO] Robinhood login OK (session reused)
2026-06-10 13:19:09,085 [INFO] KSS $17C 2026-06-12: stop OK @ $0.09 (mark=$0.05, ideal=$0.09)
2026-06-10 13:19:09,089 [INFO] Tick complete.
2026-06-10 13:20:01,630 [INFO] --- RobinhoodSafeGuard tick | ET 14:20 | mode=LIVE ---
2026-06-10 13:20:01,821 [INFO] Robinhood login OK (session reused)
2026-06-10 13:20:08,924 [INFO] KSS $17C 2026-06-12: stop OK @ $0.09 (mark=$0.05, ideal=$0.09)
2026-06-10 13:20:08,929 [INFO] Tick complete.
2026-06-10 13:21:02,210 [INFO] --- RobinhoodSafeGuard tick | ET 14:21 | mode=LIVE ---
2026-06-10 13:21:02,388 [INFO] Robinhood login OK (session reused)
2026-06-10 13:21:09,493 [INFO] KSS $17C 2026-06-12: stop OK @ $0.09 (mark=$0.05, ideal=$0.09)
2026-06-10 13:21:09,497 [INFO] Tick complete.
2026-06-10 13:22:01,780 [INFO] --- RobinhoodSafeGuard tick | ET 14:22 | mode=LIVE ---
2026-06-10 13:22:01,913 [INFO] Robinhood login OK (session reused)
2026-06-10 13:22:07,328 [INFO] KSS $17C 2026-06-12: stop OK @ $0.09 (mark=$0.05, ideal=$0.09)
2026-06-10 13:22:07,332 [INFO] Tick complete.
2026-06-10 13:23:01,608 [INFO] --- RobinhoodSafeGuard tick | ET 14:23 | mode=LIVE ---
2026-06-10 13:23:01,795 [INFO] Robinhood login OK (session reused)
2026-06-10 13:23:09,071 [INFO] KSS $17C 2026-06-12: stop OK @ $0.09 (mark=$0.05, ideal=$0.09)
2026-06-10 13:23:09,075 [INFO] Tick complete.
2026-06-10 13:24:01,359 [INFO] --- RobinhoodSafeGuard tick | ET 14:24 | mode=LIVE ---
2026-06-10 13:24:01,532 [INFO] Robinhood login OK (session reused)
2026-06-10 13:24:07,731 [INFO] KSS $17C 2026-06-12: stop OK @ $0.09 (mark=$0.05, ideal=$0.09)
2026-06-10 13:24:07,734 [INFO] Tick complete.
2026-06-10 13:25:02,170 [INFO] --- RobinhoodSafeGuard tick | ET 14:25 | mode=LIVE ---
2026-06-10 13:25:02,438 [INFO] Robinhood login OK (session reused)
2026-06-10 13:25:09,735 [INFO] KSS $17C 2026-06-12: stop OK @ $0.09 (mark=$0.05, ideal=$0.09)
2026-06-10 13:25:09,738 [INFO] Tick complete.
2026-06-10 13:26:02,015 [INFO] --- RobinhoodSafeGuard tick | ET 14:26 | mode=LIVE ---
2026-06-10 13:26:02,204 [INFO] Robinhood login OK (session reused)
2026-06-10 13:26:07,598 [INFO] KSS $17C 2026-06-12: stop OK @ $0.09 (mark=$0.05, ideal=$0.09)
2026-06-10 13:26:07,602 [INFO] Tick complete.
2026-06-10 13:27:01,883 [INFO] --- RobinhoodSafeGuard tick | ET 14:27 | mode=LIVE ---
2026-06-10 13:27:02,020 [INFO] Robinhood login OK (session reused)
2026-06-10 13:27:08,826 [INFO] KSS $17C 2026-06-12: stop OK @ $0.09 (mark=$0.05, ideal=$0.09)
2026-06-10 13:27:08,830 [INFO] Tick complete.
2026-06-10 13:28:02,111 [INFO] --- RobinhoodSafeGuard tick | ET 14:28 | mode=LIVE ---
2026-06-10 13:28:02,307 [INFO] Robinhood login OK (session reused)
2026-06-10 13:28:09,558 [INFO] KSS $17C 2026-06-12: stop OK @ $0.09 (mark=$0.06, ideal=$0.09)
2026-06-10 13:28:09,562 [INFO] Tick complete.
2026-06-10 13:29:01,846 [INFO] --- RobinhoodSafeGuard tick | ET 14:29 | mode=LIVE ---
2026-06-10 13:29:01,981 [INFO] Robinhood login OK (session reused)
2026-06-10 13:29:09,457 [INFO] KSS $17C 2026-06-12: stop OK @ $0.09 (mark=$0.05, ideal=$0.09)
2026-06-10 13:29:09,460 [INFO] Tick complete.
2026-06-10 13:30:01,971 [INFO] --- RobinhoodSafeGuard tick | ET 14:30 | mode=LIVE ---
2026-06-10 13:30:02,242 [INFO] Robinhood login OK (session reused)
2026-06-10 13:30:09,856 [INFO] KSS $17C 2026-06-12: stop OK @ $0.09 (mark=$0.04, ideal=$0.09)
2026-06-10 13:30:09,860 [INFO] Tick complete.
2026-06-10 13:31:02,144 [INFO] --- RobinhoodSafeGuard tick | ET 14:31 | mode=LIVE ---
2026-06-10 13:31:02,358 [INFO] Robinhood login OK (session reused)
2026-06-10 13:31:09,522 [INFO] KSS $17C 2026-06-12: stop OK @ $0.09 (mark=$0.04, ideal=$0.09)
2026-06-10 13:31:09,526 [INFO] Tick complete.
2026-06-10 13:32:01,806 [INFO] --- RobinhoodSafeGuard tick | ET 14:32 | mode=LIVE ---
2026-06-10 13:32:01,920 [INFO] Robinhood login OK (session reused)
2026-06-10 13:32:09,238 [INFO] KSS $17C 2026-06-12: stop OK @ $0.09 (mark=$0.04, ideal=$0.09)
2026-06-10 13:32:09,242 [INFO] Tick complete.
2026-06-10 13:33:01,518 [INFO] --- RobinhoodSafeGuard tick | ET 14:33 | mode=LIVE ---
2026-06-10 13:33:01,713 [INFO] Robinhood login OK (session reused)
2026-06-10 13:33:08,859 [INFO] KSS $17C 2026-06-12: stop OK @ $0.09 (mark=$0.04, ideal=$0.09)
2026-06-10 13:33:08,863 [INFO] Tick complete.
2026-06-10 13:34:02,145 [INFO] --- RobinhoodSafeGuard tick | ET 14:34 | mode=LIVE ---
2026-06-10 13:34:02,341 [INFO] Robinhood login OK (session reused)
2026-06-10 13:34:09,377 [INFO] KSS $17C 2026-06-12: stop OK @ $0.09 (mark=$0.04, ideal=$0.09)
2026-06-10 13:34:09,382 [INFO] Tick complete.
2026-06-10 13:35:01,826 [INFO] --- RobinhoodSafeGuard tick | ET 14:35 | mode=LIVE ---
2026-06-10 13:35:01,994 [INFO] Robinhood login OK (session reused)
2026-06-10 13:35:09,094 [INFO] KSS $17C 2026-06-12: stop OK @ $0.09 (mark=$0.04, ideal=$0.09)
2026-06-10 13:35:09,098 [INFO] Tick complete.
2026-06-10 13:36:01,379 [INFO] --- RobinhoodSafeGuard tick | ET 14:36 | mode=LIVE ---
2026-06-10 13:36:01,555 [INFO] Robinhood login OK (session reused)
2026-06-10 13:36:07,636 [INFO] KSS $17C 2026-06-12: stop OK @ $0.09 (mark=$0.04, ideal=$0.09)
2026-06-10 13:36:07,640 [INFO] Tick complete.
2026-06-10 13:37:01,924 [INFO] --- RobinhoodSafeGuard tick | ET 14:37 | mode=LIVE ---
2026-06-10 13:37:02,141 [INFO] Robinhood login OK (session reused)
2026-06-10 13:37:08,907 [INFO] KSS $17C 2026-06-12: stop OK @ $0.09 (mark=$0.04, ideal=$0.09)
2026-06-10 13:37:08,911 [INFO] Tick complete.
2026-06-10 13:38:02,191 [INFO] --- RobinhoodSafeGuard tick | ET 14:38 | mode=LIVE ---
2026-06-10 13:38:02,384 [INFO] Robinhood login OK (session reused)
2026-06-10 13:38:09,399 [INFO] KSS $17C 2026-06-12: stop OK @ $0.09 (mark=$0.04, ideal=$0.09)
2026-06-10 13:38:09,403 [INFO] Tick complete.
2026-06-10 13:39:01,691 [INFO] --- RobinhoodSafeGuard tick | ET 14:39 | mode=LIVE ---
2026-06-10 13:39:01,823 [INFO] Robinhood login OK (session reused)
2026-06-10 13:39:07,497 [INFO] KSS $17C 2026-06-12: stop OK @ $0.09 (mark=$0.04, ideal=$0.09)
2026-06-10 13:39:07,501 [INFO] Tick complete.
2026-06-10 13:40:02,003 [INFO] --- RobinhoodSafeGuard tick | ET 14:40 | mode=LIVE ---
2026-06-10 13:40:02,136 [INFO] Robinhood login OK (session reused)
2026-06-10 13:40:09,960 [INFO] KSS $17C 2026-06-12: stop OK @ $0.09 (mark=$0.04, ideal=$0.09)
2026-06-10 13:40:09,964 [INFO] Tick complete.
2026-06-10 13:41:02,246 [INFO] --- RobinhoodSafeGuard tick | ET 14:41 | mode=LIVE ---
2026-06-10 13:41:02,457 [INFO] Robinhood login OK (session reused)
2026-06-10 13:41:10,089 [INFO] KSS $17C 2026-06-12: stop OK @ $0.09 (mark=$0.04, ideal=$0.09)
2026-06-10 13:41:10,093 [INFO] Tick complete.
2026-06-10 13:42:01,371 [INFO] --- RobinhoodSafeGuard tick | ET 14:42 | mode=LIVE ---
2026-06-10 13:42:01,486 [INFO] Robinhood login OK (session reused)
2026-06-10 13:42:08,608 [INFO] KSS $17C 2026-06-12: stop OK @ $0.09 (mark=$0.04, ideal=$0.09)
2026-06-10 13:42:08,612 [INFO] Tick complete.
2026-06-10 13:43:01,902 [INFO] --- RobinhoodSafeGuard tick | ET 14:43 | mode=LIVE ---
2026-06-10 13:43:02,115 [INFO] Robinhood login OK (session reused)
2026-06-10 13:43:09,215 [INFO] KSS $17C 2026-06-12: stop OK @ $0.09 (mark=$0.04, ideal=$0.09)
2026-06-10 13:43:09,219 [INFO] Tick complete.
2026-06-10 13:44:01,498 [INFO] --- RobinhoodSafeGuard tick | ET 14:44 | mode=LIVE ---
2026-06-10 13:44:01,700 [INFO] Robinhood login OK (session reused)
2026-06-10 13:44:09,294 [INFO] KSS $17C 2026-06-12: stop OK @ $0.09 (mark=$0.04, ideal=$0.09)
2026-06-10 13:44:09,298 [INFO] Tick complete.
2026-06-10 13:45:01,863 [INFO] --- RobinhoodSafeGuard tick | ET 14:45 | mode=LIVE ---
2026-06-10 13:45:02,142 [INFO] Robinhood login OK (session reused)
2026-06-10 13:45:09,255 [INFO] KSS $17C 2026-06-12: stop OK @ $0.09 (mark=$0.04, ideal=$0.09)
2026-06-10 13:45:09,258 [INFO] Tick complete.
2026-06-10 13:46:01,534 [INFO] --- RobinhoodSafeGuard tick | ET 14:46 | mode=LIVE ---
2026-06-10 13:46:01,827 [INFO] Robinhood login OK (session reused)
2026-06-10 13:46:06,387 [INFO] KSS $17C 2026-06-12: stop OK @ $0.09 (mark=$0.04, ideal=$0.09)
2026-06-10 13:46:06,391 [INFO] Tick complete.
2026-06-10 13:47:01,670 [INFO] --- RobinhoodSafeGuard tick | ET 14:47 | mode=LIVE ---
2026-06-10 13:47:01,890 [INFO] Robinhood login OK (session reused)
2026-06-10 13:47:10,163 [INFO] KSS $17C 2026-06-12: stop OK @ $0.09 (mark=$0.04, ideal=$0.09)
2026-06-10 13:47:10,167 [INFO] Tick complete.
2026-06-10 13:48:01,449 [INFO] --- RobinhoodSafeGuard tick | ET 14:48 | mode=LIVE ---
2026-06-10 13:48:01,640 [INFO] Robinhood login OK (session reused)
2026-06-10 13:48:08,965 [INFO] KSS $17C 2026-06-12: stop OK @ $0.09 (mark=$0.04, ideal=$0.09)
2026-06-10 13:48:08,969 [INFO] Tick complete.
2026-06-10 13:49:01,251 [INFO] --- RobinhoodSafeGuard tick | ET 14:49 | mode=LIVE ---
2026-06-10 13:49:01,449 [INFO] Robinhood login OK (session reused)
2026-06-10 13:49:08,485 [INFO] KSS $17C 2026-06-12: stop OK @ $0.09 (mark=$0.04, ideal=$0.09)
2026-06-10 13:49:08,489 [INFO] Tick complete.
2026-06-10 13:50:01,989 [INFO] --- RobinhoodSafeGuard tick | ET 14:50 | mode=LIVE ---
2026-06-10 13:50:02,235 [INFO] Robinhood login OK (session reused)
2026-06-10 13:50:09,249 [INFO] KSS $17C 2026-06-12: stop OK @ $0.09 (mark=$0.04, ideal=$0.09)
2026-06-10 13:50:09,253 [INFO] Tick complete.
2026-06-10 13:51:01,535 [INFO] --- RobinhoodSafeGuard tick | ET 14:51 | mode=LIVE ---
2026-06-10 13:51:01,659 [INFO] Robinhood login OK (session reused)
2026-06-10 13:51:08,807 [INFO] KSS $17C 2026-06-12: stop OK @ $0.09 (mark=$0.04, ideal=$0.09)
2026-06-10 13:51:08,811 [INFO] Tick complete.
2026-06-10 13:52:02,093 [INFO] --- RobinhoodSafeGuard tick | ET 14:52 | mode=LIVE ---
2026-06-10 13:52:02,306 [INFO] Robinhood login OK (session reused)
2026-06-10 13:52:10,066 [INFO] KSS $17C 2026-06-12: stop OK @ $0.09 (mark=$0.04, ideal=$0.09)
2026-06-10 13:52:10,070 [INFO] Tick complete.
2026-06-10 13:53:01,355 [INFO] --- RobinhoodSafeGuard tick | ET 14:53 | mode=LIVE ---
2026-06-10 13:53:01,497 [INFO] Robinhood login OK (session reused)
2026-06-10 13:53:08,900 [INFO] KSS $17C 2026-06-12: stop OK @ $0.09 (mark=$0.04, ideal=$0.09)
2026-06-10 13:53:08,904 [INFO] Tick complete.
2026-06-10 13:54:02,185 [INFO] --- RobinhoodSafeGuard tick | ET 14:54 | mode=LIVE ---
2026-06-10 13:54:02,408 [INFO] Robinhood login OK (session reused)
2026-06-10 13:54:10,087 [INFO] KSS $17C 2026-06-12: stop OK @ $0.09 (mark=$0.04, ideal=$0.09)
2026-06-10 13:54:10,091 [INFO] Tick complete.
2026-06-10 13:55:01,496 [INFO] --- RobinhoodSafeGuard tick | ET 14:55 | mode=LIVE ---
2026-06-10 13:55:01,661 [INFO] Robinhood login OK (session reused)
2026-06-10 13:55:08,942 [INFO] KSS $17C 2026-06-12: stop OK @ $0.09 (mark=$0.04, ideal=$0.09)
2026-06-10 13:55:08,946 [INFO] Tick complete.
2026-06-10 13:56:02,225 [INFO] --- RobinhoodSafeGuard tick | ET 14:56 | mode=LIVE ---
2026-06-10 13:56:02,443 [INFO] Robinhood login OK (session reused)
2026-06-10 13:56:41,035 [INFO] TSLA $380P 2026-06-10: no stop — placing @ $0.38 (mark=$0.50)
2026-06-10 13:56:41,832 [INFO] Stop placed 6a29b369: stop=$0.38 limit=$0.34 on TSLA $380P 2026-06-10
2026-06-10 13:56:41,842 [INFO] KSS $17C 2026-06-12: stop OK @ $0.09 (mark=$0.04, ideal=$0.09)
2026-06-10 13:56:41,846 [INFO] Tick complete.
2026-06-10 13:57:02,129 [INFO] --- RobinhoodSafeGuard tick | ET 14:57 | mode=LIVE ---
2026-06-10 13:57:02,327 [INFO] Robinhood login OK (session reused)
2026-06-10 13:57:40,760 [INFO] TSLA $380P 2026-06-10: stop OK @ $0.38 (mark=$0.48, ideal=$0.38)
2026-06-10 13:57:40,761 [INFO] KSS $17C 2026-06-12: stop OK @ $0.09 (mark=$0.05, ideal=$0.09)
2026-06-10 13:57:40,765 [INFO] Tick complete.
2026-06-10 13:58:02,041 [INFO] --- RobinhoodSafeGuard tick | ET 14:58 | mode=LIVE ---
2026-06-10 13:58:02,260 [INFO] Robinhood login OK (session reused)
2026-06-10 13:58:29,922 [INFO] KSS $17C 2026-06-12: stop OK @ $0.09 (mark=$0.05, ideal=$0.09)
2026-06-10 13:58:29,923 [INFO] Position closed/expired — removing from state: TSLA $380P 2026-06-10
2026-06-10 13:58:29,927 [INFO] Tick complete.
2026-06-10 13:59:02,208 [INFO] --- RobinhoodSafeGuard tick | ET 14:59 | mode=LIVE ---
2026-06-10 13:59:02,432 [INFO] Robinhood login OK (session reused)
2026-06-10 13:59:46,008 [INFO] KSS $17C 2026-06-12: stop OK @ $0.09 (mark=$0.05, ideal=$0.09)
2026-06-10 13:59:46,013 [INFO] Tick complete.
2026-06-10 14:00:02,402 [INFO] --- RobinhoodSafeGuard tick | ET 15:00 | mode=LIVE ---
2026-06-10 14:00:02,602 [INFO] Robinhood login OK (session reused)
2026-06-10 14:00:11,307 [INFO] KSS $17C 2026-06-12: stop OK @ $0.09 (mark=$0.05, ideal=$0.09)
2026-06-10 14:00:11,311 [INFO] Tick complete.
2026-06-10 14:01:01,588 [INFO] --- RobinhoodSafeGuard tick | ET 15:01 | mode=LIVE ---
2026-06-10 14:01:01,773 [INFO] Robinhood login OK (session reused)
2026-06-10 14:01:09,245 [INFO] KSS $17C 2026-06-12: stop OK @ $0.09 (mark=$0.05, ideal=$0.09)
2026-06-10 14:01:09,249 [INFO] Tick complete.
2026-06-10 14:02:01,531 [INFO] --- RobinhoodSafeGuard tick | ET 15:02 | mode=LIVE ---
2026-06-10 14:02:01,703 [INFO] Robinhood login OK (session reused)
2026-06-10 14:02:08,931 [INFO] KSS $17C 2026-06-12: stop OK @ $0.09 (mark=$0.05, ideal=$0.09)
2026-06-10 14:02:08,935 [INFO] Tick complete.
2026-06-10 14:03:02,211 [INFO] --- RobinhoodSafeGuard tick | ET 15:03 | mode=LIVE ---
2026-06-10 14:03:02,401 [INFO] Robinhood login OK (session reused)
2026-06-10 14:03:09,956 [INFO] KSS $17C 2026-06-12: stop OK @ $0.09 (mark=$0.05, ideal=$0.09)
2026-06-10 14:03:09,960 [INFO] Tick complete.
2026-06-10 14:04:02,234 [INFO] --- RobinhoodSafeGuard tick | ET 15:04 | mode=LIVE ---
2026-06-10 14:04:02,427 [INFO] Robinhood login OK (session reused)
2026-06-10 14:04:09,719 [INFO] KSS $17C 2026-06-12: stop OK @ $0.09 (mark=$0.05, ideal=$0.09)
2026-06-10 14:04:09,723 [INFO] Tick complete.
2026-06-10 14:05:02,171 [INFO] --- RobinhoodSafeGuard tick | ET 15:05 | mode=LIVE ---
2026-06-10 14:05:02,346 [INFO] Robinhood login OK (session reused)
2026-06-10 14:05:09,491 [INFO] KSS $17C 2026-06-12: stop OK @ $0.09 (mark=$0.05, ideal=$0.09)
2026-06-10 14:05:09,495 [INFO] Tick complete.
2026-06-10 14:06:01,775 [INFO] --- RobinhoodSafeGuard tick | ET 15:06 | mode=LIVE ---
2026-06-10 14:06:01,909 [INFO] Robinhood login OK (session reused)
2026-06-10 14:06:08,989 [INFO] KSS $17C 2026-06-12: stop OK @ $0.09 (mark=$0.05, ideal=$0.09)
2026-06-10 14:06:08,994 [INFO] Tick complete.
2026-06-10 14:07:01,276 [INFO] --- RobinhoodSafeGuard tick | ET 15:07 | mode=LIVE ---
2026-06-10 14:07:01,470 [INFO] Robinhood login OK (session reused)
2026-06-10 14:07:08,246 [INFO] KSS $17C 2026-06-12: stop OK @ $0.09 (mark=$0.05, ideal=$0.09)
2026-06-10 14:07:08,250 [INFO] Tick complete.
2026-06-10 14:08:01,530 [INFO] --- RobinhoodSafeGuard tick | ET 15:08 | mode=LIVE ---
2026-06-10 14:08:01,723 [INFO] Robinhood login OK (session reused)
2026-06-10 14:08:09,227 [INFO] KSS $17C 2026-06-12: stop OK @ $0.09 (mark=$0.05, ideal=$0.09)
2026-06-10 14:08:09,231 [INFO] Tick complete.
2026-06-10 14:09:01,515 [INFO] --- RobinhoodSafeGuard tick | ET 15:09 | mode=LIVE ---
2026-06-10 14:09:01,730 [INFO] Robinhood login OK (session reused)
2026-06-10 14:09:08,822 [INFO] KSS $17C 2026-06-12: stop OK @ $0.09 (mark=$0.05, ideal=$0.09)
2026-06-10 14:09:08,827 [INFO] Tick complete.
2026-06-10 14:10:02,170 [INFO] --- RobinhoodSafeGuard tick | ET 15:10 | mode=LIVE ---
2026-06-10 14:10:02,414 [INFO] Robinhood login OK (session reused)
2026-06-10 14:10:07,795 [INFO] KSS $17C 2026-06-12: stop OK @ $0.09 (mark=$0.05, ideal=$0.09)
2026-06-10 14:10:07,799 [INFO] Tick complete.
2026-06-10 14:11:02,075 [INFO] --- RobinhoodSafeGuard tick | ET 15:11 | mode=LIVE ---
2026-06-10 14:11:02,286 [INFO] Robinhood login OK (session reused)
2026-06-10 14:11:09,830 [INFO] KSS $17C 2026-06-12: stop OK @ $0.09 (mark=$0.05, ideal=$0.09)
2026-06-10 14:11:09,834 [INFO] Tick complete.
2026-06-10 14:12:02,116 [INFO] --- RobinhoodSafeGuard tick | ET 15:12 | mode=LIVE ---
2026-06-10 14:12:02,306 [INFO] Robinhood login OK (session reused)
2026-06-10 14:12:09,689 [INFO] KSS $17C 2026-06-12: stop OK @ $0.09 (mark=$0.05, ideal=$0.09)
2026-06-10 14:12:09,694 [INFO] Tick complete.
2026-06-10 14:13:01,975 [INFO] --- RobinhoodSafeGuard tick | ET 15:13 | mode=LIVE ---
2026-06-10 14:13:02,123 [INFO] Robinhood login OK (session reused)
2026-06-10 14:13:41,310 [INFO] TSLA $380P 2026-06-10: no stop — placing @ $0.29 (mark=$0.38)
2026-06-10 14:13:42,141 [INFO] Stop placed 6a29b765: stop=$0.29 limit=$0.26 on TSLA $380P 2026-06-10
2026-06-10 14:13:42,149 [INFO] KSS $17C 2026-06-12: stop OK @ $0.09 (mark=$0.05, ideal=$0.09)
2026-06-10 14:13:42,152 [INFO] Tick complete.
2026-06-10 14:14:01,438 [INFO] --- RobinhoodSafeGuard tick | ET 15:14 | mode=LIVE ---
2026-06-10 14:14:01,651 [INFO] Robinhood login OK (session reused)
2026-06-10 14:14:40,448 [INFO] TSLA $380P 2026-06-10: stop OK @ $0.29 (mark=$0.38, ideal=$0.29)
2026-06-10 14:14:40,449 [INFO] KSS $17C 2026-06-12: stop OK @ $0.09 (mark=$0.05, ideal=$0.09)
2026-06-10 14:14:40,453 [INFO] Tick complete.
2026-06-10 14:15:01,980 [INFO] --- RobinhoodSafeGuard tick | ET 15:15 | mode=LIVE ---
2026-06-10 14:15:02,149 [INFO] Robinhood login OK (session reused)
2026-06-10 14:15:09,311 [INFO] TSLA $380P 2026-06-10: stop OK @ $0.29 (mark=$0.34, ideal=$0.29)
2026-06-10 14:15:09,312 [INFO] KSS $17C 2026-06-12: stop OK @ $0.09 (mark=$0.05, ideal=$0.09)
2026-06-10 14:15:09,315 [INFO] Tick complete.
2026-06-10 14:16:01,599 [INFO] --- RobinhoodSafeGuard tick | ET 15:16 | mode=LIVE ---
2026-06-10 14:16:01,805 [INFO] Robinhood login OK (session reused)
2026-06-10 14:16:08,103 [INFO] TSLA $380P 2026-06-10: trailing $0.29 → $0.34 (mark=$0.45, tracked high=$0.45)
2026-06-10 14:16:08,273 [INFO] Cancelled order 6a29b765
2026-06-10 14:16:08,919 [INFO] Stop placed 6a29b7f8: stop=$0.34 limit=$0.31 on TSLA $380P 2026-06-10
2026-06-10 14:16:08,928 [INFO] KSS $17C 2026-06-12: stop OK @ $0.09 (mark=$0.05, ideal=$0.09)
2026-06-10 14:16:08,931 [INFO] Tick complete.
2026-06-10 14:17:02,220 [INFO] --- RobinhoodSafeGuard tick | ET 15:17 | mode=LIVE ---
2026-06-10 14:17:02,408 [INFO] Robinhood login OK (session reused)
2026-06-10 14:17:38,320 [INFO] TSLA $380P 2026-06-10: stop OK @ $0.34 (mark=$0.41, ideal=$0.34)
2026-06-10 14:17:38,321 [INFO] KSS $17C 2026-06-12: stop OK @ $0.09 (mark=$0.05, ideal=$0.09)
2026-06-10 14:17:38,325 [INFO] Tick complete.
2026-06-10 14:18:01,606 [INFO] --- RobinhoodSafeGuard tick | ET 15:18 | mode=LIVE ---
2026-06-10 14:18:01,715 [INFO] Robinhood login OK (session reused)
2026-06-10 14:18:08,535 [INFO] TSLA $380P 2026-06-10: trailing $0.34 → $0.39 (mark=$0.52, tracked high=$0.52)
2026-06-10 14:18:08,720 [INFO] Cancelled order 6a29b7f8
2026-06-10 14:18:09,757 [INFO] Stop placed 6a29b871: stop=$0.39 limit=$0.35 on TSLA $380P 2026-06-10
2026-06-10 14:18:09,766 [INFO] KSS $17C 2026-06-12: stop OK @ $0.09 (mark=$0.05, ideal=$0.09)
2026-06-10 14:18:09,771 [INFO] Tick complete.
2026-06-10 14:19:02,051 [INFO] --- RobinhoodSafeGuard tick | ET 15:19 | mode=LIVE ---
2026-06-10 14:19:02,253 [INFO] Robinhood login OK (session reused)
2026-06-10 14:19:39,726 [INFO] TSLA $380P 2026-06-10: trailing $0.39 → $0.46 (mark=$0.61, tracked high=$0.61)
2026-06-10 14:19:39,832 [INFO] Cancelled order 6a29b871
2026-06-10 14:19:40,447 [ERROR] Stop order returned no id for TSLA $380P 2026-06-10: {'detail': 'This order is invalid because you do not have enough shares to close your position.'}
2026-06-10 14:19:40,456 [INFO] KSS $17C 2026-06-12: stop OK @ $0.09 (mark=$0.05, ideal=$0.09)
2026-06-10 14:19:40,462 [INFO] Tick complete.
2026-06-10 14:20:01,885 [INFO] --- RobinhoodSafeGuard tick | ET 15:20 | mode=LIVE ---
2026-06-10 14:20:02,000 [INFO] Robinhood login OK (session reused)
2026-06-10 14:21:01,578 [INFO] --- RobinhoodSafeGuard tick | ET 15:21 | mode=LIVE ---
2026-06-10 14:21:01,814 [INFO] Robinhood login OK (session reused)
2026-06-10 14:22:01,375 [INFO] --- RobinhoodSafeGuard tick | ET 15:22 | mode=LIVE ---
2026-06-10 14:22:01,592 [INFO] Robinhood login OK (session reused)
2026-06-10 14:23:01,472 [INFO] --- RobinhoodSafeGuard tick | ET 15:23 | mode=LIVE ---
2026-06-10 14:23:01,686 [INFO] Robinhood login OK (session reused)
2026-06-10 14:24:02,054 [INFO] --- RobinhoodSafeGuard tick | ET 15:24 | mode=LIVE ---
2026-06-10 14:24:02,325 [INFO] Robinhood login OK (session reused)
2026-06-10 14:24:39,299 [INFO] KSS $17C 2026-06-12: stop OK @ $0.09 (mark=$0.05, ideal=$0.09)
2026-06-10 14:24:39,301 [INFO] Position closed/expired — removing from state: TSLA $380P 2026-06-10
2026-06-10 14:24:39,305 [INFO] Tick complete.
2026-06-10 14:25:01,814 [INFO] --- RobinhoodSafeGuard tick | ET 15:25 | mode=LIVE ---
2026-06-10 14:25:01,929 [INFO] Robinhood login OK (session reused)
2026-06-10 14:25:09,575 [INFO] KSS $17C 2026-06-12: stop OK @ $0.09 (mark=$0.05, ideal=$0.09)
2026-06-10 14:25:09,579 [INFO] Tick complete.
2026-06-10 14:26:01,856 [INFO] --- RobinhoodSafeGuard tick | ET 15:26 | mode=LIVE ---
2026-06-10 14:26:02,078 [INFO] Robinhood login OK (session reused)
2026-06-10 14:26:09,179 [INFO] KSS $17C 2026-06-12: stop OK @ $0.09 (mark=$0.05, ideal=$0.09)
2026-06-10 14:26:09,183 [INFO] Tick complete.
2026-06-10 14:27:01,460 [INFO] --- RobinhoodSafeGuard tick | ET 15:27 | mode=LIVE ---
2026-06-10 14:27:01,686 [INFO] Robinhood login OK (session reused)
2026-06-10 14:27:09,151 [INFO] KSS $17C 2026-06-12: stop OK @ $0.09 (mark=$0.05, ideal=$0.09)
2026-06-10 14:27:09,156 [INFO] Tick complete.
2026-06-10 14:28:01,438 [INFO] --- RobinhoodSafeGuard tick | ET 15:28 | mode=LIVE ---
2026-06-10 14:28:01,611 [INFO] Robinhood login OK (session reused)
2026-06-10 14:28:08,836 [INFO] KSS $17C 2026-06-12: stop OK @ $0.09 (mark=$0.05, ideal=$0.09)
2026-06-10 14:28:08,840 [INFO] Tick complete.
2026-06-10 14:29:02,122 [INFO] --- RobinhoodSafeGuard tick | ET 15:29 | mode=LIVE ---
2026-06-10 14:29:02,295 [INFO] Robinhood login OK (session reused)
2026-06-10 14:29:09,650 [INFO] KSS $17C 2026-06-12: stop OK @ $0.09 (mark=$0.05, ideal=$0.09)
2026-06-10 14:29:09,655 [INFO] Tick complete.
2026-06-10 14:30:02,104 [INFO] --- RobinhoodSafeGuard tick | ET 15:30 | mode=LIVE ---
2026-06-10 14:30:02,336 [INFO] Robinhood login OK (session reused)
2026-06-10 14:30:10,614 [INFO] KSS $17C 2026-06-12: stop OK @ $0.09 (mark=$0.05, ideal=$0.09)
2026-06-10 14:30:10,619 [INFO] Tick complete.
2026-06-10 14:31:01,899 [INFO] --- RobinhoodSafeGuard tick | ET 15:31 | mode=LIVE ---
2026-06-10 14:31:02,093 [INFO] Robinhood login OK (session reused)
2026-06-10 14:31:08,950 [INFO] KSS $17C 2026-06-12: stop OK @ $0.09 (mark=$0.05, ideal=$0.09)
2026-06-10 14:31:08,954 [INFO] Tick complete.
2026-06-10 14:32:02,232 [INFO] --- RobinhoodSafeGuard tick | ET 15:32 | mode=LIVE ---
2026-06-10 14:32:02,403 [INFO] Robinhood login OK (session reused)
2026-06-10 14:32:09,648 [INFO] KSS $17C 2026-06-12: stop OK @ $0.09 (mark=$0.05, ideal=$0.09)
2026-06-10 14:32:09,652 [INFO] Tick complete.
2026-06-10 14:33:01,932 [INFO] --- RobinhoodSafeGuard tick | ET 15:33 | mode=LIVE ---
2026-06-10 14:33:02,067 [INFO] Robinhood login OK (session reused)
2026-06-10 14:33:09,435 [INFO] KSS $17C 2026-06-12: stop OK @ $0.09 (mark=$0.05, ideal=$0.09)
2026-06-10 14:33:09,439 [INFO] Tick complete.
2026-06-10 14:34:01,715 [INFO] --- RobinhoodSafeGuard tick | ET 15:34 | mode=LIVE ---
2026-06-10 14:34:01,900 [INFO] Robinhood login OK (session reused)
2026-06-10 14:34:09,181 [INFO] KSS $17C 2026-06-12: stop OK @ $0.09 (mark=$0.05, ideal=$0.09)
2026-06-10 14:34:09,186 [INFO] Tick complete.
2026-06-10 14:35:01,695 [INFO] --- RobinhoodSafeGuard tick | ET 15:35 | mode=LIVE ---
2026-06-10 14:35:01,824 [INFO] Robinhood login OK (session reused)
2026-06-10 14:35:09,383 [INFO] KSS $17C 2026-06-12: stop OK @ $0.09 (mark=$0.05, ideal=$0.09)
2026-06-10 14:35:09,386 [INFO] Tick complete.
2026-06-10 14:36:01,662 [INFO] --- RobinhoodSafeGuard tick | ET 15:36 | mode=LIVE ---
2026-06-10 14:36:01,924 [INFO] Robinhood login OK (session reused)
2026-06-10 14:36:09,435 [INFO] KSS $17C 2026-06-12: stop OK @ $0.09 (mark=$0.05, ideal=$0.09)
2026-06-10 14:36:09,439 [INFO] Tick complete.
2026-06-10 14:37:01,715 [INFO] --- RobinhoodSafeGuard tick | ET 15:37 | mode=LIVE ---
2026-06-10 14:37:01,916 [INFO] Robinhood login OK (session reused)
2026-06-10 14:37:09,119 [INFO] KSS $17C 2026-06-12: stop OK @ $0.09 (mark=$0.05, ideal=$0.09)
2026-06-10 14:37:09,124 [INFO] Tick complete.
2026-06-10 14:38:01,401 [INFO] --- RobinhoodSafeGuard tick | ET 15:38 | mode=LIVE ---
2026-06-10 14:38:01,573 [INFO] Robinhood login OK (session reused)
2026-06-10 14:38:08,711 [INFO] KSS $17C 2026-06-12: stop OK @ $0.09 (mark=$0.05, ideal=$0.09)
2026-06-10 14:38:08,715 [INFO] Tick complete.
2026-06-10 14:39:01,993 [INFO] --- RobinhoodSafeGuard tick | ET 15:39 | mode=LIVE ---
2026-06-10 14:39:02,162 [INFO] Robinhood login OK (session reused)
2026-06-10 14:39:09,402 [INFO] KSS $17C 2026-06-12: stop OK @ $0.09 (mark=$0.05, ideal=$0.09)
2026-06-10 14:39:09,407 [INFO] Tick complete.
2026-06-10 14:40:01,924 [INFO] --- RobinhoodSafeGuard tick | ET 15:40 | mode=LIVE ---
2026-06-10 14:40:02,035 [INFO] Robinhood login OK (session reused)
2026-06-10 14:40:09,378 [INFO] KSS $17C 2026-06-12: stop OK @ $0.09 (mark=$0.05, ideal=$0.09)
2026-06-10 14:40:09,383 [INFO] Tick complete.
2026-06-10 14:41:01,663 [INFO] --- RobinhoodSafeGuard tick | ET 15:41 | mode=LIVE ---
2026-06-10 14:41:01,899 [INFO] Robinhood login OK (session reused)
2026-06-10 14:41:09,246 [INFO] KSS $17C 2026-06-12: stop OK @ $0.09 (mark=$0.05, ideal=$0.09)
2026-06-10 14:41:09,250 [INFO] Tick complete.
2026-06-10 14:42:01,526 [INFO] --- RobinhoodSafeGuard tick | ET 15:42 | mode=LIVE ---
2026-06-10 14:42:01,722 [INFO] Robinhood login OK (session reused)
2026-06-10 14:42:08,800 [INFO] KSS $17C 2026-06-12: stop OK @ $0.09 (mark=$0.05, ideal=$0.09)
2026-06-10 14:42:08,805 [INFO] Tick complete.
2026-06-10 14:43:02,088 [INFO] --- RobinhoodSafeGuard tick | ET 15:43 | mode=LIVE ---
2026-06-10 14:43:02,292 [INFO] Robinhood login OK (session reused)
2026-06-10 14:43:10,025 [INFO] KSS $17C 2026-06-12: stop OK @ $0.09 (mark=$0.05, ideal=$0.09)
2026-06-10 14:43:10,030 [INFO] Tick complete.
2026-06-10 14:44:01,311 [INFO] --- RobinhoodSafeGuard tick | ET 15:44 | mode=LIVE ---
2026-06-10 14:44:01,453 [INFO] Robinhood login OK (session reused)
2026-06-10 14:44:09,135 [INFO] KSS $17C 2026-06-12: stop OK @ $0.09 (mark=$0.05, ideal=$0.09)
2026-06-10 14:44:09,139 [INFO] Tick complete.
2026-06-10 14:45:01,478 [INFO] --- RobinhoodSafeGuard tick | ET 15:45 | mode=LIVE ---
2026-06-10 14:45:01,676 [INFO] Robinhood login OK (session reused)
2026-06-10 14:45:08,865 [INFO] KSS $17C 2026-06-12: stop OK @ $0.09 (mark=$0.05, ideal=$0.09)
2026-06-10 14:45:08,869 [INFO] Tick complete.
2026-06-10 14:46:02,144 [INFO] --- RobinhoodSafeGuard tick | ET 15:46 | mode=LIVE ---
2026-06-10 14:46:02,372 [INFO] Robinhood login OK (session reused)
2026-06-10 14:46:09,539 [INFO] KSS $17C 2026-06-12: stop OK @ $0.09 (mark=$0.05, ideal=$0.09)
2026-06-10 14:46:09,543 [INFO] Tick complete.
2026-06-10 14:47:01,820 [INFO] --- RobinhoodSafeGuard tick | ET 15:47 | mode=LIVE ---
2026-06-10 14:47:01,958 [INFO] Robinhood login OK (session reused)
2026-06-10 14:47:09,241 [INFO] KSS $17C 2026-06-12: stop OK @ $0.09 (mark=$0.05, ideal=$0.09)
2026-06-10 14:47:09,245 [INFO] Tick complete.
2026-06-10 14:48:01,521 [INFO] --- RobinhoodSafeGuard tick | ET 15:48 | mode=LIVE ---
2026-06-10 14:48:01,693 [INFO] Robinhood login OK (session reused)
2026-06-10 14:48:09,175 [INFO] KSS $17C 2026-06-12: stop OK @ $0.09 (mark=$0.05, ideal=$0.09)
2026-06-10 14:48:09,179 [INFO] Tick complete.
2026-06-10 14:49:01,467 [INFO] --- RobinhoodSafeGuard tick | ET 15:49 | mode=LIVE ---
2026-06-10 14:49:01,648 [INFO] Robinhood login OK (session reused)
2026-06-10 14:49:08,699 [INFO] KSS $17C 2026-06-12: stop OK @ $0.09 (mark=$0.05, ideal=$0.09)
2026-06-10 14:49:08,703 [INFO] Tick complete.
2026-06-10 14:50:02,043 [INFO] --- RobinhoodSafeGuard tick | ET 15:50 | mode=LIVE ---
2026-06-10 14:50:02,241 [INFO] Robinhood login OK (session reused)
2026-06-10 14:50:09,848 [INFO] KSS $17C 2026-06-12: stop OK @ $0.09 (mark=$0.05, ideal=$0.09)
2026-06-10 14:50:09,852 [INFO] Tick complete.
2026-06-10 14:51:02,134 [INFO] --- RobinhoodSafeGuard tick | ET 15:51 | mode=LIVE ---
2026-06-10 14:51:02,361 [INFO] Robinhood login OK (session reused)
2026-06-10 14:51:09,744 [INFO] KSS $17C 2026-06-12: stop OK @ $0.09 (mark=$0.05, ideal=$0.09)
2026-06-10 14:51:09,748 [INFO] Tick complete.
2026-06-10 14:52:02,029 [INFO] --- RobinhoodSafeGuard tick | ET 15:52 | mode=LIVE ---
2026-06-10 14:52:02,201 [INFO] Robinhood login OK (session reused)
2026-06-10 14:52:09,748 [INFO] KSS $17C 2026-06-12: stop OK @ $0.09 (mark=$0.05, ideal=$0.09)
2026-06-10 14:52:09,752 [INFO] Tick complete.
2026-06-10 14:53:02,030 [INFO] --- RobinhoodSafeGuard tick | ET 15:53 | mode=LIVE ---
2026-06-10 14:53:02,204 [INFO] Robinhood login OK (session reused)
2026-06-10 14:53:08,844 [INFO] KSS $17C 2026-06-12: stop OK @ $0.09 (mark=$0.05, ideal=$0.09)
2026-06-10 14:53:08,848 [INFO] Tick complete.
2026-06-10 14:54:02,129 [INFO] --- RobinhoodSafeGuard tick | ET 15:54 | mode=LIVE ---
2026-06-10 14:54:02,338 [INFO] Robinhood login OK (session reused)
2026-06-10 14:54:09,710 [INFO] KSS $17C 2026-06-12: stop OK @ $0.09 (mark=$0.05, ideal=$0.09)
2026-06-10 14:54:09,714 [INFO] Tick complete.
2026-06-10 14:55:02,271 [INFO] --- RobinhoodSafeGuard tick | ET 15:55 | mode=LIVE ---
2026-06-10 14:55:02,473 [INFO] Robinhood login OK (session reused)
2026-06-10 14:55:08,754 [INFO] KSS $17C 2026-06-12: stop OK @ $0.09 (mark=$0.05, ideal=$0.09)
2026-06-10 14:55:08,758 [INFO] Tick complete.
2026-06-10 14:56:02,039 [INFO] --- RobinhoodSafeGuard tick | ET 15:56 | mode=LIVE ---
2026-06-10 14:56:02,323 [INFO] Robinhood login OK (session reused)
2026-06-10 14:56:09,682 [INFO] KSS $17C 2026-06-12: stop OK @ $0.09 (mark=$0.05, ideal=$0.09)
2026-06-10 14:56:09,686 [INFO] Tick complete.
2026-06-10 14:57:01,965 [INFO] --- RobinhoodSafeGuard tick | ET 15:57 | mode=LIVE ---
2026-06-10 14:57:02,075 [INFO] Robinhood login OK (session reused)
2026-06-10 14:57:09,064 [INFO] KSS $17C 2026-06-12: stop OK @ $0.09 (mark=$0.05, ideal=$0.09)
2026-06-10 14:57:09,068 [INFO] Tick complete.
2026-06-10 14:58:01,354 [INFO] --- RobinhoodSafeGuard tick | ET 15:58 | mode=LIVE ---
2026-06-10 14:58:01,554 [INFO] Robinhood login OK (session reused)
2026-06-10 14:58:08,531 [INFO] KSS $17C 2026-06-12: stop OK @ $0.09 (mark=$0.05, ideal=$0.09)
2026-06-10 14:58:08,535 [INFO] Tick complete.
2026-06-10 14:59:01,816 [INFO] --- RobinhoodSafeGuard tick | ET 15:59 | mode=LIVE ---
2026-06-10 14:59:02,007 [INFO] Robinhood login OK (session reused)
2026-06-10 14:59:08,878 [INFO] KSS $17C 2026-06-12: stop OK @ $0.09 (mark=$0.05, ideal=$0.09)
2026-06-10 14:59:08,882 [INFO] Tick complete.
2026-06-10 15:00:02,484 [INFO] --- RobinhoodSafeGuard tick | ET 16:00 | mode=LIVE ---
2026-06-10 15:00:02,612 [INFO] Robinhood login OK (session reused)
2026-06-10 15:00:09,810 [INFO] KSS $17C 2026-06-12: stop OK @ $0.09 (mark=$0.05, ideal=$0.09)
2026-06-10 15:00:09,814 [INFO] Tick complete.
2026-06-10 15:01:02,096 [INFO] --- RobinhoodSafeGuard tick | ET 16:01 | mode=LIVE ---
2026-06-10 15:01:02,097 [INFO] Market closed — nothing to do.
2026-06-10 15:02:01,374 [INFO] --- RobinhoodSafeGuard tick | ET 16:02 | mode=LIVE ---
2026-06-10 15:02:01,375 [INFO] Market closed — nothing to do.
2026-06-10 15:03:01,651 [INFO] --- RobinhoodSafeGuard tick | ET 16:03 | mode=LIVE ---
2026-06-10 15:03:01,652 [INFO] Market closed — nothing to do.
2026-06-10 15:04:01,932 [INFO] --- RobinhoodSafeGuard tick | ET 16:04 | mode=LIVE ---
2026-06-10 15:04:01,933 [INFO] Market closed — nothing to do.
2026-06-10 15:05:02,534 [INFO] --- RobinhoodSafeGuard tick | ET 16:05 | mode=LIVE ---
2026-06-10 15:05:02,534 [INFO] Market closed — nothing to do.
2026-06-10 15:06:01,638 [INFO] --- RobinhoodSafeGuard tick | ET 16:06 | mode=LIVE ---
2026-06-10 15:06:01,639 [INFO] Market closed — nothing to do.
2026-06-10 15:07:01,913 [INFO] --- RobinhoodSafeGuard tick | ET 16:07 | mode=LIVE ---
2026-06-10 15:07:01,914 [INFO] Market closed — nothing to do.
2026-06-10 15:08:02,192 [INFO] --- RobinhoodSafeGuard tick | ET 16:08 | mode=LIVE ---
2026-06-10 15:08:02,193 [INFO] Market closed — nothing to do.
2026-06-10 15:09:01,478 [INFO] --- RobinhoodSafeGuard tick | ET 16:09 | mode=LIVE ---
2026-06-10 15:09:01,479 [INFO] Market closed — nothing to do.
2026-06-10 15:10:01,974 [INFO] --- RobinhoodSafeGuard tick | ET 16:10 | mode=LIVE ---
2026-06-10 15:10:01,975 [INFO] Market closed — nothing to do.
2026-06-10 15:11:02,194 [INFO] --- RobinhoodSafeGuard tick | ET 16:11 | mode=LIVE ---
2026-06-10 15:11:02,195 [INFO] Market closed — nothing to do.
2026-06-10 15:12:01,470 [INFO] --- RobinhoodSafeGuard tick | ET 16:12 | mode=LIVE ---
2026-06-10 15:12:01,471 [INFO] Market closed — nothing to do.
2026-06-10 15:13:01,749 [INFO] --- RobinhoodSafeGuard tick | ET 16:13 | mode=LIVE ---
2026-06-10 15:13:01,750 [INFO] Market closed — nothing to do.
2026-06-10 15:14:02,024 [INFO] --- RobinhoodSafeGuard tick | ET 16:14 | mode=LIVE ---
2026-06-10 15:14:02,025 [INFO] Market closed — nothing to do.
2026-06-10 15:15:01,390 [INFO] --- RobinhoodSafeGuard tick | ET 16:15 | mode=LIVE ---
2026-06-10 15:15:01,391 [INFO] Market closed — nothing to do.
2026-06-10 15:16:01,693 [INFO] --- RobinhoodSafeGuard tick | ET 16:16 | mode=LIVE ---
2026-06-10 15:16:01,694 [INFO] Market closed — nothing to do.
2026-06-10 15:17:01,977 [INFO] --- RobinhoodSafeGuard tick | ET 16:17 | mode=LIVE ---
2026-06-10 15:17:01,978 [INFO] Market closed — nothing to do.
2026-06-10 15:18:01,254 [INFO] --- RobinhoodSafeGuard tick | ET 16:18 | mode=LIVE ---
2026-06-10 15:18:01,254 [INFO] Market closed — nothing to do.
2026-06-10 15:19:01,537 [INFO] --- RobinhoodSafeGuard tick | ET 16:19 | mode=LIVE ---
2026-06-10 15:19:01,538 [INFO] Market closed — nothing to do.
2026-06-10 15:20:02,057 [INFO] --- RobinhoodSafeGuard tick | ET 16:20 | mode=LIVE ---
2026-06-10 15:20:02,058 [INFO] Market closed — nothing to do.
2026-06-10 15:21:01,258 [INFO] --- RobinhoodSafeGuard tick | ET 16:21 | mode=LIVE ---
2026-06-10 15:21:01,259 [INFO] Market closed — nothing to do.
2026-06-10 15:22:01,537 [INFO] --- RobinhoodSafeGuard tick | ET 16:22 | mode=LIVE ---
2026-06-10 15:22:01,538 [INFO] Market closed — nothing to do.
2026-06-10 15:23:01,815 [INFO] --- RobinhoodSafeGuard tick | ET 16:23 | mode=LIVE ---
2026-06-10 15:23:01,816 [INFO] Market closed — nothing to do.
2026-06-10 15:24:02,092 [INFO] --- RobinhoodSafeGuard tick | ET 16:24 | mode=LIVE ---
2026-06-10 15:24:02,092 [INFO] Market closed — nothing to do.
2026-06-10 15:25:01,454 [INFO] --- RobinhoodSafeGuard tick | ET 16:25 | mode=LIVE ---
2026-06-10 15:25:01,455 [INFO] Market closed — nothing to do.
2026-06-10 15:26:01,785 [INFO] --- RobinhoodSafeGuard tick | ET 16:26 | mode=LIVE ---
2026-06-10 15:26:01,786 [INFO] Market closed — nothing to do.
2026-06-10 15:27:02,063 [INFO] --- RobinhoodSafeGuard tick | ET 16:27 | mode=LIVE ---
2026-06-10 15:27:02,064 [INFO] Market closed — nothing to do.
2026-06-10 15:28:01,344 [INFO] --- RobinhoodSafeGuard tick | ET 16:28 | mode=LIVE ---
2026-06-10 15:28:01,345 [INFO] Market closed — nothing to do.
2026-06-10 15:29:01,623 [INFO] --- RobinhoodSafeGuard tick | ET 16:29 | mode=LIVE ---
2026-06-10 15:29:01,624 [INFO] Market closed — nothing to do.
2026-06-10 15:30:01,970 [INFO] --- RobinhoodSafeGuard tick | ET 16:30 | mode=LIVE ---
2026-06-10 15:30:01,972 [INFO] Market closed — nothing to do.
2026-06-10 15:31:01,374 [INFO] --- RobinhoodSafeGuard tick | ET 16:31 | mode=LIVE ---
2026-06-10 15:31:01,375 [INFO] Market closed — nothing to do.
2026-06-10 15:32:01,648 [INFO] --- RobinhoodSafeGuard tick | ET 16:32 | mode=LIVE ---
2026-06-10 15:32:01,649 [INFO] Market closed — nothing to do.
2026-06-10 15:33:01,926 [INFO] --- RobinhoodSafeGuard tick | ET 16:33 | mode=LIVE ---
2026-06-10 15:33:01,927 [INFO] Market closed — nothing to do.
2026-06-10 15:34:02,206 [INFO] --- RobinhoodSafeGuard tick | ET 16:34 | mode=LIVE ---
2026-06-10 15:34:02,207 [INFO] Market closed — nothing to do.
2026-06-10 15:35:01,626 [INFO] --- RobinhoodSafeGuard tick | ET 16:35 | mode=LIVE ---
2026-06-10 15:35:01,627 [INFO] Market closed — nothing to do.
2026-06-10 15:36:01,904 [INFO] --- RobinhoodSafeGuard tick | ET 16:36 | mode=LIVE ---
2026-06-10 15:36:01,905 [INFO] Market closed — nothing to do.
2026-06-10 15:37:02,178 [INFO] --- RobinhoodSafeGuard tick | ET 16:37 | mode=LIVE ---
2026-06-10 15:37:02,179 [INFO] Market closed — nothing to do.
2026-06-10 15:38:01,454 [INFO] --- RobinhoodSafeGuard tick | ET 16:38 | mode=LIVE ---
2026-06-10 15:38:01,454 [INFO] Market closed — nothing to do.
2026-06-10 15:39:01,731 [INFO] --- RobinhoodSafeGuard tick | ET 16:39 | mode=LIVE ---
2026-06-10 15:39:01,731 [INFO] Market closed — nothing to do.
2026-06-10 15:40:02,045 [INFO] --- RobinhoodSafeGuard tick | ET 16:40 | mode=LIVE ---
2026-06-10 15:40:02,046 [INFO] Market closed — nothing to do.
2026-06-10 15:41:01,586 [INFO] --- RobinhoodSafeGuard tick | ET 16:41 | mode=LIVE ---
2026-06-10 15:41:01,587 [INFO] Market closed — nothing to do.
2026-06-10 15:42:01,861 [INFO] --- RobinhoodSafeGuard tick | ET 16:42 | mode=LIVE ---
2026-06-10 15:42:01,862 [INFO] Market closed — nothing to do.
2026-06-10 15:43:02,137 [INFO] --- RobinhoodSafeGuard tick | ET 16:43 | mode=LIVE ---
2026-06-10 15:43:02,137 [INFO] Market closed — nothing to do.
2026-06-10 15:44:01,419 [INFO] --- RobinhoodSafeGuard tick | ET 16:44 | mode=LIVE ---
2026-06-10 15:44:01,420 [INFO] Market closed — nothing to do.
2026-06-10 15:45:01,808 [INFO] --- RobinhoodSafeGuard tick | ET 16:45 | mode=LIVE ---
2026-06-10 15:45:01,809 [INFO] Market closed — nothing to do.
2026-06-10 15:46:02,082 [INFO] --- RobinhoodSafeGuard tick | ET 16:46 | mode=LIVE ---
2026-06-10 15:46:02,083 [INFO] Market closed — nothing to do.
2026-06-10 15:47:01,360 [INFO] --- RobinhoodSafeGuard tick | ET 16:47 | mode=LIVE ---
2026-06-10 15:47:01,361 [INFO] Market closed — nothing to do.
2026-06-10 15:48:01,643 [INFO] --- RobinhoodSafeGuard tick | ET 16:48 | mode=LIVE ---
2026-06-10 15:48:01,644 [INFO] Market closed — nothing to do.
2026-06-10 15:49:01,923 [INFO] --- RobinhoodSafeGuard tick | ET 16:49 | mode=LIVE ---
2026-06-10 15:49:01,923 [INFO] Market closed — nothing to do.
2026-06-10 15:50:02,232 [INFO] --- RobinhoodSafeGuard tick | ET 16:50 | mode=LIVE ---
2026-06-10 15:50:02,233 [INFO] Market closed — nothing to do.
2026-06-10 15:51:01,572 [INFO] --- RobinhoodSafeGuard tick | ET 16:51 | mode=LIVE ---
2026-06-10 15:51:01,572 [INFO] Market closed — nothing to do.
2026-06-10 15:52:01,851 [INFO] --- RobinhoodSafeGuard tick | ET 16:52 | mode=LIVE ---
2026-06-10 15:52:01,852 [INFO] Market closed — nothing to do.
2026-06-10 15:53:02,125 [INFO] --- RobinhoodSafeGuard tick | ET 16:53 | mode=LIVE ---
2026-06-10 15:53:02,126 [INFO] Market closed — nothing to do.
2026-06-10 15:54:01,419 [INFO] --- RobinhoodSafeGuard tick | ET 16:54 | mode=LIVE ---
2026-06-10 15:54:01,420 [INFO] Market closed — nothing to do.
2026-06-10 15:55:01,772 [INFO] --- RobinhoodSafeGuard tick | ET 16:55 | mode=LIVE ---
2026-06-10 15:55:01,773 [INFO] Market closed — nothing to do.
2026-06-10 15:56:02,079 [INFO] --- RobinhoodSafeGuard tick | ET 16:56 | mode=LIVE ---
2026-06-10 15:56:02,080 [INFO] Market closed — nothing to do.
2026-06-10 15:57:01,361 [INFO] --- RobinhoodSafeGuard tick | ET 16:57 | mode=LIVE ---
2026-06-10 15:57:01,361 [INFO] Market closed — nothing to do.
2026-06-10 15:58:01,641 [INFO] --- RobinhoodSafeGuard tick | ET 16:58 | mode=LIVE ---
2026-06-10 15:58:01,642 [INFO] Market closed — nothing to do.
2026-06-10 15:59:01,919 [INFO] --- RobinhoodSafeGuard tick | ET 16:59 | mode=LIVE ---
2026-06-10 15:59:01,920 [INFO] Market closed — nothing to do.
2026-06-10 16:00:02,466 [INFO] --- RobinhoodSafeGuard tick | ET 17:00 | mode=LIVE ---
2026-06-10 16:00:02,476 [INFO] Market closed — nothing to do.
2026-06-10 16:01:01,698 [INFO] --- RobinhoodSafeGuard tick | ET 17:01 | mode=LIVE ---
2026-06-10 16:01:01,699 [INFO] Market closed — nothing to do.
2026-06-10 16:02:01,976 [INFO] --- RobinhoodSafeGuard tick | ET 17:02 | mode=LIVE ---
2026-06-10 16:02:01,976 [INFO] Market closed — nothing to do.
2026-06-10 16:03:01,252 [INFO] --- RobinhoodSafeGuard tick | ET 17:03 | mode=LIVE ---
2026-06-10 16:03:01,253 [INFO] Market closed — nothing to do.
2026-06-10 16:04:01,532 [INFO] --- RobinhoodSafeGuard tick | ET 17:04 | mode=LIVE ---
2026-06-10 16:04:01,533 [INFO] Market closed — nothing to do.
2026-06-10 16:05:01,891 [INFO] --- RobinhoodSafeGuard tick | ET 17:05 | mode=LIVE ---
2026-06-10 16:05:01,892 [INFO] Market closed — nothing to do.
2026-06-10 16:06:01,995 [INFO] --- RobinhoodSafeGuard tick | ET 17:06 | mode=LIVE ---
2026-06-10 16:06:01,996 [INFO] Market closed — nothing to do.
2026-06-10 16:07:01,276 [INFO] --- RobinhoodSafeGuard tick | ET 17:07 | mode=LIVE ---
2026-06-10 16:07:01,276 [INFO] Market closed — nothing to do.
2026-06-10 16:08:01,551 [INFO] --- RobinhoodSafeGuard tick | ET 17:08 | mode=LIVE ---
2026-06-10 16:08:01,552 [INFO] Market closed — nothing to do.
2026-06-10 16:09:01,831 [INFO] --- RobinhoodSafeGuard tick | ET 17:09 | mode=LIVE ---
2026-06-10 16:09:01,832 [INFO] Market closed — nothing to do.
2026-06-10 16:10:02,409 [INFO] --- RobinhoodSafeGuard tick | ET 17:10 | mode=LIVE ---
2026-06-10 16:10:02,409 [INFO] Market closed — nothing to do.
2026-06-10 16:11:01,537 [INFO] --- RobinhoodSafeGuard tick | ET 17:11 | mode=LIVE ---
2026-06-10 16:11:01,538 [INFO] Market closed — nothing to do.
2026-06-10 16:12:01,813 [INFO] --- RobinhoodSafeGuard tick | ET 17:12 | mode=LIVE ---
2026-06-10 16:12:01,814 [INFO] Market closed — nothing to do.
2026-06-10 16:13:02,090 [INFO] --- RobinhoodSafeGuard tick | ET 17:13 | mode=LIVE ---
2026-06-10 16:13:02,091 [INFO] Market closed — nothing to do.
2026-06-10 16:14:01,370 [INFO] --- RobinhoodSafeGuard tick | ET 17:14 | mode=LIVE ---
2026-06-10 16:14:01,371 [INFO] Market closed — nothing to do.
2026-06-10 16:15:01,902 [INFO] --- RobinhoodSafeGuard tick | ET 17:15 | mode=LIVE ---
2026-06-10 16:15:01,912 [INFO] Market closed — nothing to do.
2026-06-10 16:16:02,107 [INFO] --- RobinhoodSafeGuard tick | ET 17:16 | mode=LIVE ---
2026-06-10 16:16:02,108 [INFO] Market closed — nothing to do.
2026-06-10 16:17:01,382 [INFO] --- RobinhoodSafeGuard tick | ET 17:17 | mode=LIVE ---
2026-06-10 16:17:01,383 [INFO] Market closed — nothing to do.
2026-06-10 16:18:01,659 [INFO] --- RobinhoodSafeGuard tick | ET 17:18 | mode=LIVE ---
2026-06-10 16:18:01,660 [INFO] Market closed — nothing to do.
2026-06-10 16:19:01,936 [INFO] --- RobinhoodSafeGuard tick | ET 17:19 | mode=LIVE ---
2026-06-10 16:19:01,937 [INFO] Market closed — nothing to do.
2026-06-10 16:20:02,514 [INFO] --- RobinhoodSafeGuard tick | ET 17:20 | mode=LIVE ---
2026-06-10 16:20:02,515 [INFO] Market closed — nothing to do.
2026-06-10 16:21:01,689 [INFO] --- RobinhoodSafeGuard tick | ET 17:21 | mode=LIVE ---
2026-06-10 16:21:01,690 [INFO] Market closed — nothing to do.
2026-06-10 16:22:01,964 [INFO] --- RobinhoodSafeGuard tick | ET 17:22 | mode=LIVE ---
2026-06-10 16:22:01,964 [INFO] Market closed — nothing to do.
2026-06-10 16:23:02,244 [INFO] --- RobinhoodSafeGuard tick | ET 17:23 | mode=LIVE ---
2026-06-10 16:23:02,245 [INFO] Market closed — nothing to do.
2026-06-10 16:24:01,521 [INFO] --- RobinhoodSafeGuard tick | ET 17:24 | mode=LIVE ---
2026-06-10 16:24:01,521 [INFO] Market closed — nothing to do.
2026-06-10 16:25:01,830 [INFO] --- RobinhoodSafeGuard tick | ET 17:25 | mode=LIVE ---
2026-06-10 16:25:01,831 [INFO] Market closed — nothing to do.
2026-06-10 16:26:01,334 [INFO] --- RobinhoodSafeGuard tick | ET 17:26 | mode=LIVE ---
2026-06-10 16:26:01,335 [INFO] Market closed — nothing to do.
2026-06-10 16:27:01,612 [INFO] --- RobinhoodSafeGuard tick | ET 17:27 | mode=LIVE ---
2026-06-10 16:27:01,613 [INFO] Market closed — nothing to do.
2026-06-10 16:28:01,891 [INFO] --- RobinhoodSafeGuard tick | ET 17:28 | mode=LIVE ---
2026-06-10 16:28:01,892 [INFO] Market closed — nothing to do.
2026-06-10 16:29:02,171 [INFO] --- RobinhoodSafeGuard tick | ET 17:29 | mode=LIVE ---
2026-06-10 16:29:02,172 [INFO] Market closed — nothing to do.
2026-06-10 16:30:01,651 [INFO] --- RobinhoodSafeGuard tick | ET 17:30 | mode=LIVE ---
2026-06-10 16:30:01,652 [INFO] Market closed — nothing to do.
2026-06-10 16:31:01,925 [INFO] --- RobinhoodSafeGuard tick | ET 17:31 | mode=LIVE ---
2026-06-10 16:31:01,926 [INFO] Market closed — nothing to do.
2026-06-10 16:32:02,205 [INFO] --- RobinhoodSafeGuard tick | ET 17:32 | mode=LIVE ---
2026-06-10 16:32:02,206 [INFO] Market closed — nothing to do.
2026-06-10 16:33:01,486 [INFO] --- RobinhoodSafeGuard tick | ET 17:33 | mode=LIVE ---
2026-06-10 16:33:01,487 [INFO] Market closed — nothing to do.
2026-06-10 16:34:01,763 [INFO] --- RobinhoodSafeGuard tick | ET 17:34 | mode=LIVE ---
2026-06-10 16:34:01,764 [INFO] Market closed — nothing to do.
2026-06-10 16:35:02,314 [INFO] --- RobinhoodSafeGuard tick | ET 17:35 | mode=LIVE ---
2026-06-10 16:35:02,315 [INFO] Market closed — nothing to do.
2026-06-10 16:36:01,402 [INFO] --- RobinhoodSafeGuard tick | ET 17:36 | mode=LIVE ---
2026-06-10 16:36:01,402 [INFO] Market closed — nothing to do.
2026-06-10 16:37:01,677 [INFO] --- RobinhoodSafeGuard tick | ET 17:37 | mode=LIVE ---
2026-06-10 16:37:01,678 [INFO] Market closed — nothing to do.
2026-06-10 16:38:01,955 [INFO] --- RobinhoodSafeGuard tick | ET 17:38 | mode=LIVE ---
2026-06-10 16:38:01,956 [INFO] Market closed — nothing to do.
2026-06-10 16:39:02,231 [INFO] --- RobinhoodSafeGuard tick | ET 17:39 | mode=LIVE ---
2026-06-10 16:39:02,232 [INFO] Market closed — nothing to do.
2026-06-10 16:40:01,685 [INFO] --- RobinhoodSafeGuard tick | ET 17:40 | mode=LIVE ---
2026-06-10 16:40:01,695 [INFO] Market closed — nothing to do.
2026-06-10 16:41:01,842 [INFO] --- RobinhoodSafeGuard tick | ET 17:41 | mode=LIVE ---
2026-06-10 16:41:01,843 [INFO] Market closed — nothing to do.
2026-06-10 16:42:02,120 [INFO] --- RobinhoodSafeGuard tick | ET 17:42 | mode=LIVE ---
2026-06-10 16:42:02,121 [INFO] Market closed — nothing to do.
2026-06-10 16:43:01,399 [INFO] --- RobinhoodSafeGuard tick | ET 17:43 | mode=LIVE ---
2026-06-10 16:43:01,399 [INFO] Market closed — nothing to do.
2026-06-10 16:44:01,676 [INFO] --- RobinhoodSafeGuard tick | ET 17:44 | mode=LIVE ---
2026-06-10 16:44:01,677 [INFO] Market closed — nothing to do.
2026-06-10 16:45:02,136 [INFO] --- RobinhoodSafeGuard tick | ET 17:45 | mode=LIVE ---
2026-06-10 16:45:02,138 [INFO] Market closed — nothing to do.
2026-06-10 16:46:01,431 [INFO] --- RobinhoodSafeGuard tick | ET 17:46 | mode=LIVE ---
2026-06-10 16:46:01,432 [INFO] Market closed — nothing to do.
2026-06-10 16:47:01,715 [INFO] --- RobinhoodSafeGuard tick | ET 17:47 | mode=LIVE ---
2026-06-10 16:47:01,716 [INFO] Market closed — nothing to do.
2026-06-10 16:48:01,990 [INFO] --- RobinhoodSafeGuard tick | ET 17:48 | mode=LIVE ---
2026-06-10 16:48:01,991 [INFO] Market closed — nothing to do.
2026-06-10 16:49:01,264 [INFO] --- RobinhoodSafeGuard tick | ET 17:49 | mode=LIVE ---
2026-06-10 16:49:01,265 [INFO] Market closed — nothing to do.
2026-06-10 16:50:01,708 [INFO] --- RobinhoodSafeGuard tick | ET 17:50 | mode=LIVE ---
2026-06-10 16:50:01,715 [INFO] Market closed — nothing to do.
2026-06-10 16:51:02,086 [INFO] --- RobinhoodSafeGuard tick | ET 17:51 | mode=LIVE ---
2026-06-10 16:51:02,086 [INFO] Market closed — nothing to do.
2026-06-10 16:52:01,368 [INFO] --- RobinhoodSafeGuard tick | ET 17:52 | mode=LIVE ---
2026-06-10 16:52:01,369 [INFO] Market closed — nothing to do.
2026-06-10 16:53:01,650 [INFO] --- RobinhoodSafeGuard tick | ET 17:53 | mode=LIVE ---
2026-06-10 16:53:01,651 [INFO] Market closed — nothing to do.
2026-06-10 16:54:01,932 [INFO] --- RobinhoodSafeGuard tick | ET 17:54 | mode=LIVE ---
2026-06-10 16:54:01,933 [INFO] Market closed — nothing to do.
2026-06-10 16:55:02,472 [INFO] --- RobinhoodSafeGuard tick | ET 17:55 | mode=LIVE ---
2026-06-10 16:55:02,473 [INFO] Market closed — nothing to do.
2026-06-10 16:56:01,539 [INFO] --- RobinhoodSafeGuard tick | ET 17:56 | mode=LIVE ---
2026-06-10 16:56:01,540 [INFO] Market closed — nothing to do.
2026-06-10 16:57:01,822 [INFO] --- RobinhoodSafeGuard tick | ET 17:57 | mode=LIVE ---
2026-06-10 16:57:01,823 [INFO] Market closed — nothing to do.
2026-06-10 16:58:02,103 [INFO] --- RobinhoodSafeGuard tick | ET 17:58 | mode=LIVE ---
2026-06-10 16:58:02,104 [INFO] Market closed — nothing to do.
2026-06-10 16:59:01,383 [INFO] --- RobinhoodSafeGuard tick | ET 17:59 | mode=LIVE ---
2026-06-10 16:59:01,384 [INFO] Market closed — nothing to do.
2026-06-10 17:00:01,823 [INFO] --- RobinhoodSafeGuard tick | ET 18:00 | mode=LIVE ---
2026-06-10 17:00:01,823 [INFO] Market closed — nothing to do.
2026-06-10 17:01:02,198 [INFO] --- RobinhoodSafeGuard tick | ET 18:01 | mode=LIVE ---
2026-06-10 17:01:02,199 [INFO] Market closed — nothing to do.
2026-06-10 17:02:01,477 [INFO] --- RobinhoodSafeGuard tick | ET 18:02 | mode=LIVE ---
2026-06-10 17:02:01,478 [INFO] Market closed — nothing to do.
2026-06-10 17:03:01,762 [INFO] --- RobinhoodSafeGuard tick | ET 18:03 | mode=LIVE ---
2026-06-10 17:03:01,763 [INFO] Market closed — nothing to do.
2026-06-10 17:04:02,038 [INFO] --- RobinhoodSafeGuard tick | ET 18:04 | mode=LIVE ---
2026-06-10 17:04:02,039 [INFO] Market closed — nothing to do.
2026-06-10 17:05:01,645 [INFO] --- RobinhoodSafeGuard tick | ET 18:05 | mode=LIVE ---
2026-06-10 17:05:01,646 [INFO] Market closed — nothing to do.
2026-06-10 17:06:01,689 [INFO] --- RobinhoodSafeGuard tick | ET 18:06 | mode=LIVE ---
2026-06-10 17:06:01,690 [INFO] Market closed — nothing to do.
2026-06-10 17:07:01,967 [INFO] --- RobinhoodSafeGuard tick | ET 18:07 | mode=LIVE ---
2026-06-10 17:07:01,968 [INFO] Market closed — nothing to do.
2026-06-10 17:08:02,245 [INFO] --- RobinhoodSafeGuard tick | ET 18:08 | mode=LIVE ---
2026-06-10 17:08:02,246 [INFO] Market closed — nothing to do.
2026-06-10 17:09:01,527 [INFO] --- RobinhoodSafeGuard tick | ET 18:09 | mode=LIVE ---
2026-06-10 17:09:01,527 [INFO] Market closed — nothing to do.
2026-06-10 17:10:01,961 [INFO] --- RobinhoodSafeGuard tick | ET 18:10 | mode=LIVE ---
2026-06-10 17:10:01,962 [INFO] Market closed — nothing to do.
2026-06-10 17:11:02,196 [INFO] --- RobinhoodSafeGuard tick | ET 18:11 | mode=LIVE ---
2026-06-10 17:11:02,196 [INFO] Market closed — nothing to do.
2026-06-10 17:12:01,478 [INFO] --- RobinhoodSafeGuard tick | ET 18:12 | mode=LIVE ---
2026-06-10 17:12:01,479 [INFO] Market closed — nothing to do.
2026-06-10 17:13:01,754 [INFO] --- RobinhoodSafeGuard tick | ET 18:13 | mode=LIVE ---
2026-06-10 17:13:01,755 [INFO] Market closed — nothing to do.
2026-06-10 17:14:02,035 [INFO] --- RobinhoodSafeGuard tick | ET 18:14 | mode=LIVE ---
2026-06-10 17:14:02,035 [INFO] Market closed — nothing to do.
2026-06-10 17:15:01,619 [INFO] --- RobinhoodSafeGuard tick | ET 18:15 | mode=LIVE ---
2026-06-10 17:15:01,619 [INFO] Market closed — nothing to do.
2026-06-10 17:16:01,564 [INFO] --- RobinhoodSafeGuard tick | ET 18:16 | mode=LIVE ---
2026-06-10 17:16:01,564 [INFO] Market closed — nothing to do.
2026-06-10 17:17:01,840 [INFO] --- RobinhoodSafeGuard tick | ET 18:17 | mode=LIVE ---
2026-06-10 17:17:01,841 [INFO] Market closed — nothing to do.
2026-06-10 17:18:02,120 [INFO] --- RobinhoodSafeGuard tick | ET 18:18 | mode=LIVE ---
2026-06-10 17:18:02,120 [INFO] Market closed — nothing to do.
2026-06-10 17:19:01,398 [INFO] --- RobinhoodSafeGuard tick | ET 18:19 | mode=LIVE ---
2026-06-10 17:19:01,399 [INFO] Market closed — nothing to do.
2026-06-10 17:20:01,993 [INFO] --- RobinhoodSafeGuard tick | ET 18:20 | mode=LIVE ---
2026-06-10 17:20:01,994 [INFO] Market closed — nothing to do.
2026-06-10 17:21:02,194 [INFO] --- RobinhoodSafeGuard tick | ET 18:21 | mode=LIVE ---
2026-06-10 17:21:02,194 [INFO] Market closed — nothing to do.
2026-06-10 17:22:01,470 [INFO] --- RobinhoodSafeGuard tick | ET 18:22 | mode=LIVE ---
2026-06-10 17:22:01,470 [INFO] Market closed — nothing to do.
2026-06-10 17:23:01,746 [INFO] --- RobinhoodSafeGuard tick | ET 18:23 | mode=LIVE ---
2026-06-10 17:23:01,746 [INFO] Market closed — nothing to do.
2026-06-10 17:24:02,022 [INFO] --- RobinhoodSafeGuard tick | ET 18:24 | mode=LIVE ---
2026-06-10 17:24:02,023 [INFO] Market closed — nothing to do.
2026-06-10 17:25:01,386 [INFO] --- RobinhoodSafeGuard tick | ET 18:25 | mode=LIVE ---
2026-06-10 17:25:01,387 [INFO] Market closed — nothing to do.
2026-06-10 17:26:01,556 [INFO] --- RobinhoodSafeGuard tick | ET 18:26 | mode=LIVE ---
2026-06-10 17:26:01,557 [INFO] Market closed — nothing to do.
2026-06-10 17:27:01,834 [INFO] --- RobinhoodSafeGuard tick | ET 18:27 | mode=LIVE ---
2026-06-10 17:27:01,835 [INFO] Market closed — nothing to do.
2026-06-10 17:28:02,112 [INFO] --- RobinhoodSafeGuard tick | ET 18:28 | mode=LIVE ---
2026-06-10 17:28:02,113 [INFO] Market closed — nothing to do.
2026-06-10 17:29:01,388 [INFO] --- RobinhoodSafeGuard tick | ET 18:29 | mode=LIVE ---
2026-06-10 17:29:01,389 [INFO] Market closed — nothing to do.
2026-06-10 17:30:01,728 [INFO] --- RobinhoodSafeGuard tick | ET 18:30 | mode=LIVE ---
2026-06-10 17:30:01,729 [INFO] Market closed — nothing to do.
2026-06-10 17:31:02,145 [INFO] --- RobinhoodSafeGuard tick | ET 18:31 | mode=LIVE ---
2026-06-10 17:31:02,146 [INFO] Market closed — nothing to do.
2026-06-10 17:32:01,426 [INFO] --- RobinhoodSafeGuard tick | ET 18:32 | mode=LIVE ---
2026-06-10 17:32:01,427 [INFO] Market closed — nothing to do.
2026-06-10 17:33:01,704 [INFO] --- RobinhoodSafeGuard tick | ET 18:33 | mode=LIVE ---
2026-06-10 17:33:01,705 [INFO] Market closed — nothing to do.
2026-06-10 17:34:01,983 [INFO] --- RobinhoodSafeGuard tick | ET 18:34 | mode=LIVE ---
2026-06-10 17:34:01,983 [INFO] Market closed — nothing to do.
2026-06-10 17:35:01,298 [INFO] --- RobinhoodSafeGuard tick | ET 18:35 | mode=LIVE ---
2026-06-10 17:35:01,299 [INFO] Market closed — nothing to do.
2026-06-10 17:36:01,537 [INFO] --- RobinhoodSafeGuard tick | ET 18:36 | mode=LIVE ---
2026-06-10 17:36:01,538 [INFO] Market closed — nothing to do.
2026-06-10 17:37:01,813 [INFO] --- RobinhoodSafeGuard tick | ET 18:37 | mode=LIVE ---
2026-06-10 17:37:01,814 [INFO] Market closed — nothing to do.
2026-06-10 17:38:02,090 [INFO] --- RobinhoodSafeGuard tick | ET 18:38 | mode=LIVE ---
2026-06-10 17:38:02,090 [INFO] Market closed — nothing to do.
2026-06-10 17:39:01,376 [INFO] --- RobinhoodSafeGuard tick | ET 18:39 | mode=LIVE ---
2026-06-10 17:39:01,376 [INFO] Market closed — nothing to do.
2026-06-10 17:40:01,940 [INFO] --- RobinhoodSafeGuard tick | ET 18:40 | mode=LIVE ---
2026-06-10 17:40:01,941 [INFO] Market closed — nothing to do.
2026-06-10 17:41:02,100 [INFO] --- RobinhoodSafeGuard tick | ET 18:41 | mode=LIVE ---
2026-06-10 17:41:02,101 [INFO] Market closed — nothing to do.
2026-06-10 17:42:01,376 [INFO] --- RobinhoodSafeGuard tick | ET 18:42 | mode=LIVE ---
2026-06-10 17:42:01,377 [INFO] Market closed — nothing to do.
2026-06-10 17:43:01,655 [INFO] --- RobinhoodSafeGuard tick | ET 18:43 | mode=LIVE ---
2026-06-10 17:43:01,656 [INFO] Market closed — nothing to do.
2026-06-10 17:44:01,935 [INFO] --- RobinhoodSafeGuard tick | ET 18:44 | mode=LIVE ---
2026-06-10 17:44:01,936 [INFO] Market closed — nothing to do.
2026-06-10 17:45:02,446 [INFO] --- RobinhoodSafeGuard tick | ET 18:45 | mode=LIVE ---
2026-06-10 17:45:02,447 [INFO] Market closed — nothing to do.
2026-06-10 17:46:01,588 [INFO] --- RobinhoodSafeGuard tick | ET 18:46 | mode=LIVE ---
2026-06-10 17:46:01,589 [INFO] Market closed — nothing to do.
2026-06-10 17:47:01,870 [INFO] --- RobinhoodSafeGuard tick | ET 18:47 | mode=LIVE ---
2026-06-10 17:47:01,871 [INFO] Market closed — nothing to do.
2026-06-10 17:48:02,146 [INFO] --- RobinhoodSafeGuard tick | ET 18:48 | mode=LIVE ---
2026-06-10 17:48:02,147 [INFO] Market closed — nothing to do.
2026-06-10 17:49:01,423 [INFO] --- RobinhoodSafeGuard tick | ET 18:49 | mode=LIVE ---
2026-06-10 17:49:01,423 [INFO] Market closed — nothing to do.
2026-06-10 17:50:01,963 [INFO] --- RobinhoodSafeGuard tick | ET 18:50 | mode=LIVE ---
2026-06-10 17:50:01,964 [INFO] Market closed — nothing to do.
2026-06-10 17:51:01,968 [INFO] --- RobinhoodSafeGuard tick | ET 18:51 | mode=LIVE ---
2026-06-10 17:51:01,969 [INFO] Market closed — nothing to do.
2026-06-10 17:52:01,246 [INFO] --- RobinhoodSafeGuard tick | ET 18:52 | mode=LIVE ---
2026-06-10 17:52:01,247 [INFO] Market closed — nothing to do.
2026-06-10 17:53:01,527 [INFO] --- RobinhoodSafeGuard tick | ET 18:53 | mode=LIVE ---
2026-06-10 17:53:01,528 [INFO] Market closed — nothing to do.
2026-06-10 17:54:01,802 [INFO] --- RobinhoodSafeGuard tick | ET 18:54 | mode=LIVE ---
2026-06-10 17:54:01,803 [INFO] Market closed — nothing to do.
2026-06-10 17:55:02,213 [INFO] --- RobinhoodSafeGuard tick | ET 18:55 | mode=LIVE ---
2026-06-10 17:55:02,214 [INFO] Market closed — nothing to do.
2026-06-10 17:56:01,675 [INFO] --- RobinhoodSafeGuard tick | ET 18:56 | mode=LIVE ---
2026-06-10 17:56:01,676 [INFO] Market closed — nothing to do.
2026-06-10 17:57:01,955 [INFO] --- RobinhoodSafeGuard tick | ET 18:57 | mode=LIVE ---
2026-06-10 17:57:01,956 [INFO] Market closed — nothing to do.
2026-06-10 17:58:02,239 [INFO] --- RobinhoodSafeGuard tick | ET 18:58 | mode=LIVE ---
2026-06-10 17:58:02,240 [INFO] Market closed — nothing to do.
2026-06-10 17:59:01,516 [INFO] --- RobinhoodSafeGuard tick | ET 18:59 | mode=LIVE ---
2026-06-10 17:59:01,517 [INFO] Market closed — nothing to do.
2026-06-10 18:00:01,830 [INFO] --- RobinhoodSafeGuard tick | ET 19:00 | mode=LIVE ---
2026-06-10 18:00:01,831 [INFO] Market closed — nothing to do.
2026-06-10 18:01:01,985 [INFO] --- RobinhoodSafeGuard tick | ET 19:01 | mode=LIVE ---
2026-06-10 18:01:01,986 [INFO] Market closed — nothing to do.
2026-06-10 18:02:01,265 [INFO] --- RobinhoodSafeGuard tick | ET 19:02 | mode=LIVE ---
2026-06-10 18:02:01,266 [INFO] Market closed — nothing to do.
2026-06-10 18:03:01,547 [INFO] --- RobinhoodSafeGuard tick | ET 19:03 | mode=LIVE ---
2026-06-10 18:03:01,548 [INFO] Market closed — nothing to do.
2026-06-10 18:04:01,822 [INFO] --- RobinhoodSafeGuard tick | ET 19:04 | mode=LIVE ---
2026-06-10 18:04:01,823 [INFO] Market closed — nothing to do.
2026-06-10 18:05:02,403 [INFO] --- RobinhoodSafeGuard tick | ET 19:05 | mode=LIVE ---
2026-06-10 18:05:02,404 [INFO] Market closed — nothing to do.
2026-06-10 18:06:01,464 [INFO] --- RobinhoodSafeGuard tick | ET 19:06 | mode=LIVE ---
2026-06-10 18:06:01,465 [INFO] Market closed — nothing to do.
2026-06-10 18:07:01,747 [INFO] --- RobinhoodSafeGuard tick | ET 19:07 | mode=LIVE ---
2026-06-10 18:07:01,748 [INFO] Market closed — nothing to do.
2026-06-10 18:08:02,022 [INFO] --- RobinhoodSafeGuard tick | ET 19:08 | mode=LIVE ---
2026-06-10 18:08:02,023 [INFO] Market closed — nothing to do.
2026-06-10 18:09:01,300 [INFO] --- RobinhoodSafeGuard tick | ET 19:09 | mode=LIVE ---
2026-06-10 18:09:01,301 [INFO] Market closed — nothing to do.
2026-06-10 18:10:01,797 [INFO] --- RobinhoodSafeGuard tick | ET 19:10 | mode=LIVE ---
2026-06-10 18:10:01,799 [INFO] Market closed — nothing to do.
2026-06-10 18:11:01,982 [INFO] --- RobinhoodSafeGuard tick | ET 19:11 | mode=LIVE ---
2026-06-10 18:11:01,983 [INFO] Market closed — nothing to do.
2026-06-10 18:12:01,266 [INFO] --- RobinhoodSafeGuard tick | ET 19:12 | mode=LIVE ---
2026-06-10 18:12:01,267 [INFO] Market closed — nothing to do.
2026-06-10 18:13:01,545 [INFO] --- RobinhoodSafeGuard tick | ET 19:13 | mode=LIVE ---
2026-06-10 18:13:01,546 [INFO] Market closed — nothing to do.
2026-06-10 18:14:01,825 [INFO] --- RobinhoodSafeGuard tick | ET 19:14 | mode=LIVE ---
2026-06-10 18:14:01,826 [INFO] Market closed — nothing to do.
2026-06-10 18:15:02,315 [INFO] --- RobinhoodSafeGuard tick | ET 19:15 | mode=LIVE ---
2026-06-10 18:15:02,318 [INFO] Market closed — nothing to do.
2026-06-10 18:16:01,449 [INFO] --- RobinhoodSafeGuard tick | ET 19:16 | mode=LIVE ---
2026-06-10 18:16:01,449 [INFO] Market closed — nothing to do.
2026-06-10 18:17:01,730 [INFO] --- RobinhoodSafeGuard tick | ET 19:17 | mode=LIVE ---
2026-06-10 18:17:01,731 [INFO] Market closed — nothing to do.
2026-06-10 18:18:02,023 [INFO] --- RobinhoodSafeGuard tick | ET 19:18 | mode=LIVE ---
2026-06-10 18:18:02,024 [INFO] Market closed — nothing to do.
2026-06-10 18:19:01,309 [INFO] --- RobinhoodSafeGuard tick | ET 19:19 | mode=LIVE ---
2026-06-10 18:19:01,310 [INFO] Market closed — nothing to do.
2026-06-10 18:20:01,730 [INFO] --- RobinhoodSafeGuard tick | ET 19:20 | mode=LIVE ---
2026-06-10 18:20:01,731 [INFO] Market closed — nothing to do.
2026-06-10 18:21:01,902 [INFO] --- RobinhoodSafeGuard tick | ET 19:21 | mode=LIVE ---
2026-06-10 18:21:01,903 [INFO] Market closed — nothing to do.
2026-06-10 18:22:02,179 [INFO] --- RobinhoodSafeGuard tick | ET 19:22 | mode=LIVE ---
2026-06-10 18:22:02,180 [INFO] Market closed — nothing to do.
2026-06-10 18:23:01,454 [INFO] --- RobinhoodSafeGuard tick | ET 19:23 | mode=LIVE ---
2026-06-10 18:23:01,455 [INFO] Market closed — nothing to do.
2026-06-10 18:24:01,739 [INFO] --- RobinhoodSafeGuard tick | ET 19:24 | mode=LIVE ---
2026-06-10 18:24:01,740 [INFO] Market closed — nothing to do.
2026-06-10 18:25:02,271 [INFO] --- RobinhoodSafeGuard tick | ET 19:25 | mode=LIVE ---
2026-06-10 18:25:02,271 [INFO] Market closed — nothing to do.
2026-06-10 18:26:01,300 [INFO] --- RobinhoodSafeGuard tick | ET 19:26 | mode=LIVE ---
2026-06-10 18:26:01,301 [INFO] Market closed — nothing to do.
2026-06-10 18:27:01,580 [INFO] --- RobinhoodSafeGuard tick | ET 19:27 | mode=LIVE ---
2026-06-10 18:27:01,581 [INFO] Market closed — nothing to do.
2026-06-10 18:28:01,856 [INFO] --- RobinhoodSafeGuard tick | ET 19:28 | mode=LIVE ---
2026-06-10 18:28:01,857 [INFO] Market closed — nothing to do.
2026-06-10 18:29:02,134 [INFO] --- RobinhoodSafeGuard tick | ET 19:29 | mode=LIVE ---
2026-06-10 18:29:02,135 [INFO] Market closed — nothing to do.
2026-06-10 18:30:01,655 [INFO] --- RobinhoodSafeGuard tick | ET 19:30 | mode=LIVE ---
2026-06-10 18:30:01,656 [INFO] Market closed — nothing to do.
2026-06-10 18:31:01,821 [INFO] --- RobinhoodSafeGuard tick | ET 19:31 | mode=LIVE ---
2026-06-10 18:31:01,822 [INFO] Market closed — nothing to do.
2026-06-10 18:32:02,102 [INFO] --- RobinhoodSafeGuard tick | ET 19:32 | mode=LIVE ---
2026-06-10 18:32:02,103 [INFO] Market closed — nothing to do.
2026-06-10 18:33:01,381 [INFO] --- RobinhoodSafeGuard tick | ET 19:33 | mode=LIVE ---
2026-06-10 18:33:01,382 [INFO] Market closed — nothing to do.
2026-06-10 18:34:01,664 [INFO] --- RobinhoodSafeGuard tick | ET 19:34 | mode=LIVE ---
2026-06-10 18:34:01,665 [INFO] Market closed — nothing to do.
2026-06-10 18:35:01,978 [INFO] --- RobinhoodSafeGuard tick | ET 19:35 | mode=LIVE ---
2026-06-10 18:35:01,981 [INFO] Market closed — nothing to do.
2026-06-10 18:36:01,367 [INFO] --- RobinhoodSafeGuard tick | ET 19:36 | mode=LIVE ---
2026-06-10 18:36:01,369 [INFO] Market closed — nothing to do.
2026-06-10 18:37:01,650 [INFO] --- RobinhoodSafeGuard tick | ET 19:37 | mode=LIVE ---
2026-06-10 18:37:01,651 [INFO] Market closed — nothing to do.
2026-06-10 18:38:01,925 [INFO] --- RobinhoodSafeGuard tick | ET 19:38 | mode=LIVE ---
2026-06-10 18:38:01,926 [INFO] Market closed — nothing to do.
2026-06-10 18:39:02,200 [INFO] --- RobinhoodSafeGuard tick | ET 19:39 | mode=LIVE ---
2026-06-10 18:39:02,201 [INFO] Market closed — nothing to do.
2026-06-10 18:40:01,586 [INFO] --- RobinhoodSafeGuard tick | ET 19:40 | mode=LIVE ---
2026-06-10 18:40:01,587 [INFO] Market closed — nothing to do.
2026-06-10 18:41:01,831 [INFO] --- RobinhoodSafeGuard tick | ET 19:41 | mode=LIVE ---
2026-06-10 18:41:01,832 [INFO] Market closed — nothing to do.
2026-06-10 18:42:02,110 [INFO] --- RobinhoodSafeGuard tick | ET 19:42 | mode=LIVE ---
2026-06-10 18:42:02,111 [INFO] Market closed — nothing to do.
2026-06-10 18:43:01,388 [INFO] --- RobinhoodSafeGuard tick | ET 19:43 | mode=LIVE ---
2026-06-10 18:43:01,389 [INFO] Market closed — nothing to do.
2026-06-10 18:44:01,667 [INFO] --- RobinhoodSafeGuard tick | ET 19:44 | mode=LIVE ---
2026-06-10 18:44:01,667 [INFO] Market closed — nothing to do.
2026-06-10 18:45:02,234 [INFO] --- RobinhoodSafeGuard tick | ET 19:45 | mode=LIVE ---
2026-06-10 18:45:02,235 [INFO] Market closed — nothing to do.
2026-06-10 18:46:02,238 [INFO] --- RobinhoodSafeGuard tick | ET 19:46 | mode=LIVE ---
2026-06-10 18:46:02,239 [INFO] Market closed — nothing to do.
2026-06-10 18:47:01,520 [INFO] --- RobinhoodSafeGuard tick | ET 19:47 | mode=LIVE ---
2026-06-10 18:47:01,521 [INFO] Market closed — nothing to do.
2026-06-10 18:48:01,800 [INFO] --- RobinhoodSafeGuard tick | ET 19:48 | mode=LIVE ---
2026-06-10 18:48:01,801 [INFO] Market closed — nothing to do.
2026-06-10 18:49:02,081 [INFO] --- RobinhoodSafeGuard tick | ET 19:49 | mode=LIVE ---
2026-06-10 18:49:02,082 [INFO] Market closed — nothing to do.
2026-06-10 18:50:01,405 [INFO] --- RobinhoodSafeGuard tick | ET 19:50 | mode=LIVE ---
2026-06-10 18:50:01,406 [INFO] Market closed — nothing to do.
2026-06-10 18:51:01,350 [INFO] --- RobinhoodSafeGuard tick | ET 19:51 | mode=LIVE ---
2026-06-10 18:51:01,351 [INFO] Market closed — nothing to do.
2026-06-10 18:52:01,638 [INFO] --- RobinhoodSafeGuard tick | ET 19:52 | mode=LIVE ---
2026-06-10 18:52:01,639 [INFO] Market closed — nothing to do.
2026-06-10 18:53:01,910 [INFO] --- RobinhoodSafeGuard tick | ET 19:53 | mode=LIVE ---
2026-06-10 18:53:01,911 [INFO] Market closed — nothing to do.
2026-06-10 18:54:02,188 [INFO] --- RobinhoodSafeGuard tick | ET 19:54 | mode=LIVE ---
2026-06-10 18:54:02,188 [INFO] Market closed — nothing to do.
2026-06-10 18:55:01,590 [INFO] --- RobinhoodSafeGuard tick | ET 19:55 | mode=LIVE ---
2026-06-10 18:55:01,591 [INFO] Market closed — nothing to do.
2026-06-10 18:56:02,036 [INFO] --- RobinhoodSafeGuard tick | ET 19:56 | mode=LIVE ---
2026-06-10 18:56:02,036 [INFO] Market closed — nothing to do.
2026-06-10 18:57:01,313 [INFO] --- RobinhoodSafeGuard tick | ET 19:57 | mode=LIVE ---
2026-06-10 18:57:01,314 [INFO] Market closed — nothing to do.
2026-06-10 18:58:01,591 [INFO] --- RobinhoodSafeGuard tick | ET 19:58 | mode=LIVE ---
2026-06-10 18:58:01,592 [INFO] Market closed — nothing to do.
2026-06-10 18:59:01,871 [INFO] --- RobinhoodSafeGuard tick | ET 19:59 | mode=LIVE ---
2026-06-10 18:59:01,871 [INFO] Market closed — nothing to do.
2026-06-10 19:00:02,464 [INFO] --- RobinhoodSafeGuard tick | ET 20:00 | mode=LIVE ---
2026-06-10 19:00:02,465 [INFO] Market closed — nothing to do.
2026-06-10 19:01:01,969 [INFO] --- RobinhoodSafeGuard tick | ET 20:01 | mode=LIVE ---
2026-06-10 19:01:01,970 [INFO] Market closed — nothing to do.
2026-06-10 19:02:01,244 [INFO] --- RobinhoodSafeGuard tick | ET 20:02 | mode=LIVE ---
2026-06-10 19:02:01,245 [INFO] Market closed — nothing to do.
2026-06-10 19:03:01,524 [INFO] --- RobinhoodSafeGuard tick | ET 20:03 | mode=LIVE ---
2026-06-10 19:03:01,525 [INFO] Market closed — nothing to do.
2026-06-10 19:04:01,805 [INFO] --- RobinhoodSafeGuard tick | ET 20:04 | mode=LIVE ---
2026-06-10 19:04:01,806 [INFO] Market closed — nothing to do.
2026-06-10 19:05:02,407 [INFO] --- RobinhoodSafeGuard tick | ET 20:05 | mode=LIVE ---
2026-06-10 19:05:02,407 [INFO] Market closed — nothing to do.
2026-06-10 19:06:01,463 [INFO] --- RobinhoodSafeGuard tick | ET 20:06 | mode=LIVE ---
2026-06-10 19:06:01,464 [INFO] Market closed — nothing to do.
2026-06-10 19:07:01,739 [INFO] --- RobinhoodSafeGuard tick | ET 20:07 | mode=LIVE ---
2026-06-10 19:07:01,740 [INFO] Market closed — nothing to do.
2026-06-10 19:08:02,017 [INFO] --- RobinhoodSafeGuard tick | ET 20:08 | mode=LIVE ---
2026-06-10 19:08:02,018 [INFO] Market closed — nothing to do.
2026-06-10 19:09:01,294 [INFO] --- RobinhoodSafeGuard tick | ET 20:09 | mode=LIVE ---
2026-06-10 19:09:01,295 [INFO] Market closed — nothing to do.
2026-06-10 19:10:01,743 [INFO] --- RobinhoodSafeGuard tick | ET 20:10 | mode=LIVE ---
2026-06-10 19:10:01,744 [INFO] Market closed — nothing to do.
2026-06-10 19:11:01,996 [INFO] --- RobinhoodSafeGuard tick | ET 20:11 | mode=LIVE ---
2026-06-10 19:11:01,997 [INFO] Market closed — nothing to do.
2026-06-10 19:12:01,275 [INFO] --- RobinhoodSafeGuard tick | ET 20:12 | mode=LIVE ---
2026-06-10 19:12:01,276 [INFO] Market closed — nothing to do.
2026-06-10 19:13:01,555 [INFO] --- RobinhoodSafeGuard tick | ET 20:13 | mode=LIVE ---
2026-06-10 19:13:01,556 [INFO] Market closed — nothing to do.
2026-06-10 19:14:01,851 [INFO] --- RobinhoodSafeGuard tick | ET 20:14 | mode=LIVE ---
2026-06-10 19:14:01,852 [INFO] Market closed — nothing to do.
2026-06-10 19:15:02,260 [INFO] --- RobinhoodSafeGuard tick | ET 20:15 | mode=LIVE ---
2026-06-10 19:15:02,261 [INFO] Market closed — nothing to do.
2026-06-10 19:16:01,648 [INFO] --- RobinhoodSafeGuard tick | ET 20:16 | mode=LIVE ---
2026-06-10 19:16:01,649 [INFO] Market closed — nothing to do.
2026-06-10 19:17:01,925 [INFO] --- RobinhoodSafeGuard tick | ET 20:17 | mode=LIVE ---
2026-06-10 19:17:01,926 [INFO] Market closed — nothing to do.
2026-06-10 19:18:02,199 [INFO] --- RobinhoodSafeGuard tick | ET 20:18 | mode=LIVE ---
2026-06-10 19:18:02,199 [INFO] Market closed — nothing to do.
2026-06-10 19:19:01,482 [INFO] --- RobinhoodSafeGuard tick | ET 20:19 | mode=LIVE ---
2026-06-10 19:19:01,483 [INFO] Market closed — nothing to do.
2026-06-10 19:20:02,095 [INFO] --- RobinhoodSafeGuard tick | ET 20:20 | mode=LIVE ---
2026-06-10 19:20:02,096 [INFO] Market closed — nothing to do.
2026-06-10 19:21:01,334 [INFO] --- RobinhoodSafeGuard tick | ET 20:21 | mode=LIVE ---
2026-06-10 19:21:01,335 [INFO] Market closed — nothing to do.
2026-06-10 19:22:01,613 [INFO] --- RobinhoodSafeGuard tick | ET 20:22 | mode=LIVE ---
2026-06-10 19:22:01,614 [INFO] Market closed — nothing to do.
2026-06-10 19:23:01,890 [INFO] --- RobinhoodSafeGuard tick | ET 20:23 | mode=LIVE ---
2026-06-10 19:23:01,891 [INFO] Market closed — nothing to do.
2026-06-10 19:24:02,174 [INFO] --- RobinhoodSafeGuard tick | ET 20:24 | mode=LIVE ---
2026-06-10 19:24:02,175 [INFO] Market closed — nothing to do.
2026-06-10 19:25:01,554 [INFO] --- RobinhoodSafeGuard tick | ET 20:25 | mode=LIVE ---
2026-06-10 19:25:01,555 [INFO] Market closed — nothing to do.
2026-06-10 19:26:01,878 [INFO] --- RobinhoodSafeGuard tick | ET 20:26 | mode=LIVE ---
2026-06-10 19:26:01,879 [INFO] Market closed — nothing to do.
2026-06-10 19:27:02,158 [INFO] --- RobinhoodSafeGuard tick | ET 20:27 | mode=LIVE ---
2026-06-10 19:27:02,159 [INFO] Market closed — nothing to do.
2026-06-10 19:28:01,438 [INFO] --- RobinhoodSafeGuard tick | ET 20:28 | mode=LIVE ---
2026-06-10 19:28:01,439 [INFO] Market closed — nothing to do.
2026-06-10 19:29:01,715 [INFO] --- RobinhoodSafeGuard tick | ET 20:29 | mode=LIVE ---
2026-06-10 19:29:01,716 [INFO] Market closed — nothing to do.
2026-06-10 19:30:02,180 [INFO] --- RobinhoodSafeGuard tick | ET 20:30 | mode=LIVE ---
2026-06-10 19:30:02,181 [INFO] Market closed — nothing to do.
2026-06-10 19:31:01,629 [INFO] --- RobinhoodSafeGuard tick | ET 20:31 | mode=LIVE ---
2026-06-10 19:31:01,630 [INFO] Market closed — nothing to do.
2026-06-10 19:32:01,906 [INFO] --- RobinhoodSafeGuard tick | ET 20:32 | mode=LIVE ---
2026-06-10 19:32:01,907 [INFO] Market closed — nothing to do.
2026-06-10 19:33:02,190 [INFO] --- RobinhoodSafeGuard tick | ET 20:33 | mode=LIVE ---
2026-06-10 19:33:02,191 [INFO] Market closed — nothing to do.
2026-06-10 19:34:01,474 [INFO] --- RobinhoodSafeGuard tick | ET 20:34 | mode=LIVE ---
2026-06-10 19:34:01,475 [INFO] Market closed — nothing to do.
2026-06-10 19:35:01,955 [INFO] --- RobinhoodSafeGuard tick | ET 20:35 | mode=LIVE ---
2026-06-10 19:35:01,955 [INFO] Market closed — nothing to do.
2026-06-10 19:36:01,373 [INFO] --- RobinhoodSafeGuard tick | ET 20:36 | mode=LIVE ---
2026-06-10 19:36:01,374 [INFO] Market closed — nothing to do.
2026-06-10 19:37:01,650 [INFO] --- RobinhoodSafeGuard tick | ET 20:37 | mode=LIVE ---
2026-06-10 19:37:01,651 [INFO] Market closed — nothing to do.
2026-06-10 19:38:01,929 [INFO] --- RobinhoodSafeGuard tick | ET 20:38 | mode=LIVE ---
2026-06-10 19:38:01,930 [INFO] Market closed — nothing to do.
2026-06-10 19:39:02,207 [INFO] --- RobinhoodSafeGuard tick | ET 20:39 | mode=LIVE ---
2026-06-10 19:39:02,208 [INFO] Market closed — nothing to do.
2026-06-10 19:40:01,618 [INFO] --- RobinhoodSafeGuard tick | ET 20:40 | mode=LIVE ---
2026-06-10 19:40:01,618 [INFO] Market closed — nothing to do.
2026-06-10 19:41:01,873 [INFO] --- RobinhoodSafeGuard tick | ET 20:41 | mode=LIVE ---
2026-06-10 19:41:01,874 [INFO] Market closed — nothing to do.
2026-06-10 19:42:02,152 [INFO] --- RobinhoodSafeGuard tick | ET 20:42 | mode=LIVE ---
2026-06-10 19:42:02,153 [INFO] Market closed — nothing to do.
2026-06-10 19:43:01,430 [INFO] --- RobinhoodSafeGuard tick | ET 20:43 | mode=LIVE ---
2026-06-10 19:43:01,431 [INFO] Market closed — nothing to do.
2026-06-10 19:44:01,706 [INFO] --- RobinhoodSafeGuard tick | ET 20:44 | mode=LIVE ---
2026-06-10 19:44:01,707 [INFO] Market closed — nothing to do.
2026-06-10 19:45:02,074 [INFO] --- RobinhoodSafeGuard tick | ET 20:45 | mode=LIVE ---
2026-06-10 19:45:02,074 [INFO] Market closed — nothing to do.
2026-06-10 19:46:01,410 [INFO] --- RobinhoodSafeGuard tick | ET 20:46 | mode=LIVE ---
2026-06-10 19:46:01,411 [INFO] Market closed — nothing to do.
2026-06-10 19:47:01,688 [INFO] --- RobinhoodSafeGuard tick | ET 20:47 | mode=LIVE ---
2026-06-10 19:47:01,689 [INFO] Market closed — nothing to do.
2026-06-10 19:48:01,969 [INFO] --- RobinhoodSafeGuard tick | ET 20:48 | mode=LIVE ---
2026-06-10 19:48:01,970 [INFO] Market closed — nothing to do.
2026-06-10 19:49:01,248 [INFO] --- RobinhoodSafeGuard tick | ET 20:49 | mode=LIVE ---
2026-06-10 19:49:01,249 [INFO] Market closed — nothing to do.
2026-06-10 19:50:01,758 [INFO] --- RobinhoodSafeGuard tick | ET 20:50 | mode=LIVE ---
2026-06-10 19:50:01,759 [INFO] Market closed — nothing to do.
2026-06-10 19:51:01,911 [INFO] --- RobinhoodSafeGuard tick | ET 20:51 | mode=LIVE ---
2026-06-10 19:51:01,912 [INFO] Market closed — nothing to do.
2026-06-10 19:52:02,193 [INFO] --- RobinhoodSafeGuard tick | ET 20:52 | mode=LIVE ---
2026-06-10 19:52:02,194 [INFO] Market closed — nothing to do.
2026-06-10 19:53:01,475 [INFO] --- RobinhoodSafeGuard tick | ET 20:53 | mode=LIVE ---
2026-06-10 19:53:01,476 [INFO] Market closed — nothing to do.
2026-06-10 19:54:01,756 [INFO] --- RobinhoodSafeGuard tick | ET 20:54 | mode=LIVE ---
2026-06-10 19:54:01,757 [INFO] Market closed — nothing to do.
2026-06-10 19:55:02,320 [INFO] --- RobinhoodSafeGuard tick | ET 20:55 | mode=LIVE ---
2026-06-10 19:55:02,321 [INFO] Market closed — nothing to do.
2026-06-10 19:56:01,447 [INFO] --- RobinhoodSafeGuard tick | ET 20:56 | mode=LIVE ---
2026-06-10 19:56:01,448 [INFO] Market closed — nothing to do.
2026-06-10 19:57:01,728 [INFO] --- RobinhoodSafeGuard tick | ET 20:57 | mode=LIVE ---
2026-06-10 19:57:01,729 [INFO] Market closed — nothing to do.
2026-06-10 19:58:02,005 [INFO] --- RobinhoodSafeGuard tick | ET 20:58 | mode=LIVE ---
2026-06-10 19:58:02,006 [INFO] Market closed — nothing to do.
2026-06-10 19:59:01,282 [INFO] --- RobinhoodSafeGuard tick | ET 20:59 | mode=LIVE ---
2026-06-10 19:59:01,282 [INFO] Market closed — nothing to do.
2026-06-10 20:00:01,599 [INFO] --- RobinhoodSafeGuard tick | ET 21:00 | mode=LIVE ---
2026-06-10 20:00:01,600 [INFO] Market closed — nothing to do.
2026-06-10 20:01:01,573 [INFO] --- RobinhoodSafeGuard tick | ET 21:01 | mode=LIVE ---
2026-06-10 20:01:01,574 [INFO] Market closed — nothing to do.
2026-06-10 20:02:01,839 [INFO] --- RobinhoodSafeGuard tick | ET 21:02 | mode=LIVE ---
2026-06-10 20:02:01,840 [INFO] Market closed — nothing to do.
2026-06-10 20:03:02,101 [INFO] --- RobinhoodSafeGuard tick | ET 21:03 | mode=LIVE ---
2026-06-10 20:03:02,102 [INFO] Market closed — nothing to do.
2026-06-10 20:04:01,371 [INFO] --- RobinhoodSafeGuard tick | ET 21:04 | mode=LIVE ---
2026-06-10 20:04:01,372 [INFO] Market closed — nothing to do.
2026-06-10 20:05:01,676 [INFO] --- RobinhoodSafeGuard tick | ET 21:05 | mode=LIVE ---
2026-06-10 20:05:01,677 [INFO] Market closed — nothing to do.
2026-06-10 20:06:01,681 [INFO] --- RobinhoodSafeGuard tick | ET 21:06 | mode=LIVE ---
2026-06-10 20:06:01,682 [INFO] Market closed — nothing to do.
2026-06-10 20:07:01,941 [INFO] --- RobinhoodSafeGuard tick | ET 21:07 | mode=LIVE ---
2026-06-10 20:07:01,942 [INFO] Market closed — nothing to do.
2026-06-10 20:08:02,208 [INFO] --- RobinhoodSafeGuard tick | ET 21:08 | mode=LIVE ---
2026-06-10 20:08:02,209 [INFO] Market closed — nothing to do.
2026-06-10 20:09:01,481 [INFO] --- RobinhoodSafeGuard tick | ET 21:09 | mode=LIVE ---
2026-06-10 20:09:01,482 [INFO] Market closed — nothing to do.
2026-06-10 20:10:01,780 [INFO] --- RobinhoodSafeGuard tick | ET 21:10 | mode=LIVE ---
2026-06-10 20:10:01,781 [INFO] Market closed — nothing to do.
2026-06-10 20:11:01,780 [INFO] --- RobinhoodSafeGuard tick | ET 21:11 | mode=LIVE ---
2026-06-10 20:11:01,781 [INFO] Market closed — nothing to do.
2026-06-10 20:12:02,045 [INFO] --- RobinhoodSafeGuard tick | ET 21:12 | mode=LIVE ---
2026-06-10 20:12:02,046 [INFO] Market closed — nothing to do.
2026-06-10 20:13:01,308 [INFO] --- RobinhoodSafeGuard tick | ET 21:13 | mode=LIVE ---
2026-06-10 20:13:01,309 [INFO] Market closed — nothing to do.
2026-06-10 20:14:01,576 [INFO] --- RobinhoodSafeGuard tick | ET 21:14 | mode=LIVE ---
2026-06-10 20:14:01,577 [INFO] Market closed — nothing to do.
2026-06-10 20:15:01,874 [INFO] --- RobinhoodSafeGuard tick | ET 21:15 | mode=LIVE ---
2026-06-10 20:15:01,874 [INFO] Market closed — nothing to do.
2026-06-10 20:16:01,903 [INFO] --- RobinhoodSafeGuard tick | ET 21:16 | mode=LIVE ---
2026-06-10 20:16:01,904 [INFO] Market closed — nothing to do.
2026-06-10 20:17:02,169 [INFO] --- RobinhoodSafeGuard tick | ET 21:17 | mode=LIVE ---
2026-06-10 20:17:02,170 [INFO] Market closed — nothing to do.
2026-06-10 20:18:01,438 [INFO] --- RobinhoodSafeGuard tick | ET 21:18 | mode=LIVE ---
2026-06-10 20:18:01,439 [INFO] Market closed — nothing to do.
2026-06-10 20:19:01,704 [INFO] --- RobinhoodSafeGuard tick | ET 21:19 | mode=LIVE ---
2026-06-10 20:19:01,705 [INFO] Market closed — nothing to do.
2026-06-10 20:20:02,004 [INFO] --- RobinhoodSafeGuard tick | ET 21:20 | mode=LIVE ---
2026-06-10 20:20:02,005 [INFO] Market closed — nothing to do.
2026-06-10 20:21:02,017 [INFO] --- RobinhoodSafeGuard tick | ET 21:21 | mode=LIVE ---
2026-06-10 20:21:02,018 [INFO] Market closed — nothing to do.
2026-06-10 20:22:01,281 [INFO] --- RobinhoodSafeGuard tick | ET 21:22 | mode=LIVE ---
2026-06-10 20:22:01,282 [INFO] Market closed — nothing to do.
2026-06-10 20:23:01,541 [INFO] --- RobinhoodSafeGuard tick | ET 21:23 | mode=LIVE ---
2026-06-10 20:23:01,542 [INFO] Market closed — nothing to do.
2026-06-10 20:24:01,801 [INFO] --- RobinhoodSafeGuard tick | ET 21:24 | mode=LIVE ---
2026-06-10 20:24:01,802 [INFO] Market closed — nothing to do.
2026-06-10 20:25:02,097 [INFO] --- RobinhoodSafeGuard tick | ET 21:25 | mode=LIVE ---
2026-06-10 20:25:02,099 [INFO] Market closed — nothing to do.
2026-06-10 20:26:02,134 [INFO] --- RobinhoodSafeGuard tick | ET 21:26 | mode=LIVE ---
2026-06-10 20:26:02,135 [INFO] Market closed — nothing to do.
2026-06-10 20:27:01,399 [INFO] --- RobinhoodSafeGuard tick | ET 21:27 | mode=LIVE ---
2026-06-10 20:27:01,401 [INFO] Market closed — nothing to do.
2026-06-10 20:28:01,663 [INFO] --- RobinhoodSafeGuard tick | ET 21:28 | mode=LIVE ---
2026-06-10 20:28:01,663 [INFO] Market closed — nothing to do.
2026-06-10 20:29:01,930 [INFO] --- RobinhoodSafeGuard tick | ET 21:29 | mode=LIVE ---
2026-06-10 20:29:01,931 [INFO] Market closed — nothing to do.
2026-06-10 20:30:02,255 [INFO] --- RobinhoodSafeGuard tick | ET 21:30 | mode=LIVE ---
2026-06-10 20:30:02,256 [INFO] Market closed — nothing to do.
2026-06-10 20:31:02,219 [INFO] --- RobinhoodSafeGuard tick | ET 21:31 | mode=LIVE ---
2026-06-10 20:31:02,220 [INFO] Market closed — nothing to do.
2026-06-10 20:32:01,482 [INFO] --- RobinhoodSafeGuard tick | ET 21:32 | mode=LIVE ---
2026-06-10 20:32:01,483 [INFO] Market closed — nothing to do.
2026-06-10 20:33:01,746 [INFO] --- RobinhoodSafeGuard tick | ET 21:33 | mode=LIVE ---
2026-06-10 20:33:01,747 [INFO] Market closed — nothing to do.
2026-06-10 20:34:02,007 [INFO] --- RobinhoodSafeGuard tick | ET 21:34 | mode=LIVE ---
2026-06-10 20:34:02,007 [INFO] Market closed — nothing to do.
2026-06-10 20:35:01,307 [INFO] --- RobinhoodSafeGuard tick | ET 21:35 | mode=LIVE ---
2026-06-10 20:35:01,308 [INFO] Market closed — nothing to do.
2026-06-10 20:36:01,280 [INFO] --- RobinhoodSafeGuard tick | ET 21:36 | mode=LIVE ---
2026-06-10 20:36:01,282 [INFO] Market closed — nothing to do.
2026-06-10 20:37:01,549 [INFO] --- RobinhoodSafeGuard tick | ET 21:37 | mode=LIVE ---
2026-06-10 20:37:01,550 [INFO] Market closed — nothing to do.
2026-06-10 20:38:01,818 [INFO] --- RobinhoodSafeGuard tick | ET 21:38 | mode=LIVE ---
2026-06-10 20:38:01,819 [INFO] Market closed — nothing to do.
2026-06-10 20:39:02,085 [INFO] --- RobinhoodSafeGuard tick | ET 21:39 | mode=LIVE ---
2026-06-10 20:39:02,086 [INFO] Market closed — nothing to do.
2026-06-10 20:40:01,382 [INFO] --- RobinhoodSafeGuard tick | ET 21:40 | mode=LIVE ---
2026-06-10 20:40:01,383 [INFO] Market closed — nothing to do.
2026-06-10 20:41:01,420 [INFO] --- RobinhoodSafeGuard tick | ET 21:41 | mode=LIVE ---
2026-06-10 20:41:01,421 [INFO] Market closed — nothing to do.
2026-06-10 20:42:01,688 [INFO] --- RobinhoodSafeGuard tick | ET 21:42 | mode=LIVE ---
2026-06-10 20:42:01,689 [INFO] Market closed — nothing to do.
2026-06-10 20:43:01,949 [INFO] --- RobinhoodSafeGuard tick | ET 21:43 | mode=LIVE ---
2026-06-10 20:43:01,950 [INFO] Market closed — nothing to do.
2026-06-10 20:44:02,212 [INFO] --- RobinhoodSafeGuard tick | ET 21:44 | mode=LIVE ---
2026-06-10 20:44:02,213 [INFO] Market closed — nothing to do.
2026-06-10 20:45:01,523 [INFO] --- RobinhoodSafeGuard tick | ET 21:45 | mode=LIVE ---
2026-06-10 20:45:01,524 [INFO] Market closed — nothing to do.
2026-06-10 20:46:01,522 [INFO] --- RobinhoodSafeGuard tick | ET 21:46 | mode=LIVE ---
2026-06-10 20:46:01,524 [INFO] Market closed — nothing to do.
2026-06-10 20:47:01,790 [INFO] --- RobinhoodSafeGuard tick | ET 21:47 | mode=LIVE ---
2026-06-10 20:47:01,791 [INFO] Market closed — nothing to do.
2026-06-10 20:48:02,056 [INFO] --- RobinhoodSafeGuard tick | ET 21:48 | mode=LIVE ---
2026-06-10 20:48:02,056 [INFO] Market closed — nothing to do.
2026-06-10 20:49:01,318 [INFO] --- RobinhoodSafeGuard tick | ET 21:49 | mode=LIVE ---
2026-06-10 20:49:01,319 [INFO] Market closed — nothing to do.
2026-06-10 20:50:01,620 [INFO] --- RobinhoodSafeGuard tick | ET 21:50 | mode=LIVE ---
2026-06-10 20:50:01,621 [INFO] Market closed — nothing to do.
2026-06-10 20:51:01,622 [INFO] --- RobinhoodSafeGuard tick | ET 21:51 | mode=LIVE ---
2026-06-10 20:51:01,623 [INFO] Market closed — nothing to do.
2026-06-10 20:52:01,885 [INFO] --- RobinhoodSafeGuard tick | ET 21:52 | mode=LIVE ---
2026-06-10 20:52:01,886 [INFO] Market closed — nothing to do.
2026-06-10 20:53:02,150 [INFO] --- RobinhoodSafeGuard tick | ET 21:53 | mode=LIVE ---
2026-06-10 20:53:02,151 [INFO] Market closed — nothing to do.
2026-06-10 20:54:01,411 [INFO] --- RobinhoodSafeGuard tick | ET 21:54 | mode=LIVE ---
2026-06-10 20:54:01,412 [INFO] Market closed — nothing to do.
2026-06-10 20:55:01,721 [INFO] --- RobinhoodSafeGuard tick | ET 21:55 | mode=LIVE ---
2026-06-10 20:55:01,722 [INFO] Market closed — nothing to do.
2026-06-10 20:56:01,718 [INFO] --- RobinhoodSafeGuard tick | ET 21:56 | mode=LIVE ---
2026-06-10 20:56:01,719 [INFO] Market closed — nothing to do.
2026-06-10 20:57:01,987 [INFO] --- RobinhoodSafeGuard tick | ET 21:57 | mode=LIVE ---
2026-06-10 20:57:01,988 [INFO] Market closed — nothing to do.
2026-06-10 20:58:01,248 [INFO] --- RobinhoodSafeGuard tick | ET 21:58 | mode=LIVE ---
2026-06-10 20:58:01,249 [INFO] Market closed — nothing to do.
2026-06-10 20:59:01,513 [INFO] --- RobinhoodSafeGuard tick | ET 21:59 | mode=LIVE ---
2026-06-10 20:59:01,514 [INFO] Market closed — nothing to do.
2026-06-11 09:42:01,327 [INFO] --- RobinhoodSafeGuard tick | ET 10:42 | mode=LIVE ---
2026-06-11 09:42:06,619 [INFO] Robinhood login OK (session reused)
2026-06-11 09:42:06,795 [INFO] No open long option positions.
2026-06-11 09:43:02,155 [INFO] --- RobinhoodSafeGuard tick | ET 10:43 | mode=LIVE ---
2026-06-11 09:43:02,289 [INFO] Robinhood login OK (session reused)
2026-06-11 09:43:02,384 [INFO] No open long option positions.
2026-06-11 09:44:01,428 [INFO] --- RobinhoodSafeGuard tick | ET 10:44 | mode=LIVE ---
2026-06-11 09:44:01,614 [INFO] Robinhood login OK (session reused)
2026-06-11 09:44:01,756 [INFO] No open long option positions.
2026-06-11 09:45:02,350 [INFO] --- RobinhoodSafeGuard tick | ET 10:45 | mode=LIVE ---
2026-06-11 09:45:02,572 [INFO] Robinhood login OK (session reused)
2026-06-11 09:45:02,665 [INFO] No open long option positions.
2026-06-11 09:46:01,323 [INFO] --- RobinhoodSafeGuard tick | ET 10:46 | mode=LIVE ---
2026-06-11 09:46:01,461 [INFO] Robinhood login OK (session reused)
2026-06-11 09:46:01,559 [INFO] No open long option positions.
2026-06-11 09:47:02,013 [INFO] --- RobinhoodSafeGuard tick | ET 10:47 | mode=LIVE ---
2026-06-11 09:47:02,189 [INFO] Robinhood login OK (session reused)
2026-06-11 09:47:02,271 [INFO] No open long option positions.
2026-06-11 09:48:01,258 [INFO] --- RobinhoodSafeGuard tick | ET 10:48 | mode=LIVE ---
2026-06-11 09:48:01,442 [INFO] Robinhood login OK (session reused)
2026-06-11 09:48:01,563 [INFO] No open long option positions.
2026-06-11 09:49:01,765 [INFO] --- RobinhoodSafeGuard tick | ET 10:49 | mode=LIVE ---
2026-06-11 09:49:01,949 [INFO] Robinhood login OK (session reused)
2026-06-11 09:49:02,043 [INFO] No open long option positions.
2026-06-11 09:50:02,567 [INFO] --- RobinhoodSafeGuard tick | ET 10:50 | mode=LIVE ---
2026-06-11 09:50:02,706 [INFO] Robinhood login OK (session reused)
2026-06-11 09:50:02,805 [INFO] No open long option positions.
2026-06-11 09:51:01,843 [INFO] --- RobinhoodSafeGuard tick | ET 10:51 | mode=LIVE ---
2026-06-11 09:51:01,961 [INFO] Robinhood login OK (session reused)
2026-06-11 09:51:02,046 [INFO] No open long option positions.
2026-06-11 09:52:01,584 [INFO] --- RobinhoodSafeGuard tick | ET 10:52 | mode=LIVE ---
2026-06-11 09:52:01,793 [INFO] Robinhood login OK (session reused)
2026-06-11 09:52:01,897 [INFO] No open long option positions.
2026-06-11 09:53:01,881 [INFO] --- RobinhoodSafeGuard tick | ET 10:53 | mode=LIVE ---
2026-06-11 09:53:02,137 [INFO] Robinhood login OK (session reused)
2026-06-11 09:53:02,251 [INFO] No open long option positions.
2026-06-11 09:54:01,486 [INFO] --- RobinhoodSafeGuard tick | ET 10:54 | mode=LIVE ---
2026-06-11 09:54:01,688 [INFO] Robinhood login OK (session reused)
2026-06-11 09:54:01,786 [INFO] No open long option positions.
2026-06-11 09:55:01,415 [INFO] --- RobinhoodSafeGuard tick | ET 10:55 | mode=LIVE ---
2026-06-11 09:55:01,641 [INFO] Robinhood login OK (session reused)
2026-06-11 09:55:01,724 [INFO] No open long option positions.
2026-06-11 09:56:01,859 [INFO] --- RobinhoodSafeGuard tick | ET 10:56 | mode=LIVE ---
2026-06-11 09:56:02,082 [INFO] Robinhood login OK (session reused)
2026-06-11 09:56:02,171 [INFO] No open long option positions.
2026-06-11 09:57:01,369 [INFO] --- RobinhoodSafeGuard tick | ET 10:57 | mode=LIVE ---
2026-06-11 09:57:11,640 [INFO] Robinhood login OK (session reused)
2026-06-11 09:57:11,725 [INFO] No open long option positions.
2026-06-11 09:58:02,017 [INFO] --- RobinhoodSafeGuard tick | ET 10:58 | mode=LIVE ---
2026-06-11 09:58:02,282 [INFO] Robinhood login OK (session reused)
2026-06-11 09:58:02,468 [INFO] No open long option positions.
2026-06-11 09:59:01,411 [INFO] --- RobinhoodSafeGuard tick | ET 10:59 | mode=LIVE ---
2026-06-11 09:59:01,530 [INFO] Robinhood login OK (session reused)
2026-06-11 09:59:01,626 [INFO] No open long option positions.
2026-06-11 10:00:02,452 [INFO] --- RobinhoodSafeGuard tick | ET 11:00 | mode=LIVE ---
2026-06-11 10:00:02,577 [INFO] Robinhood login OK (session reused)
2026-06-11 10:00:02,662 [INFO] No open long option positions.
2026-06-11 10:01:01,980 [INFO] --- RobinhoodSafeGuard tick | ET 11:01 | mode=LIVE ---
2026-06-11 10:01:02,117 [INFO] Robinhood login OK (session reused)
2026-06-11 10:01:02,211 [INFO] No open long option positions.
2026-06-11 10:02:01,256 [INFO] --- RobinhoodSafeGuard tick | ET 11:02 | mode=LIVE ---
2026-06-11 10:02:01,454 [INFO] Robinhood login OK (session reused)
2026-06-11 10:02:01,552 [INFO] No open long option positions.
2026-06-11 10:03:01,852 [INFO] --- RobinhoodSafeGuard tick | ET 11:03 | mode=LIVE ---
2026-06-11 10:03:02,106 [INFO] Robinhood login OK (session reused)
2026-06-11 10:03:02,217 [INFO] No open long option positions.
2026-06-11 10:04:01,739 [INFO] --- RobinhoodSafeGuard tick | ET 11:04 | mode=LIVE ---
2026-06-11 10:04:01,953 [INFO] Robinhood login OK (session reused)
2026-06-11 10:04:02,047 [INFO] No open long option positions.
2026-06-11 10:05:02,030 [INFO] --- RobinhoodSafeGuard tick | ET 11:05 | mode=LIVE ---
2026-06-11 10:05:02,191 [INFO] Robinhood login OK (session reused)
2026-06-11 10:05:02,284 [INFO] No open long option positions.
2026-06-11 10:06:02,088 [INFO] --- RobinhoodSafeGuard tick | ET 11:06 | mode=LIVE ---
2026-06-11 10:06:02,291 [INFO] Robinhood login OK (session reused)
2026-06-11 10:06:02,379 [INFO] No open long option positions.
2026-06-11 10:07:02,087 [INFO] --- RobinhoodSafeGuard tick | ET 11:07 | mode=LIVE ---
2026-06-11 10:07:02,270 [INFO] Robinhood login OK (session reused)
2026-06-11 10:07:02,355 [INFO] No open long option positions.
2026-06-11 10:08:02,186 [INFO] --- RobinhoodSafeGuard tick | ET 11:08 | mode=LIVE ---
2026-06-11 10:08:02,399 [INFO] Robinhood login OK (session reused)
2026-06-11 10:08:02,513 [INFO] No open long option positions.
2026-06-11 10:09:01,488 [INFO] --- RobinhoodSafeGuard tick | ET 11:09 | mode=LIVE ---
2026-06-11 10:09:01,621 [INFO] Robinhood login OK (session reused)
2026-06-11 10:09:01,708 [INFO] No open long option positions.
2026-06-11 10:10:01,757 [INFO] --- RobinhoodSafeGuard tick | ET 11:10 | mode=LIVE ---
2026-06-11 10:10:01,974 [INFO] Robinhood login OK (session reused)
2026-06-11 10:10:02,070 [INFO] No open long option positions.
2026-06-11 10:11:01,938 [INFO] --- RobinhoodSafeGuard tick | ET 11:11 | mode=LIVE ---
2026-06-11 10:11:02,200 [INFO] Robinhood login OK (session reused)
2026-06-11 10:11:02,289 [INFO] No open long option positions.
2026-06-11 10:12:01,777 [INFO] --- RobinhoodSafeGuard tick | ET 11:12 | mode=LIVE ---
2026-06-11 10:12:01,952 [INFO] Robinhood login OK (session reused)
2026-06-11 10:12:02,044 [INFO] No open long option positions.
2026-06-11 10:13:01,308 [INFO] --- RobinhoodSafeGuard tick | ET 11:13 | mode=LIVE ---
2026-06-11 10:13:01,499 [INFO] Robinhood login OK (session reused)
2026-06-11 10:13:01,590 [INFO] No open long option positions.
2026-06-11 10:14:01,509 [INFO] --- RobinhoodSafeGuard tick | ET 11:14 | mode=LIVE ---
2026-06-11 10:14:01,745 [INFO] Robinhood login OK (session reused)
2026-06-11 10:14:01,872 [INFO] No open long option positions.
2026-06-11 10:15:02,211 [INFO] --- RobinhoodSafeGuard tick | ET 11:15 | mode=LIVE ---
2026-06-11 10:15:02,377 [INFO] Robinhood login OK (session reused)
2026-06-11 10:15:44,732 [INFO] IWM $287C 2026-06-11: no stop — placing @ $0.61 (mark=$0.82)
2026-06-11 10:15:45,362 [INFO] Stop placed 6a2ad121: stop=$0.61 limit=$0.55 on IWM $287C 2026-06-11
2026-06-11 10:15:45,643 [INFO] Position closed/expired — removing from state: KSS $17C 2026-06-12
2026-06-11 10:15:45,644 [INFO] Tick complete.
2026-06-11 10:16:01,930 [INFO] --- RobinhoodSafeGuard tick | ET 11:16 | mode=LIVE ---
2026-06-11 10:16:02,038 [INFO] Robinhood login OK (session reused)
2026-06-11 10:16:43,483 [INFO] IWM $287C 2026-06-11: trailing $0.61 → $0.73 (mark=$0.97, tracked high=$0.97)
2026-06-11 10:16:43,684 [INFO] Cancelled order 6a2ad121
2026-06-11 10:16:44,470 [INFO] Stop placed 6a2ad15c: stop=$0.73 limit=$0.66 on IWM $287C 2026-06-11
2026-06-11 10:16:44,742 [INFO] Tick complete.
2026-06-11 10:17:02,036 [INFO] --- RobinhoodSafeGuard tick | ET 11:17 | mode=LIVE ---
2026-06-11 10:17:02,257 [INFO] Robinhood login OK (session reused)
2026-06-11 10:17:42,265 [INFO] IWM $287C 2026-06-11: stop OK @ $0.73 (mark=$0.89, ideal=$0.73)
2026-06-11 10:17:42,265 [INFO] Tick complete.
2026-06-11 10:18:01,553 [INFO] --- RobinhoodSafeGuard tick | ET 11:18 | mode=LIVE ---
2026-06-11 10:18:01,661 [INFO] Robinhood login OK (session reused)
2026-06-11 10:18:08,659 [INFO] IWM $287C 2026-06-11: stop OK @ $0.73 (mark=$0.80, ideal=$0.73)
2026-06-11 10:18:08,659 [INFO] Tick complete.
2026-06-11 10:19:01,940 [INFO] --- RobinhoodSafeGuard tick | ET 11:19 | mode=LIVE ---
2026-06-11 10:19:02,177 [INFO] Robinhood login OK (session reused)
2026-06-11 10:19:02,305 [INFO] No open long option positions.
2026-06-11 10:20:02,207 [INFO] --- RobinhoodSafeGuard tick | ET 11:20 | mode=LIVE ---
2026-06-11 10:20:02,427 [INFO] Robinhood login OK (session reused)
2026-06-11 10:20:02,524 [INFO] No open long option positions.
2026-06-11 10:21:01,465 [INFO] --- RobinhoodSafeGuard tick | ET 11:21 | mode=LIVE ---
2026-06-11 10:21:01,630 [INFO] Robinhood login OK (session reused)
2026-06-11 10:21:01,716 [INFO] No open long option positions.
2026-06-11 10:22:01,925 [INFO] --- RobinhoodSafeGuard tick | ET 11:22 | mode=LIVE ---
2026-06-11 10:22:02,039 [INFO] Robinhood login OK (session reused)
2026-06-11 10:22:02,124 [INFO] No open long option positions.
2026-06-11 10:23:01,335 [INFO] --- RobinhoodSafeGuard tick | ET 11:23 | mode=LIVE ---
2026-06-11 10:23:01,447 [INFO] Robinhood login OK (session reused)
2026-06-11 10:23:01,538 [INFO] No open long option positions.
2026-06-11 10:24:01,748 [INFO] --- RobinhoodSafeGuard tick | ET 11:24 | mode=LIVE ---
2026-06-11 10:24:01,989 [INFO] Robinhood login OK (session reused)
2026-06-11 10:24:02,102 [INFO] No open long option positions.
2026-06-11 10:25:01,673 [INFO] --- RobinhoodSafeGuard tick | ET 11:25 | mode=LIVE ---
2026-06-11 10:25:01,866 [INFO] Robinhood login OK (session reused)
2026-06-11 10:25:01,955 [INFO] No open long option positions.
2026-06-11 10:26:01,709 [INFO] --- RobinhoodSafeGuard tick | ET 11:26 | mode=LIVE ---
2026-06-11 10:26:01,934 [INFO] Robinhood login OK (session reused)
2026-06-11 10:26:02,030 [INFO] No open long option positions.
2026-06-11 10:27:01,623 [INFO] --- RobinhoodSafeGuard tick | ET 11:27 | mode=LIVE ---
2026-06-11 10:27:01,812 [INFO] Robinhood login OK (session reused)
2026-06-11 10:27:01,901 [INFO] No open long option positions.
2026-06-11 10:28:01,687 [INFO] --- RobinhoodSafeGuard tick | ET 11:28 | mode=LIVE ---
2026-06-11 10:28:01,877 [INFO] Robinhood login OK (session reused)
2026-06-11 10:28:01,973 [INFO] No open long option positions.
2026-06-11 10:29:02,105 [INFO] --- RobinhoodSafeGuard tick | ET 11:29 | mode=LIVE ---
2026-06-11 10:29:02,348 [INFO] Robinhood login OK (session reused)
2026-06-11 10:29:02,473 [INFO] No open long option positions.
2026-06-11 10:30:02,504 [INFO] --- RobinhoodSafeGuard tick | ET 11:30 | mode=LIVE ---
2026-06-11 10:30:02,665 [INFO] Robinhood login OK (session reused)
2026-06-11 10:30:02,755 [INFO] No open long option positions.
2026-06-11 10:31:01,441 [INFO] --- RobinhoodSafeGuard tick | ET 11:31 | mode=LIVE ---
2026-06-11 10:31:01,556 [INFO] Robinhood login OK (session reused)
2026-06-11 10:31:01,644 [INFO] No open long option positions.
2026-06-11 10:32:01,662 [INFO] --- RobinhoodSafeGuard tick | ET 11:32 | mode=LIVE ---
2026-06-11 10:32:01,833 [INFO] Robinhood login OK (session reused)
2026-06-11 10:32:01,928 [INFO] No open long option positions.
2026-06-11 10:33:02,079 [INFO] --- RobinhoodSafeGuard tick | ET 11:33 | mode=LIVE ---
2026-06-11 10:33:02,244 [INFO] Robinhood login OK (session reused)
2026-06-11 10:33:02,337 [INFO] No open long option positions.
2026-06-11 10:34:02,188 [INFO] --- RobinhoodSafeGuard tick | ET 11:34 | mode=LIVE ---
2026-06-11 10:34:02,438 [INFO] Robinhood login OK (session reused)
2026-06-11 10:34:43,881 [INFO] QQQ $695P 2026-06-11: no stop — placing @ $1.23 (mark=$1.64)
2026-06-11 10:34:44,541 [INFO] Stop placed 6a2ad594: stop=$1.23 limit=$1.11 on QQQ $695P 2026-06-11
2026-06-11 10:34:44,818 [INFO] Position closed/expired — removing from state: IWM $287C 2026-06-11
2026-06-11 10:34:44,819 [INFO] Tick complete.
2026-06-11 10:35:02,328 [INFO] --- RobinhoodSafeGuard tick | ET 11:35 | mode=LIVE ---
2026-06-11 10:35:02,506 [INFO] Robinhood login OK (session reused)
2026-06-11 10:35:42,214 [INFO] QQQ $695P 2026-06-11: stop OK @ $1.23 (mark=$1.55, ideal=$1.23)
2026-06-11 10:35:42,214 [INFO] Tick complete.
2026-06-11 10:36:01,500 [INFO] --- RobinhoodSafeGuard tick | ET 11:36 | mode=LIVE ---
2026-06-11 10:36:01,623 [INFO] Robinhood login OK (session reused)
2026-06-11 10:36:09,007 [INFO] QQQ $695P 2026-06-11: stop OK @ $1.23 (mark=$1.45, ideal=$1.23)
2026-06-11 10:36:09,007 [INFO] Tick complete.
2026-06-11 10:37:01,294 [INFO] --- RobinhoodSafeGuard tick | ET 11:37 | mode=LIVE ---
2026-06-11 10:37:01,464 [INFO] Robinhood login OK (session reused)
2026-06-11 10:37:10,126 [INFO] QQQ $695P 2026-06-11: stop OK @ $1.23 (mark=$1.29, ideal=$1.23)
2026-06-11 10:37:10,126 [INFO] Tick complete.
2026-06-11 10:38:01,415 [INFO] --- RobinhoodSafeGuard tick | ET 11:38 | mode=LIVE ---
2026-06-11 10:38:01,598 [INFO] Robinhood login OK (session reused)
2026-06-11 10:38:01,725 [INFO] No open long option positions.
2026-06-11 10:39:01,417 [INFO] --- RobinhoodSafeGuard tick | ET 11:39 | mode=LIVE ---
2026-06-11 10:39:01,604 [INFO] Robinhood login OK (session reused)
2026-06-11 10:39:01,698 [INFO] No open long option positions.
2026-06-11 10:40:01,624 [INFO] --- RobinhoodSafeGuard tick | ET 11:40 | mode=LIVE ---
2026-06-11 10:40:01,894 [INFO] Robinhood login OK (session reused)
2026-06-11 10:40:01,983 [INFO] No open long option positions.
2026-06-11 10:41:02,020 [INFO] --- RobinhoodSafeGuard tick | ET 11:41 | mode=LIVE ---
2026-06-11 10:41:02,207 [INFO] Robinhood login OK (session reused)
2026-06-11 10:41:02,300 [INFO] No open long option positions.
2026-06-11 10:42:01,455 [INFO] --- RobinhoodSafeGuard tick | ET 11:42 | mode=LIVE ---
2026-06-11 10:42:01,597 [INFO] Robinhood login OK (session reused)
2026-06-11 10:42:01,682 [INFO] No open long option positions.
2026-06-11 10:43:01,670 [INFO] --- RobinhoodSafeGuard tick | ET 11:43 | mode=LIVE ---
2026-06-11 10:43:01,855 [INFO] Robinhood login OK (session reused)
2026-06-11 10:43:01,976 [INFO] No open long option positions.
2026-06-11 10:44:02,015 [INFO] --- RobinhoodSafeGuard tick | ET 11:44 | mode=LIVE ---
2026-06-11 10:44:02,198 [INFO] Robinhood login OK (session reused)
2026-06-11 10:44:02,286 [INFO] No open long option positions.
2026-06-11 10:45:01,832 [INFO] --- RobinhoodSafeGuard tick | ET 11:45 | mode=LIVE ---
2026-06-11 10:45:02,039 [INFO] Robinhood login OK (session reused)
2026-06-11 10:45:02,126 [INFO] No open long option positions.
2026-06-11 10:46:02,228 [INFO] --- RobinhoodSafeGuard tick | ET 11:46 | mode=LIVE ---
2026-06-11 10:46:02,420 [INFO] Robinhood login OK (session reused)
2026-06-11 10:46:02,504 [INFO] No open long option positions.
2026-06-11 10:47:01,774 [INFO] --- RobinhoodSafeGuard tick | ET 11:47 | mode=LIVE ---
2026-06-11 10:47:01,884 [INFO] Robinhood login OK (session reused)
2026-06-11 10:47:01,975 [INFO] No open long option positions.
2026-06-11 10:48:01,715 [INFO] --- RobinhoodSafeGuard tick | ET 11:48 | mode=LIVE ---
2026-06-11 10:48:01,905 [INFO] Robinhood login OK (session reused)
2026-06-11 10:48:02,017 [INFO] No open long option positions.
2026-06-11 10:49:01,585 [INFO] --- RobinhoodSafeGuard tick | ET 11:49 | mode=LIVE ---
2026-06-11 10:49:01,786 [INFO] Robinhood login OK (session reused)
2026-06-11 10:49:01,882 [INFO] No open long option positions.
2026-06-11 10:50:01,934 [INFO] --- RobinhoodSafeGuard tick | ET 11:50 | mode=LIVE ---
2026-06-11 10:50:02,220 [INFO] Robinhood login OK (session reused)
2026-06-11 10:50:02,310 [INFO] No open long option positions.
2026-06-11 10:51:01,982 [INFO] --- RobinhoodSafeGuard tick | ET 11:51 | mode=LIVE ---
2026-06-11 10:51:02,098 [INFO] Robinhood login OK (session reused)
2026-06-11 10:51:02,182 [INFO] No open long option positions.
2026-06-11 10:52:01,400 [INFO] --- RobinhoodSafeGuard tick | ET 11:52 | mode=LIVE ---
2026-06-11 10:52:01,590 [INFO] Robinhood login OK (session reused)
2026-06-11 10:52:01,679 [INFO] No open long option positions.
2026-06-11 10:53:01,985 [INFO] --- RobinhoodSafeGuard tick | ET 11:53 | mode=LIVE ---
2026-06-11 10:53:02,186 [INFO] Robinhood login OK (session reused)
2026-06-11 10:53:02,300 [INFO] No open long option positions.
2026-06-11 10:54:02,033 [INFO] --- RobinhoodSafeGuard tick | ET 11:54 | mode=LIVE ---
2026-06-11 10:54:02,235 [INFO] Robinhood login OK (session reused)
2026-06-11 10:54:02,324 [INFO] No open long option positions.
2026-06-11 10:55:01,917 [INFO] --- RobinhoodSafeGuard tick | ET 11:55 | mode=LIVE ---
2026-06-11 10:55:02,085 [INFO] Robinhood login OK (session reused)
2026-06-11 10:55:02,164 [INFO] No open long option positions.
2026-06-11 10:56:02,019 [INFO] --- RobinhoodSafeGuard tick | ET 11:56 | mode=LIVE ---
2026-06-11 10:56:02,203 [INFO] Robinhood login OK (session reused)
2026-06-11 10:56:02,294 [INFO] No open long option positions.
2026-06-11 10:57:02,156 [INFO] --- RobinhoodSafeGuard tick | ET 11:57 | mode=LIVE ---
2026-06-11 10:57:02,345 [INFO] Robinhood login OK (session reused)
2026-06-11 10:57:02,437 [INFO] No open long option positions.
2026-06-11 10:58:01,609 [INFO] --- RobinhoodSafeGuard tick | ET 11:58 | mode=LIVE ---
2026-06-11 10:58:01,723 [INFO] Robinhood login OK (session reused)
2026-06-11 10:58:01,831 [INFO] No open long option positions.
2026-06-11 10:59:02,030 [INFO] --- RobinhoodSafeGuard tick | ET 11:59 | mode=LIVE ---
2026-06-11 10:59:02,253 [INFO] Robinhood login OK (session reused)
2026-06-11 10:59:02,352 [INFO] No open long option positions.
2026-06-11 11:00:02,523 [INFO] --- RobinhoodSafeGuard tick | ET 12:00 | mode=LIVE ---
2026-06-11 11:00:02,777 [INFO] Robinhood login OK (session reused)
2026-06-11 11:00:02,872 [INFO] No open long option positions.
2026-06-11 11:01:02,190 [INFO] --- RobinhoodSafeGuard tick | ET 12:01 | mode=LIVE ---
2026-06-11 11:01:02,364 [INFO] Robinhood login OK (session reused)
2026-06-11 11:01:02,452 [INFO] No open long option positions.
2026-06-11 11:02:02,109 [INFO] --- RobinhoodSafeGuard tick | ET 12:02 | mode=LIVE ---
2026-06-11 11:02:02,322 [INFO] Robinhood login OK (session reused)
2026-06-11 11:02:02,490 [INFO] No open long option positions.
2026-06-11 11:03:01,791 [INFO] --- RobinhoodSafeGuard tick | ET 12:03 | mode=LIVE ---
2026-06-11 11:03:01,904 [INFO] Robinhood login OK (session reused)
2026-06-11 11:03:02,017 [INFO] No open long option positions.
2026-06-11 11:04:02,253 [INFO] --- RobinhoodSafeGuard tick | ET 12:04 | mode=LIVE ---
2026-06-11 11:04:02,455 [INFO] Robinhood login OK (session reused)
2026-06-11 11:04:02,553 [INFO] No open long option positions.
2026-06-11 11:05:02,523 [INFO] --- RobinhoodSafeGuard tick | ET 12:05 | mode=LIVE ---
2026-06-11 11:05:02,633 [INFO] Robinhood login OK (session reused)
2026-06-11 11:05:02,717 [INFO] No open long option positions.
2026-06-11 11:06:01,846 [INFO] --- RobinhoodSafeGuard tick | ET 12:06 | mode=LIVE ---
2026-06-11 11:06:02,017 [INFO] Robinhood login OK (session reused)
2026-06-11 11:06:02,176 [INFO] No open long option positions.
2026-06-11 11:07:01,379 [INFO] --- RobinhoodSafeGuard tick | ET 12:07 | mode=LIVE ---
2026-06-11 11:07:01,558 [INFO] Robinhood login OK (session reused)
2026-06-11 11:07:01,646 [INFO] No open long option positions.
2026-06-11 11:08:02,067 [INFO] --- RobinhoodSafeGuard tick | ET 12:08 | mode=LIVE ---
2026-06-11 11:08:02,326 [INFO] Robinhood login OK (session reused)
2026-06-11 11:08:02,448 [INFO] No open long option positions.
2026-06-11 11:09:01,844 [INFO] --- RobinhoodSafeGuard tick | ET 12:09 | mode=LIVE ---
2026-06-11 11:09:01,979 [INFO] Robinhood login OK (session reused)
2026-06-11 11:09:02,068 [INFO] No open long option positions.
2026-06-11 11:10:02,429 [INFO] --- RobinhoodSafeGuard tick | ET 12:10 | mode=LIVE ---
2026-06-11 11:10:02,687 [INFO] Robinhood login OK (session reused)
2026-06-11 11:10:02,774 [INFO] No open long option positions.
2026-06-11 11:11:01,558 [INFO] --- RobinhoodSafeGuard tick | ET 12:11 | mode=LIVE ---
2026-06-11 11:11:01,672 [INFO] Robinhood login OK (session reused)
2026-06-11 11:11:01,760 [INFO] No open long option positions.
2026-06-11 11:12:02,096 [INFO] --- RobinhoodSafeGuard tick | ET 12:12 | mode=LIVE ---
2026-06-11 11:12:02,771 [INFO] Robinhood login OK (session reused)
2026-06-11 11:12:02,859 [INFO] No open long option positions.
2026-06-11 11:13:01,883 [INFO] --- RobinhoodSafeGuard tick | ET 12:13 | mode=LIVE ---
2026-06-11 11:13:02,022 [INFO] Robinhood login OK (session reused)
2026-06-11 11:13:02,118 [INFO] No open long option positions.
2026-06-11 11:14:01,551 [INFO] --- RobinhoodSafeGuard tick | ET 12:14 | mode=LIVE ---
2026-06-11 11:14:01,736 [INFO] Robinhood login OK (session reused)
2026-06-11 11:14:01,846 [INFO] No open long option positions.
2026-06-11 11:15:02,439 [INFO] --- RobinhoodSafeGuard tick | ET 12:15 | mode=LIVE ---
2026-06-11 11:15:02,685 [INFO] Robinhood login OK (session reused)
2026-06-11 11:15:02,772 [INFO] No open long option positions.
2026-06-11 11:16:01,498 [INFO] --- RobinhoodSafeGuard tick | ET 12:16 | mode=LIVE ---
2026-06-11 11:16:01,602 [INFO] Robinhood login OK (session reused)
2026-06-11 11:16:01,686 [INFO] No open long option positions.
2026-06-11 11:17:02,062 [INFO] --- RobinhoodSafeGuard tick | ET 12:17 | mode=LIVE ---
2026-06-11 11:17:02,250 [INFO] Robinhood login OK (session reused)
2026-06-11 11:17:02,330 [INFO] No open long option positions.
2026-06-11 11:18:01,712 [INFO] --- RobinhoodSafeGuard tick | ET 12:18 | mode=LIVE ---
2026-06-11 11:18:01,853 [INFO] Robinhood login OK (session reused)
2026-06-11 11:18:01,946 [INFO] No open long option positions.
2026-06-11 11:19:02,087 [INFO] --- RobinhoodSafeGuard tick | ET 12:19 | mode=LIVE ---
2026-06-11 11:19:02,265 [INFO] Robinhood login OK (session reused)
2026-06-11 11:19:02,382 [INFO] No open long option positions.
2026-06-11 11:20:02,416 [INFO] --- RobinhoodSafeGuard tick | ET 12:20 | mode=LIVE ---
2026-06-11 11:20:02,688 [INFO] Robinhood login OK (session reused)
2026-06-11 11:20:02,778 [INFO] No open long option positions.
2026-06-11 11:21:01,743 [INFO] --- RobinhoodSafeGuard tick | ET 12:21 | mode=LIVE ---
2026-06-11 11:21:01,873 [INFO] Robinhood login OK (session reused)
2026-06-11 11:21:01,968 [INFO] No open long option positions.
2026-06-11 11:22:01,345 [INFO] --- RobinhoodSafeGuard tick | ET 12:22 | mode=LIVE ---
2026-06-11 11:22:01,527 [INFO] Robinhood login OK (session reused)
2026-06-11 11:22:01,614 [INFO] No open long option positions.
2026-06-11 11:23:02,041 [INFO] --- RobinhoodSafeGuard tick | ET 12:23 | mode=LIVE ---
2026-06-11 11:23:02,268 [INFO] Robinhood login OK (session reused)
2026-06-11 11:23:02,356 [INFO] No open long option positions.
2026-06-11 11:24:01,391 [INFO] --- RobinhoodSafeGuard tick | ET 12:24 | mode=LIVE ---
2026-06-11 11:24:01,567 [INFO] Robinhood login OK (session reused)
2026-06-11 11:24:01,661 [INFO] No open long option positions.
2026-06-11 11:25:02,022 [INFO] --- RobinhoodSafeGuard tick | ET 12:25 | mode=LIVE ---
2026-06-11 11:25:02,258 [INFO] Robinhood login OK (session reused)
2026-06-11 11:25:02,380 [INFO] No open long option positions.
2026-06-11 11:26:01,810 [INFO] --- RobinhoodSafeGuard tick | ET 12:26 | mode=LIVE ---
2026-06-11 11:26:01,931 [INFO] Robinhood login OK (session reused)
2026-06-11 11:26:02,018 [INFO] No open long option positions.
2026-06-11 11:27:01,687 [INFO] --- RobinhoodSafeGuard tick | ET 12:27 | mode=LIVE ---
2026-06-11 11:27:01,881 [INFO] Robinhood login OK (session reused)
2026-06-11 11:27:01,971 [INFO] No open long option positions.
2026-06-11 11:28:02,077 [INFO] --- RobinhoodSafeGuard tick | ET 12:28 | mode=LIVE ---
2026-06-11 11:28:02,261 [INFO] Robinhood login OK (session reused)
2026-06-11 11:28:02,340 [INFO] No open long option positions.
2026-06-11 11:29:01,391 [INFO] --- RobinhoodSafeGuard tick | ET 12:29 | mode=LIVE ---
2026-06-11 11:29:01,548 [INFO] Robinhood login OK (session reused)
2026-06-11 11:29:01,632 [INFO] No open long option positions.
2026-06-11 11:30:02,398 [INFO] --- RobinhoodSafeGuard tick | ET 12:30 | mode=LIVE ---
2026-06-11 11:30:02,537 [INFO] Robinhood login OK (session reused)
2026-06-11 11:30:02,652 [INFO] No open long option positions.
2026-06-11 11:31:01,569 [INFO] --- RobinhoodSafeGuard tick | ET 12:31 | mode=LIVE ---
2026-06-11 11:31:01,686 [INFO] Robinhood login OK (session reused)
2026-06-11 11:31:01,773 [INFO] No open long option positions.
2026-06-11 11:32:01,950 [INFO] --- RobinhoodSafeGuard tick | ET 12:32 | mode=LIVE ---
2026-06-11 11:32:02,121 [INFO] Robinhood login OK (session reused)
2026-06-11 11:32:02,203 [INFO] No open long option positions.
2026-06-11 11:33:01,781 [INFO] --- RobinhoodSafeGuard tick | ET 12:33 | mode=LIVE ---
2026-06-11 11:33:01,887 [INFO] Robinhood login OK (session reused)
2026-06-11 11:33:01,970 [INFO] No open long option positions.
2026-06-11 11:34:02,096 [INFO] --- RobinhoodSafeGuard tick | ET 12:34 | mode=LIVE ---
2026-06-11 11:34:02,300 [INFO] Robinhood login OK (session reused)
2026-06-11 11:34:02,382 [INFO] No open long option positions.
2026-06-11 11:35:02,218 [INFO] --- RobinhoodSafeGuard tick | ET 12:35 | mode=LIVE ---
2026-06-11 11:35:02,401 [INFO] Robinhood login OK (session reused)
2026-06-11 11:35:02,512 [INFO] No open long option positions.
2026-06-11 11:36:02,177 [INFO] --- RobinhoodSafeGuard tick | ET 12:36 | mode=LIVE ---
2026-06-11 11:36:02,426 [INFO] Robinhood login OK (session reused)
2026-06-11 11:36:02,520 [INFO] No open long option positions.
2026-06-11 11:37:01,962 [INFO] --- RobinhoodSafeGuard tick | ET 12:37 | mode=LIVE ---
2026-06-11 11:37:02,082 [INFO] Robinhood login OK (session reused)
2026-06-11 11:37:02,167 [INFO] No open long option positions.
2026-06-11 11:38:01,461 [INFO] --- RobinhoodSafeGuard tick | ET 12:38 | mode=LIVE ---
2026-06-11 11:38:01,663 [INFO] Robinhood login OK (session reused)
2026-06-11 11:38:01,755 [INFO] No open long option positions.
2026-06-11 11:39:02,043 [INFO] --- RobinhoodSafeGuard tick | ET 12:39 | mode=LIVE ---
2026-06-11 11:39:02,244 [INFO] Robinhood login OK (session reused)
2026-06-11 11:39:02,336 [INFO] No open long option positions.
2026-06-11 11:40:01,651 [INFO] --- RobinhoodSafeGuard tick | ET 12:40 | mode=LIVE ---
2026-06-11 11:40:01,763 [INFO] Robinhood login OK (session reused)
2026-06-11 11:40:01,860 [INFO] No open long option positions.
2026-06-11 11:41:01,628 [INFO] --- RobinhoodSafeGuard tick | ET 12:41 | mode=LIVE ---
2026-06-11 11:41:01,889 [INFO] Robinhood login OK (session reused)
2026-06-11 11:41:01,986 [INFO] No open long option positions.
2026-06-11 11:42:02,126 [INFO] --- RobinhoodSafeGuard tick | ET 12:42 | mode=LIVE ---
2026-06-11 11:42:02,246 [INFO] Robinhood login OK (session reused)
2026-06-11 11:42:02,326 [INFO] No open long option positions.
2026-06-11 11:43:02,101 [INFO] --- RobinhoodSafeGuard tick | ET 12:43 | mode=LIVE ---
2026-06-11 11:43:02,291 [INFO] Robinhood login OK (session reused)
2026-06-11 11:43:02,377 [INFO] No open long option positions.
2026-06-11 11:44:01,399 [INFO] --- RobinhoodSafeGuard tick | ET 12:44 | mode=LIVE ---
2026-06-11 11:44:01,567 [INFO] Robinhood login OK (session reused)
2026-06-11 11:44:01,662 [INFO] No open long option positions.
2026-06-11 11:45:01,716 [INFO] --- RobinhoodSafeGuard tick | ET 12:45 | mode=LIVE ---
2026-06-11 11:45:01,887 [INFO] Robinhood login OK (session reused)
2026-06-11 11:45:01,970 [INFO] No open long option positions.
2026-06-11 11:46:02,095 [INFO] --- RobinhoodSafeGuard tick | ET 12:46 | mode=LIVE ---
2026-06-11 11:46:02,312 [INFO] Robinhood login OK (session reused)
2026-06-11 11:46:02,429 [INFO] No open long option positions.
2026-06-11 11:47:01,961 [INFO] --- RobinhoodSafeGuard tick | ET 12:47 | mode=LIVE ---
2026-06-11 11:47:02,069 [INFO] Robinhood login OK (session reused)
2026-06-11 11:47:02,152 [INFO] No open long option positions.
2026-06-11 11:48:01,505 [INFO] --- RobinhoodSafeGuard tick | ET 12:48 | mode=LIVE ---
2026-06-11 11:48:01,718 [INFO] Robinhood login OK (session reused)
2026-06-11 11:48:01,814 [INFO] No open long option positions.
2026-06-11 11:49:01,824 [INFO] --- RobinhoodSafeGuard tick | ET 12:49 | mode=LIVE ---
2026-06-11 11:49:01,989 [INFO] Robinhood login OK (session reused)
2026-06-11 11:49:02,079 [INFO] No open long option positions.
2026-06-11 11:50:02,457 [INFO] --- RobinhoodSafeGuard tick | ET 12:50 | mode=LIVE ---
2026-06-11 11:50:02,620 [INFO] Robinhood login OK (session reused)
2026-06-11 11:50:02,723 [INFO] No open long option positions.
2026-06-11 11:51:01,704 [INFO] --- RobinhoodSafeGuard tick | ET 12:51 | mode=LIVE ---
2026-06-11 11:51:01,898 [INFO] Robinhood login OK (session reused)
2026-06-11 11:51:02,025 [INFO] No open long option positions.
2026-06-11 11:52:01,851 [INFO] --- RobinhoodSafeGuard tick | ET 12:52 | mode=LIVE ---
2026-06-11 11:52:02,039 [INFO] Robinhood login OK (session reused)
2026-06-11 11:52:02,122 [INFO] No open long option positions.
2026-06-11 11:53:01,486 [INFO] --- RobinhoodSafeGuard tick | ET 12:53 | mode=LIVE ---
2026-06-11 11:53:01,660 [INFO] Robinhood login OK (session reused)
2026-06-11 11:53:01,748 [INFO] No open long option positions.
2026-06-11 11:54:01,510 [INFO] --- RobinhoodSafeGuard tick | ET 12:54 | mode=LIVE ---
2026-06-11 11:54:01,688 [INFO] Robinhood login OK (session reused)
2026-06-11 11:54:01,771 [INFO] No open long option positions.
2026-06-11 11:55:02,377 [INFO] --- RobinhoodSafeGuard tick | ET 12:55 | mode=LIVE ---
2026-06-11 11:55:02,579 [INFO] Robinhood login OK (session reused)
2026-06-11 11:55:02,671 [INFO] No open long option positions.
2026-06-11 11:56:01,698 [INFO] --- RobinhoodSafeGuard tick | ET 12:56 | mode=LIVE ---
2026-06-11 11:56:01,882 [INFO] Robinhood login OK (session reused)
2026-06-11 11:56:02,001 [INFO] No open long option positions.
2026-06-11 11:57:02,217 [INFO] --- RobinhoodSafeGuard tick | ET 12:57 | mode=LIVE ---
2026-06-11 11:57:02,410 [INFO] Robinhood login OK (session reused)
2026-06-11 11:57:02,496 [INFO] No open long option positions.
2026-06-11 11:58:01,350 [INFO] --- RobinhoodSafeGuard tick | ET 12:58 | mode=LIVE ---
2026-06-11 11:58:01,489 [INFO] Robinhood login OK (session reused)
2026-06-11 11:58:01,583 [INFO] No open long option positions.
2026-06-11 11:59:02,254 [INFO] --- RobinhoodSafeGuard tick | ET 12:59 | mode=LIVE ---
2026-06-11 11:59:02,478 [INFO] Robinhood login OK (session reused)
2026-06-11 11:59:02,577 [INFO] No open long option positions.
2026-06-11 12:00:01,817 [INFO] --- RobinhoodSafeGuard tick | ET 13:00 | mode=LIVE ---
2026-06-11 12:00:01,956 [INFO] Robinhood login OK (session reused)
2026-06-11 12:00:02,045 [INFO] No open long option positions.
2026-06-11 12:01:01,920 [INFO] --- RobinhoodSafeGuard tick | ET 13:01 | mode=LIVE ---
2026-06-11 12:01:02,170 [INFO] Robinhood login OK (session reused)
2026-06-11 12:01:02,289 [INFO] No open long option positions.
2026-06-11 12:02:02,216 [INFO] --- RobinhoodSafeGuard tick | ET 13:02 | mode=LIVE ---
2026-06-11 12:02:02,386 [INFO] Robinhood login OK (session reused)
2026-06-11 12:02:02,478 [INFO] No open long option positions.
2026-06-11 12:03:01,668 [INFO] --- RobinhoodSafeGuard tick | ET 13:03 | mode=LIVE ---
2026-06-11 12:03:01,807 [INFO] Robinhood login OK (session reused)
2026-06-11 12:03:01,895 [INFO] No open long option positions.
2026-06-11 12:04:01,696 [INFO] --- RobinhoodSafeGuard tick | ET 13:04 | mode=LIVE ---
2026-06-11 12:04:01,930 [INFO] Robinhood login OK (session reused)
2026-06-11 12:04:02,019 [INFO] No open long option positions.
2026-06-11 12:05:01,930 [INFO] --- RobinhoodSafeGuard tick | ET 13:05 | mode=LIVE ---
2026-06-11 12:05:02,151 [INFO] Robinhood login OK (session reused)
2026-06-11 12:05:02,248 [INFO] No open long option positions.
2026-06-11 12:06:01,946 [INFO] --- RobinhoodSafeGuard tick | ET 13:06 | mode=LIVE ---
2026-06-11 12:06:02,109 [INFO] Robinhood login OK (session reused)
2026-06-11 12:06:02,227 [INFO] No open long option positions.
2026-06-11 12:07:02,081 [INFO] --- RobinhoodSafeGuard tick | ET 13:07 | mode=LIVE ---
2026-06-11 12:07:02,334 [INFO] Robinhood login OK (session reused)
2026-06-11 12:07:02,497 [INFO] No open long option positions.
2026-06-11 12:08:01,291 [INFO] --- RobinhoodSafeGuard tick | ET 13:08 | mode=LIVE ---
2026-06-11 12:08:01,414 [INFO] Robinhood login OK (session reused)
2026-06-11 12:08:01,496 [INFO] No open long option positions.
2026-06-11 12:09:01,516 [INFO] --- RobinhoodSafeGuard tick | ET 13:09 | mode=LIVE ---
2026-06-11 12:09:01,702 [INFO] Robinhood login OK (session reused)
2026-06-11 12:09:01,794 [INFO] No open long option positions.
2026-06-11 12:10:01,905 [INFO] --- RobinhoodSafeGuard tick | ET 13:10 | mode=LIVE ---
2026-06-11 12:10:02,021 [INFO] Robinhood login OK (session reused)
2026-06-11 12:10:02,108 [INFO] No open long option positions.
2026-06-11 12:11:02,048 [INFO] --- RobinhoodSafeGuard tick | ET 13:11 | mode=LIVE ---
2026-06-11 12:11:02,319 [INFO] Robinhood login OK (session reused)
2026-06-11 12:11:02,435 [INFO] No open long option positions.
2026-06-11 12:12:01,385 [INFO] --- RobinhoodSafeGuard tick | ET 13:12 | mode=LIVE ---
2026-06-11 12:12:01,538 [INFO] Robinhood login OK (session reused)
2026-06-11 12:12:01,624 [INFO] No open long option positions.
2026-06-11 12:13:01,590 [INFO] --- RobinhoodSafeGuard tick | ET 13:13 | mode=LIVE ---
2026-06-11 12:13:01,755 [INFO] Robinhood login OK (session reused)
2026-06-11 12:13:01,844 [INFO] No open long option positions.
2026-06-11 12:14:01,712 [INFO] --- RobinhoodSafeGuard tick | ET 13:14 | mode=LIVE ---
2026-06-11 12:14:01,905 [INFO] Robinhood login OK (session reused)
2026-06-11 12:14:01,995 [INFO] No open long option positions.
2026-06-11 12:15:01,365 [INFO] --- RobinhoodSafeGuard tick | ET 13:15 | mode=LIVE ---
2026-06-11 12:15:01,578 [INFO] Robinhood login OK (session reused)
2026-06-11 12:15:01,670 [INFO] No open long option positions.
2026-06-11 12:16:01,896 [INFO] --- RobinhoodSafeGuard tick | ET 13:16 | mode=LIVE ---
2026-06-11 12:16:02,152 [INFO] Robinhood login OK (session reused)
2026-06-11 12:16:02,238 [INFO] No open long option positions.
2026-06-11 12:17:01,266 [INFO] --- RobinhoodSafeGuard tick | ET 13:17 | mode=LIVE ---
2026-06-11 12:17:01,475 [INFO] Robinhood login OK (session reused)
2026-06-11 12:17:01,597 [INFO] No open long option positions.
2026-06-11 12:18:01,760 [INFO] --- RobinhoodSafeGuard tick | ET 13:18 | mode=LIVE ---
2026-06-11 12:18:01,952 [INFO] Robinhood login OK (session reused)
2026-06-11 12:18:02,041 [INFO] No open long option positions.
2026-06-11 12:19:01,586 [INFO] --- RobinhoodSafeGuard tick | ET 13:19 | mode=LIVE ---
2026-06-11 12:19:01,787 [INFO] Robinhood login OK (session reused)
2026-06-11 12:19:01,869 [INFO] No open long option positions.
2026-06-11 12:20:01,671 [INFO] --- RobinhoodSafeGuard tick | ET 13:20 | mode=LIVE ---
2026-06-11 12:20:01,783 [INFO] Robinhood login OK (session reused)
2026-06-11 12:20:01,866 [INFO] No open long option positions.
2026-06-11 12:21:01,672 [INFO] --- RobinhoodSafeGuard tick | ET 13:21 | mode=LIVE ---
2026-06-11 12:21:01,923 [INFO] Robinhood login OK (session reused)
2026-06-11 12:21:02,018 [INFO] No open long option positions.
2026-06-11 12:22:02,194 [INFO] --- RobinhoodSafeGuard tick | ET 13:22 | mode=LIVE ---
2026-06-11 12:22:02,365 [INFO] Robinhood login OK (session reused)
2026-06-11 12:22:02,477 [INFO] No open long option positions.
2026-06-11 12:23:01,325 [INFO] --- RobinhoodSafeGuard tick | ET 13:23 | mode=LIVE ---
2026-06-11 12:23:01,459 [INFO] Robinhood login OK (session reused)
2026-06-11 12:23:01,556 [INFO] No open long option positions.
2026-06-11 12:24:02,211 [INFO] --- RobinhoodSafeGuard tick | ET 13:24 | mode=LIVE ---
2026-06-11 12:24:02,434 [INFO] Robinhood login OK (session reused)
2026-06-11 12:24:02,528 [INFO] No open long option positions.
2026-06-11 12:25:01,667 [INFO] --- RobinhoodSafeGuard tick | ET 13:25 | mode=LIVE ---
2026-06-11 12:25:01,818 [INFO] Robinhood login OK (session reused)
2026-06-11 12:25:01,912 [INFO] No open long option positions.
2026-06-11 12:26:02,197 [INFO] --- RobinhoodSafeGuard tick | ET 13:26 | mode=LIVE ---
2026-06-11 12:26:02,424 [INFO] Robinhood login OK (session reused)
2026-06-11 12:26:02,523 [INFO] No open long option positions.
2026-06-11 12:27:01,514 [INFO] --- RobinhoodSafeGuard tick | ET 13:27 | mode=LIVE ---
2026-06-11 12:27:01,654 [INFO] Robinhood login OK (session reused)
2026-06-11 12:27:01,749 [INFO] No open long option positions.
2026-06-11 12:28:01,873 [INFO] --- RobinhoodSafeGuard tick | ET 13:28 | mode=LIVE ---
2026-06-11 12:28:02,085 [INFO] Robinhood login OK (session reused)
2026-06-11 12:28:02,211 [INFO] No open long option positions.
2026-06-11 12:29:02,138 [INFO] --- RobinhoodSafeGuard tick | ET 13:29 | mode=LIVE ---
2026-06-11 12:29:02,338 [INFO] Robinhood login OK (session reused)
2026-06-11 12:29:02,435 [INFO] No open long option positions.
2026-06-11 12:30:01,923 [INFO] --- RobinhoodSafeGuard tick | ET 13:30 | mode=LIVE ---
2026-06-11 12:30:02,046 [INFO] Robinhood login OK (session reused)
2026-06-11 12:30:02,183 [INFO] No open long option positions.
2026-06-11 12:31:01,561 [INFO] --- RobinhoodSafeGuard tick | ET 13:31 | mode=LIVE ---
2026-06-11 12:31:01,693 [INFO] Robinhood login OK (session reused)
2026-06-11 12:31:47,246 [INFO] SPY $735C 2026-06-11: no stop — placing @ $1.04 (mark=$1.39)
2026-06-11 12:31:48,001 [INFO] Stop placed 6a2af103: stop=$1.04 limit=$0.94 on SPY $735C 2026-06-11
2026-06-11 12:31:48,266 [INFO] Position closed/expired — removing from state: QQQ $695P 2026-06-11
2026-06-11 12:31:48,266 [INFO] Tick complete.
2026-06-11 12:32:01,560 [INFO] --- RobinhoodSafeGuard tick | ET 13:32 | mode=LIVE ---
2026-06-11 12:32:01,832 [INFO] Robinhood login OK (session reused)
2026-06-11 12:32:01,945 [INFO] No open long option positions.
2026-06-11 12:33:01,584 [INFO] --- RobinhoodSafeGuard tick | ET 13:33 | mode=LIVE ---
2026-06-11 12:33:01,796 [INFO] Robinhood login OK (session reused)
2026-06-11 12:33:01,892 [INFO] No open long option positions.
2026-06-11 12:34:01,377 [INFO] --- RobinhoodSafeGuard tick | ET 13:34 | mode=LIVE ---
2026-06-11 12:34:01,548 [INFO] Robinhood login OK (session reused)
2026-06-11 12:34:01,646 [INFO] No open long option positions.
2026-06-11 12:35:02,497 [INFO] --- RobinhoodSafeGuard tick | ET 13:35 | mode=LIVE ---
2026-06-11 12:35:02,672 [INFO] Robinhood login OK (session reused)
2026-06-11 12:35:02,762 [INFO] No open long option positions.
2026-06-11 12:36:01,773 [INFO] --- RobinhoodSafeGuard tick | ET 13:36 | mode=LIVE ---
2026-06-11 12:36:01,916 [INFO] Robinhood login OK (session reused)
2026-06-11 12:36:02,006 [INFO] No open long option positions.
2026-06-11 12:37:01,711 [INFO] --- RobinhoodSafeGuard tick | ET 13:37 | mode=LIVE ---
2026-06-11 12:37:01,967 [INFO] Robinhood login OK (session reused)
2026-06-11 12:37:02,099 [INFO] No open long option positions.
2026-06-11 12:38:01,530 [INFO] --- RobinhoodSafeGuard tick | ET 13:38 | mode=LIVE ---
2026-06-11 12:38:01,700 [INFO] Robinhood login OK (session reused)
2026-06-11 12:38:01,789 [INFO] No open long option positions.
2026-06-11 12:39:01,263 [INFO] --- RobinhoodSafeGuard tick | ET 13:39 | mode=LIVE ---
2026-06-11 12:39:01,435 [INFO] Robinhood login OK (session reused)
2026-06-11 12:39:01,517 [INFO] No open long option positions.
2026-06-11 12:40:02,261 [INFO] --- RobinhoodSafeGuard tick | ET 13:40 | mode=LIVE ---
2026-06-11 12:40:02,447 [INFO] Robinhood login OK (session reused)
2026-06-11 12:40:02,534 [INFO] No open long option positions.
2026-06-11 12:41:01,698 [INFO] --- RobinhoodSafeGuard tick | ET 13:41 | mode=LIVE ---
2026-06-11 12:41:01,815 [INFO] Robinhood login OK (session reused)
2026-06-11 12:41:01,906 [INFO] No open long option positions.
2026-06-11 12:42:01,646 [INFO] --- RobinhoodSafeGuard tick | ET 13:42 | mode=LIVE ---
2026-06-11 12:42:01,885 [INFO] Robinhood login OK (session reused)
2026-06-11 12:42:02,012 [INFO] No open long option positions.
2026-06-11 12:43:01,456 [INFO] --- RobinhoodSafeGuard tick | ET 13:43 | mode=LIVE ---
2026-06-11 12:43:01,679 [INFO] Robinhood login OK (session reused)
2026-06-11 12:43:01,769 [INFO] No open long option positions.
2026-06-11 12:44:01,777 [INFO] --- RobinhoodSafeGuard tick | ET 13:44 | mode=LIVE ---
2026-06-11 12:44:01,951 [INFO] Robinhood login OK (session reused)
2026-06-11 12:44:02,043 [INFO] No open long option positions.
2026-06-11 12:45:01,832 [INFO] --- RobinhoodSafeGuard tick | ET 13:45 | mode=LIVE ---
2026-06-11 12:45:01,950 [INFO] Robinhood login OK (session reused)
2026-06-11 12:45:02,037 [INFO] No open long option positions.
2026-06-11 12:46:02,056 [INFO] --- RobinhoodSafeGuard tick | ET 13:46 | mode=LIVE ---
2026-06-11 12:46:02,261 [INFO] Robinhood login OK (session reused)
2026-06-11 12:46:02,359 [INFO] No open long option positions.
2026-06-11 12:47:02,170 [INFO] --- RobinhoodSafeGuard tick | ET 13:47 | mode=LIVE ---
2026-06-11 12:47:02,418 [INFO] Robinhood login OK (session reused)
2026-06-11 12:47:02,536 [INFO] No open long option positions.
2026-06-11 12:48:01,984 [INFO] --- RobinhoodSafeGuard tick | ET 13:48 | mode=LIVE ---
2026-06-11 12:48:02,098 [INFO] Robinhood login OK (session reused)
2026-06-11 12:48:02,189 [INFO] No open long option positions.
2026-06-11 12:49:01,768 [INFO] --- RobinhoodSafeGuard tick | ET 13:49 | mode=LIVE ---
2026-06-11 12:49:01,976 [INFO] Robinhood login OK (session reused)
2026-06-11 12:49:02,082 [INFO] No open long option positions.
2026-06-11 12:50:01,756 [INFO] --- RobinhoodSafeGuard tick | ET 13:50 | mode=LIVE ---
2026-06-11 12:50:01,961 [INFO] Robinhood login OK (session reused)
2026-06-11 12:50:02,067 [INFO] No open long option positions.
2026-06-11 12:51:01,928 [INFO] --- RobinhoodSafeGuard tick | ET 13:51 | mode=LIVE ---
2026-06-11 12:51:02,091 [INFO] Robinhood login OK (session reused)
2026-06-11 12:51:02,178 [INFO] No open long option positions.
2026-06-11 12:52:01,674 [INFO] --- RobinhoodSafeGuard tick | ET 13:52 | mode=LIVE ---
2026-06-11 12:52:01,917 [INFO] Robinhood login OK (session reused)
2026-06-11 12:52:02,040 [INFO] No open long option positions.
2026-06-11 12:53:01,360 [INFO] --- RobinhoodSafeGuard tick | ET 13:53 | mode=LIVE ---
2026-06-11 12:53:01,544 [INFO] Robinhood login OK (session reused)
2026-06-11 12:53:01,646 [INFO] No open long option positions.
2026-06-11 12:54:02,150 [INFO] --- RobinhoodSafeGuard tick | ET 13:54 | mode=LIVE ---
2026-06-11 12:54:02,367 [INFO] Robinhood login OK (session reused)
2026-06-11 12:54:02,458 [INFO] No open long option positions.
2026-06-11 12:55:02,221 [INFO] --- RobinhoodSafeGuard tick | ET 13:55 | mode=LIVE ---
2026-06-11 12:55:02,371 [INFO] Robinhood login OK (session reused)
2026-06-11 12:55:02,454 [INFO] No open long option positions.
2026-06-11 12:56:01,314 [INFO] --- RobinhoodSafeGuard tick | ET 13:56 | mode=LIVE ---
2026-06-11 12:56:01,417 [INFO] Robinhood login OK (session reused)
2026-06-11 12:56:01,504 [INFO] No open long option positions.
2026-06-11 12:57:02,068 [INFO] --- RobinhoodSafeGuard tick | ET 13:57 | mode=LIVE ---
2026-06-11 12:57:02,275 [INFO] Robinhood login OK (session reused)
2026-06-11 12:57:02,395 [INFO] No open long option positions.
2026-06-11 12:58:01,841 [INFO] --- RobinhoodSafeGuard tick | ET 13:58 | mode=LIVE ---
2026-06-11 12:58:01,963 [INFO] Robinhood login OK (session reused)
2026-06-11 12:58:02,041 [INFO] No open long option positions.
2026-06-11 12:59:01,741 [INFO] --- RobinhoodSafeGuard tick | ET 13:59 | mode=LIVE ---
2026-06-11 12:59:01,937 [INFO] Robinhood login OK (session reused)
2026-06-11 12:59:02,028 [INFO] No open long option positions.
2026-06-11 13:00:01,602 [INFO] --- RobinhoodSafeGuard tick | ET 14:00 | mode=LIVE ---
2026-06-11 13:00:01,789 [INFO] Robinhood login OK (session reused)
2026-06-11 13:00:01,879 [INFO] No open long option positions.
2026-06-11 13:01:02,020 [INFO] --- RobinhoodSafeGuard tick | ET 14:01 | mode=LIVE ---
2026-06-11 13:01:02,241 [INFO] Robinhood login OK (session reused)
2026-06-11 13:01:02,328 [INFO] No open long option positions.
2026-06-11 13:02:01,406 [INFO] --- RobinhoodSafeGuard tick | ET 14:02 | mode=LIVE ---
2026-06-11 13:02:01,530 [INFO] Robinhood login OK (session reused)
2026-06-11 13:02:01,638 [INFO] No open long option positions.
2026-06-11 13:03:01,781 [INFO] --- RobinhoodSafeGuard tick | ET 14:03 | mode=LIVE ---
2026-06-11 13:03:02,024 [INFO] Robinhood login OK (session reused)
2026-06-11 13:03:02,114 [INFO] No open long option positions.
2026-06-11 13:04:01,867 [INFO] --- RobinhoodSafeGuard tick | ET 14:04 | mode=LIVE ---
2026-06-11 13:04:02,053 [INFO] Robinhood login OK (session reused)
2026-06-11 13:04:02,135 [INFO] No open long option positions.
2026-06-11 13:05:02,000 [INFO] --- RobinhoodSafeGuard tick | ET 14:05 | mode=LIVE ---
2026-06-11 13:05:02,213 [INFO] Robinhood login OK (session reused)
2026-06-11 13:05:02,294 [INFO] No open long option positions.
2026-06-11 13:06:01,762 [INFO] --- RobinhoodSafeGuard tick | ET 14:06 | mode=LIVE ---
2026-06-11 13:06:01,876 [INFO] Robinhood login OK (session reused)
2026-06-11 13:06:01,969 [INFO] No open long option positions.
2026-06-11 13:07:02,046 [INFO] --- RobinhoodSafeGuard tick | ET 14:07 | mode=LIVE ---
2026-06-11 13:07:02,241 [INFO] Robinhood login OK (session reused)
2026-06-11 13:07:02,365 [INFO] No open long option positions.
2026-06-11 13:08:02,145 [INFO] --- RobinhoodSafeGuard tick | ET 14:08 | mode=LIVE ---
2026-06-11 13:08:02,415 [INFO] Robinhood login OK (session reused)
2026-06-11 13:08:02,517 [INFO] No open long option positions.
2026-06-11 13:09:02,064 [INFO] --- RobinhoodSafeGuard tick | ET 14:09 | mode=LIVE ---
2026-06-11 13:09:02,252 [INFO] Robinhood login OK (session reused)
2026-06-11 13:09:02,344 [INFO] No open long option positions.
2026-06-11 13:10:02,229 [INFO] --- RobinhoodSafeGuard tick | ET 14:10 | mode=LIVE ---
2026-06-11 13:10:02,433 [INFO] Robinhood login OK (session reused)
2026-06-11 13:10:02,535 [INFO] No open long option positions.
2026-06-11 13:11:02,193 [INFO] --- RobinhoodSafeGuard tick | ET 14:11 | mode=LIVE ---
2026-06-11 13:11:02,381 [INFO] Robinhood login OK (session reused)
2026-06-11 13:11:02,476 [INFO] No open long option positions.
2026-06-11 13:12:02,207 [INFO] --- RobinhoodSafeGuard tick | ET 14:12 | mode=LIVE ---
2026-06-11 13:12:02,393 [INFO] Robinhood login OK (session reused)
2026-06-11 13:12:02,507 [INFO] No open long option positions.
2026-06-11 13:13:02,107 [INFO] --- RobinhoodSafeGuard tick | ET 14:13 | mode=LIVE ---
2026-06-11 13:13:02,358 [INFO] Robinhood login OK (session reused)
2026-06-11 13:13:02,435 [INFO] No open long option positions.
2026-06-11 13:14:01,868 [INFO] --- RobinhoodSafeGuard tick | ET 14:14 | mode=LIVE ---
2026-06-11 13:14:01,999 [INFO] Robinhood login OK (session reused)
2026-06-11 13:14:02,099 [INFO] No open long option positions.
2026-06-11 13:15:01,670 [INFO] --- RobinhoodSafeGuard tick | ET 14:15 | mode=LIVE ---
2026-06-11 13:15:01,864 [INFO] Robinhood login OK (session reused)
2026-06-11 13:15:02,029 [INFO] No open long option positions.
2026-06-11 13:16:01,992 [INFO] --- RobinhoodSafeGuard tick | ET 14:16 | mode=LIVE ---
2026-06-11 13:16:02,169 [INFO] Robinhood login OK (session reused)
2026-06-11 13:16:02,264 [INFO] No open long option positions.
2026-06-11 13:17:01,956 [INFO] --- RobinhoodSafeGuard tick | ET 14:17 | mode=LIVE ---
2026-06-11 13:17:02,066 [INFO] Robinhood login OK (session reused)
2026-06-11 13:17:02,151 [INFO] No open long option positions.
2026-06-11 13:18:01,984 [INFO] --- RobinhoodSafeGuard tick | ET 14:18 | mode=LIVE ---
2026-06-11 13:18:02,158 [INFO] Robinhood login OK (session reused)
2026-06-11 13:18:02,264 [INFO] No open long option positions.
2026-06-11 13:19:01,742 [INFO] --- RobinhoodSafeGuard tick | ET 14:19 | mode=LIVE ---
2026-06-11 13:19:01,907 [INFO] Robinhood login OK (session reused)
2026-06-11 13:19:01,997 [INFO] No open long option positions.
2026-06-11 13:20:01,787 [INFO] --- RobinhoodSafeGuard tick | ET 14:20 | mode=LIVE ---
2026-06-11 13:20:01,973 [INFO] Robinhood login OK (session reused)
2026-06-11 13:20:02,057 [INFO] No open long option positions.
2026-06-11 13:21:01,936 [INFO] --- RobinhoodSafeGuard tick | ET 14:21 | mode=LIVE ---
2026-06-11 13:21:02,097 [INFO] Robinhood login OK (session reused)
2026-06-11 13:21:02,179 [INFO] No open long option positions.
2026-06-11 13:22:01,855 [INFO] --- RobinhoodSafeGuard tick | ET 14:22 | mode=LIVE ---
2026-06-11 13:22:02,052 [INFO] Robinhood login OK (session reused)
2026-06-11 13:22:02,150 [INFO] No open long option positions.
2026-06-11 13:23:01,778 [INFO] --- RobinhoodSafeGuard tick | ET 14:23 | mode=LIVE ---
2026-06-11 13:23:01,966 [INFO] Robinhood login OK (session reused)
2026-06-11 13:23:02,078 [INFO] No open long option positions.
2026-06-11 13:24:01,748 [INFO] --- RobinhoodSafeGuard tick | ET 14:24 | mode=LIVE ---
2026-06-11 13:24:01,978 [INFO] Robinhood login OK (session reused)
2026-06-11 13:24:02,074 [INFO] No open long option positions.
2026-06-11 13:25:01,787 [INFO] --- RobinhoodSafeGuard tick | ET 14:25 | mode=LIVE ---
2026-06-11 13:25:01,952 [INFO] Robinhood login OK (session reused)
2026-06-11 13:25:02,042 [INFO] No open long option positions.
2026-06-11 13:26:01,570 [INFO] --- RobinhoodSafeGuard tick | ET 14:26 | mode=LIVE ---
2026-06-11 13:26:01,782 [INFO] Robinhood login OK (session reused)
2026-06-11 13:26:01,881 [INFO] No open long option positions.
2026-06-11 13:27:01,453 [INFO] --- RobinhoodSafeGuard tick | ET 14:27 | mode=LIVE ---
2026-06-11 13:27:01,646 [INFO] Robinhood login OK (session reused)
2026-06-11 13:27:01,740 [INFO] No open long option positions.
2026-06-11 13:28:02,220 [INFO] --- RobinhoodSafeGuard tick | ET 14:28 | mode=LIVE ---
2026-06-11 13:28:02,396 [INFO] Robinhood login OK (session reused)
2026-06-11 13:28:02,511 [INFO] No open long option positions.
2026-06-11 13:29:02,135 [INFO] --- RobinhoodSafeGuard tick | ET 14:29 | mode=LIVE ---
2026-06-11 13:29:02,397 [INFO] Robinhood login OK (session reused)
2026-06-11 13:29:02,488 [INFO] No open long option positions.
2026-06-11 13:30:02,260 [INFO] --- RobinhoodSafeGuard tick | ET 14:30 | mode=LIVE ---
2026-06-11 13:30:02,433 [INFO] Robinhood login OK (session reused)
2026-06-11 13:30:02,524 [INFO] No open long option positions.
2026-06-11 13:31:02,140 [INFO] --- RobinhoodSafeGuard tick | ET 14:31 | mode=LIVE ---
2026-06-11 13:31:02,345 [INFO] Robinhood login OK (session reused)
2026-06-11 13:31:02,441 [INFO] No open long option positions.
2026-06-11 13:32:02,231 [INFO] --- RobinhoodSafeGuard tick | ET 14:32 | mode=LIVE ---
2026-06-11 13:32:02,402 [INFO] Robinhood login OK (session reused)
2026-06-11 13:32:02,487 [INFO] No open long option positions.
2026-06-11 13:33:02,173 [INFO] --- RobinhoodSafeGuard tick | ET 14:33 | mode=LIVE ---
2026-06-11 13:33:02,371 [INFO] Robinhood login OK (session reused)
2026-06-11 13:33:02,499 [INFO] No open long option positions.
2026-06-11 13:34:02,109 [INFO] --- RobinhoodSafeGuard tick | ET 14:34 | mode=LIVE ---
2026-06-11 13:34:02,345 [INFO] Robinhood login OK (session reused)
2026-06-11 13:34:02,431 [INFO] No open long option positions.
2026-06-11 13:35:01,990 [INFO] --- RobinhoodSafeGuard tick | ET 14:35 | mode=LIVE ---
2026-06-11 13:35:02,144 [INFO] Robinhood login OK (session reused)
2026-06-11 13:35:02,239 [INFO] No open long option positions.
2026-06-11 13:36:01,300 [INFO] --- RobinhoodSafeGuard tick | ET 14:36 | mode=LIVE ---
2026-06-11 13:36:01,433 [INFO] Robinhood login OK (session reused)
2026-06-11 13:36:01,521 [INFO] No open long option positions.
2026-06-11 13:37:02,181 [INFO] --- RobinhoodSafeGuard tick | ET 14:37 | mode=LIVE ---
2026-06-11 13:37:02,349 [INFO] Robinhood login OK (session reused)
2026-06-11 13:37:02,435 [INFO] No open long option positions.
2026-06-11 13:38:02,111 [INFO] --- RobinhoodSafeGuard tick | ET 14:38 | mode=LIVE ---
2026-06-11 13:38:02,316 [INFO] Robinhood login OK (session reused)
2026-06-11 13:38:02,426 [INFO] No open long option positions.
2026-06-11 13:39:01,995 [INFO] --- RobinhoodSafeGuard tick | ET 14:39 | mode=LIVE ---
2026-06-11 13:39:02,154 [INFO] Robinhood login OK (session reused)
2026-06-11 13:39:02,240 [INFO] No open long option positions.
2026-06-11 13:40:01,856 [INFO] --- RobinhoodSafeGuard tick | ET 14:40 | mode=LIVE ---
2026-06-11 13:40:02,042 [INFO] Robinhood login OK (session reused)
2026-06-11 13:40:02,133 [INFO] No open long option positions.
2026-06-11 13:41:01,468 [INFO] --- RobinhoodSafeGuard tick | ET 14:41 | mode=LIVE ---
2026-06-11 13:41:01,643 [INFO] Robinhood login OK (session reused)
2026-06-11 13:41:01,727 [INFO] No open long option positions.
2026-06-11 13:42:01,312 [INFO] --- RobinhoodSafeGuard tick | ET 14:42 | mode=LIVE ---
2026-06-11 13:42:01,506 [INFO] Robinhood login OK (session reused)
2026-06-11 13:42:01,595 [INFO] No open long option positions.
2026-06-11 13:43:01,304 [INFO] --- RobinhoodSafeGuard tick | ET 14:43 | mode=LIVE ---
2026-06-11 13:43:01,472 [INFO] Robinhood login OK (session reused)
2026-06-11 13:43:01,557 [INFO] No open long option positions.
2026-06-11 13:44:02,193 [INFO] --- RobinhoodSafeGuard tick | ET 14:44 | mode=LIVE ---
2026-06-11 13:44:02,426 [INFO] Robinhood login OK (session reused)
2026-06-11 13:44:02,540 [INFO] No open long option positions.
2026-06-11 13:45:02,445 [INFO] --- RobinhoodSafeGuard tick | ET 14:45 | mode=LIVE ---
2026-06-11 13:45:02,595 [INFO] Robinhood login OK (session reused)
2026-06-11 13:45:02,681 [INFO] No open long option positions.
2026-06-11 13:46:02,230 [INFO] --- RobinhoodSafeGuard tick | ET 14:46 | mode=LIVE ---
2026-06-11 13:46:02,440 [INFO] Robinhood login OK (session reused)
2026-06-11 13:46:02,530 [INFO] No open long option positions.
2026-06-11 13:47:02,142 [INFO] --- RobinhoodSafeGuard tick | ET 14:47 | mode=LIVE ---
2026-06-11 13:47:02,339 [INFO] Robinhood login OK (session reused)
2026-06-11 13:47:02,430 [INFO] No open long option positions.
2026-06-11 13:48:01,975 [INFO] --- RobinhoodSafeGuard tick | ET 14:48 | mode=LIVE ---
2026-06-11 13:48:02,105 [INFO] Robinhood login OK (session reused)
2026-06-11 13:48:02,190 [INFO] No open long option positions.
2026-06-11 13:49:01,993 [INFO] --- RobinhoodSafeGuard tick | ET 14:49 | mode=LIVE ---
2026-06-11 13:49:02,243 [INFO] Robinhood login OK (session reused)
2026-06-11 13:49:02,360 [INFO] No open long option positions.
2026-06-11 13:50:01,966 [INFO] --- RobinhoodSafeGuard tick | ET 14:50 | mode=LIVE ---
2026-06-11 13:50:02,103 [INFO] Robinhood login OK (session reused)
2026-06-11 13:50:02,191 [INFO] No open long option positions.
2026-06-11 13:51:01,377 [INFO] --- RobinhoodSafeGuard tick | ET 14:51 | mode=LIVE ---
2026-06-11 13:51:01,496 [INFO] Robinhood login OK (session reused)
2026-06-11 13:51:01,582 [INFO] No open long option positions.
2026-06-11 13:52:01,351 [INFO] --- RobinhoodSafeGuard tick | ET 14:52 | mode=LIVE ---
2026-06-11 13:52:01,541 [INFO] Robinhood login OK (session reused)
2026-06-11 13:52:01,622 [INFO] No open long option positions.
2026-06-11 13:53:01,459 [INFO] --- RobinhoodSafeGuard tick | ET 14:53 | mode=LIVE ---
2026-06-11 13:53:01,626 [INFO] Robinhood login OK (session reused)
2026-06-11 13:53:01,784 [INFO] No open long option positions.
2026-06-11 13:54:01,493 [INFO] --- RobinhoodSafeGuard tick | ET 14:54 | mode=LIVE ---
2026-06-11 13:54:01,741 [INFO] Robinhood login OK (session reused)
2026-06-11 13:54:01,835 [INFO] No open long option positions.
2026-06-11 13:55:01,511 [INFO] --- RobinhoodSafeGuard tick | ET 14:55 | mode=LIVE ---
2026-06-11 13:55:01,721 [INFO] Robinhood login OK (session reused)
2026-06-11 13:55:01,826 [INFO] No open long option positions.
2026-06-11 13:56:01,554 [INFO] --- RobinhoodSafeGuard tick | ET 14:56 | mode=LIVE ---
2026-06-11 13:56:01,773 [INFO] Robinhood login OK (session reused)
2026-06-11 13:56:01,869 [INFO] No open long option positions.
2026-06-11 13:57:01,375 [INFO] --- RobinhoodSafeGuard tick | ET 14:57 | mode=LIVE ---
2026-06-11 13:57:01,545 [INFO] Robinhood login OK (session reused)
2026-06-11 13:57:01,628 [INFO] No open long option positions.
2026-06-11 13:58:01,679 [INFO] --- RobinhoodSafeGuard tick | ET 14:58 | mode=LIVE ---
2026-06-11 13:58:01,890 [INFO] Robinhood login OK (session reused)
2026-06-11 13:58:01,987 [INFO] No open long option positions.
2026-06-11 13:59:01,810 [INFO] --- RobinhoodSafeGuard tick | ET 14:59 | mode=LIVE ---
2026-06-11 13:59:02,040 [INFO] Robinhood login OK (session reused)
2026-06-11 13:59:02,127 [INFO] No open long option positions.
2026-06-11 14:00:01,714 [INFO] --- RobinhoodSafeGuard tick | ET 15:00 | mode=LIVE ---
2026-06-11 14:00:01,923 [INFO] Robinhood login OK (session reused)
2026-06-11 14:00:02,037 [INFO] No open long option positions.
2026-06-11 14:01:02,007 [INFO] --- RobinhoodSafeGuard tick | ET 15:01 | mode=LIVE ---
2026-06-11 14:01:02,200 [INFO] Robinhood login OK (session reused)
2026-06-11 14:01:02,288 [INFO] No open long option positions.
2026-06-11 14:02:02,079 [INFO] --- RobinhoodSafeGuard tick | ET 15:02 | mode=LIVE ---
2026-06-11 14:02:02,291 [INFO] Robinhood login OK (session reused)
2026-06-11 14:02:02,386 [INFO] No open long option positions.
2026-06-11 14:03:02,032 [INFO] --- RobinhoodSafeGuard tick | ET 15:03 | mode=LIVE ---
2026-06-11 14:03:02,250 [INFO] Robinhood login OK (session reused)
2026-06-11 14:03:02,343 [INFO] No open long option positions.
2026-06-11 14:04:01,928 [INFO] --- RobinhoodSafeGuard tick | ET 15:04 | mode=LIVE ---
2026-06-11 14:04:02,125 [INFO] Robinhood login OK (session reused)
2026-06-11 14:04:02,219 [INFO] No open long option positions.
2026-06-11 14:05:02,061 [INFO] --- RobinhoodSafeGuard tick | ET 15:05 | mode=LIVE ---
2026-06-11 14:05:02,277 [INFO] Robinhood login OK (session reused)
2026-06-11 14:05:02,406 [INFO] No open long option positions.
2026-06-11 14:06:01,399 [INFO] --- RobinhoodSafeGuard tick | ET 15:06 | mode=LIVE ---
2026-06-11 14:06:01,565 [INFO] Robinhood login OK (session reused)
2026-06-11 14:06:01,649 [INFO] No open long option positions.
2026-06-11 14:07:01,455 [INFO] --- RobinhoodSafeGuard tick | ET 15:07 | mode=LIVE ---
2026-06-11 14:07:01,639 [INFO] Robinhood login OK (session reused)
2026-06-11 14:07:01,721 [INFO] No open long option positions.
2026-06-11 14:08:01,377 [INFO] --- RobinhoodSafeGuard tick | ET 15:08 | mode=LIVE ---
2026-06-11 14:08:01,583 [INFO] Robinhood login OK (session reused)
2026-06-11 14:08:01,673 [INFO] No open long option positions.
2026-06-11 14:09:02,130 [INFO] --- RobinhoodSafeGuard tick | ET 15:09 | mode=LIVE ---
2026-06-11 14:09:02,373 [INFO] Robinhood login OK (session reused)
2026-06-11 14:09:02,457 [INFO] No open long option positions.
2026-06-11 14:10:02,123 [INFO] --- RobinhoodSafeGuard tick | ET 15:10 | mode=LIVE ---
2026-06-11 14:10:02,335 [INFO] Robinhood login OK (session reused)
2026-06-11 14:10:02,462 [INFO] No open long option positions.
2026-06-11 14:11:01,459 [INFO] --- RobinhoodSafeGuard tick | ET 15:11 | mode=LIVE ---
2026-06-11 14:11:01,574 [INFO] Robinhood login OK (session reused)
2026-06-11 14:11:01,656 [INFO] No open long option positions.
2026-06-11 14:12:01,281 [INFO] --- RobinhoodSafeGuard tick | ET 15:12 | mode=LIVE ---
2026-06-11 14:12:01,470 [INFO] Robinhood login OK (session reused)
2026-06-11 14:12:01,559 [INFO] No open long option positions.
2026-06-11 14:13:02,061 [INFO] --- RobinhoodSafeGuard tick | ET 15:13 | mode=LIVE ---
2026-06-11 14:13:02,275 [INFO] Robinhood login OK (session reused)
2026-06-11 14:13:02,378 [INFO] No open long option positions.
2026-06-11 14:14:01,739 [INFO] --- RobinhoodSafeGuard tick | ET 15:14 | mode=LIVE ---
2026-06-11 14:14:01,948 [INFO] Robinhood login OK (session reused)
2026-06-11 14:14:02,032 [INFO] No open long option positions.
2026-06-11 14:15:01,698 [INFO] --- RobinhoodSafeGuard tick | ET 15:15 | mode=LIVE ---
2026-06-11 14:15:01,872 [INFO] Robinhood login OK (session reused)
2026-06-11 14:15:01,982 [INFO] No open long option positions.
2026-06-11 14:16:01,287 [INFO] --- RobinhoodSafeGuard tick | ET 15:16 | mode=LIVE ---
2026-06-11 14:16:01,502 [INFO] Robinhood login OK (session reused)
2026-06-11 14:16:01,595 [INFO] No open long option positions.
2026-06-11 14:17:02,006 [INFO] --- RobinhoodSafeGuard tick | ET 15:17 | mode=LIVE ---
2026-06-11 14:17:02,224 [INFO] Robinhood login OK (session reused)
2026-06-11 14:17:02,320 [INFO] No open long option positions.
2026-06-11 14:18:01,349 [INFO] --- RobinhoodSafeGuard tick | ET 15:18 | mode=LIVE ---
2026-06-11 14:18:01,477 [INFO] Robinhood login OK (session reused)
2026-06-11 14:18:01,569 [INFO] No open long option positions.
2026-06-11 14:19:01,979 [INFO] --- RobinhoodSafeGuard tick | ET 15:19 | mode=LIVE ---
2026-06-11 14:19:02,194 [INFO] Robinhood login OK (session reused)
2026-06-11 14:19:02,297 [INFO] No open long option positions.
2026-06-11 14:20:01,840 [INFO] --- RobinhoodSafeGuard tick | ET 15:20 | mode=LIVE ---
2026-06-11 14:20:01,980 [INFO] Robinhood login OK (session reused)
2026-06-11 14:20:02,097 [INFO] No open long option positions.
2026-06-11 14:21:02,113 [INFO] --- RobinhoodSafeGuard tick | ET 15:21 | mode=LIVE ---
2026-06-11 14:21:02,308 [INFO] Robinhood login OK (session reused)
2026-06-11 14:21:02,404 [INFO] No open long option positions.
2026-06-11 14:22:01,438 [INFO] --- RobinhoodSafeGuard tick | ET 15:22 | mode=LIVE ---
2026-06-11 14:22:01,554 [INFO] Robinhood login OK (session reused)
2026-06-11 14:22:01,640 [INFO] No open long option positions.
2026-06-11 14:23:02,238 [INFO] --- RobinhoodSafeGuard tick | ET 15:23 | mode=LIVE ---
2026-06-11 14:23:02,433 [INFO] Robinhood login OK (session reused)
2026-06-11 14:23:02,528 [INFO] No open long option positions.
2026-06-11 14:24:01,949 [INFO] --- RobinhoodSafeGuard tick | ET 15:24 | mode=LIVE ---
2026-06-11 14:24:02,115 [INFO] Robinhood login OK (session reused)
2026-06-11 14:24:02,200 [INFO] No open long option positions.
2026-06-11 14:25:02,020 [INFO] --- RobinhoodSafeGuard tick | ET 15:25 | mode=LIVE ---
2026-06-11 14:25:02,231 [INFO] Robinhood login OK (session reused)
2026-06-11 14:25:02,362 [INFO] No open long option positions.
2026-06-11 14:26:01,828 [INFO] --- RobinhoodSafeGuard tick | ET 15:26 | mode=LIVE ---
2026-06-11 14:26:01,944 [INFO] Robinhood login OK (session reused)
2026-06-11 14:26:02,028 [INFO] No open long option positions.
2026-06-11 14:27:01,572 [INFO] --- RobinhoodSafeGuard tick | ET 15:27 | mode=LIVE ---
2026-06-11 14:27:01,757 [INFO] Robinhood login OK (session reused)
2026-06-11 14:27:01,842 [INFO] No open long option positions.
2026-06-11 14:28:01,443 [INFO] --- RobinhoodSafeGuard tick | ET 15:28 | mode=LIVE ---
2026-06-11 14:28:01,663 [INFO] Robinhood login OK (session reused)
2026-06-11 14:28:01,755 [INFO] No open long option positions.
2026-06-11 14:29:02,096 [INFO] --- RobinhoodSafeGuard tick | ET 15:29 | mode=LIVE ---
2026-06-11 14:29:02,317 [INFO] Robinhood login OK (session reused)
2026-06-11 14:29:02,409 [INFO] No open long option positions.
2026-06-11 14:30:02,108 [INFO] --- RobinhoodSafeGuard tick | ET 15:30 | mode=LIVE ---
2026-06-11 14:30:02,298 [INFO] Robinhood login OK (session reused)
2026-06-11 14:30:02,420 [INFO] No open long option positions.
2026-06-11 14:31:02,038 [INFO] --- RobinhoodSafeGuard tick | ET 15:31 | mode=LIVE ---
2026-06-11 14:31:02,255 [INFO] Robinhood login OK (session reused)
2026-06-11 14:31:02,349 [INFO] No open long option positions.
2026-06-11 14:32:01,948 [INFO] --- RobinhoodSafeGuard tick | ET 15:32 | mode=LIVE ---
2026-06-11 14:32:02,065 [INFO] Robinhood login OK (session reused)
2026-06-11 14:32:02,156 [INFO] No open long option positions.
2026-06-11 14:33:01,906 [INFO] --- RobinhoodSafeGuard tick | ET 15:33 | mode=LIVE ---
2026-06-11 14:33:02,107 [INFO] Robinhood login OK (session reused)
2026-06-11 14:33:02,214 [INFO] No open long option positions.
2026-06-11 14:34:01,844 [INFO] --- RobinhoodSafeGuard tick | ET 15:34 | mode=LIVE ---
2026-06-11 14:34:02,130 [INFO] Robinhood login OK (session reused)
2026-06-11 14:34:02,223 [INFO] No open long option positions.
2026-06-11 14:35:01,943 [INFO] --- RobinhoodSafeGuard tick | ET 15:35 | mode=LIVE ---
2026-06-11 14:35:02,065 [INFO] Robinhood login OK (session reused)
2026-06-11 14:35:02,184 [INFO] No open long option positions.
2026-06-11 14:36:01,862 [INFO] --- RobinhoodSafeGuard tick | ET 15:36 | mode=LIVE ---
2026-06-11 14:36:02,042 [INFO] Robinhood login OK (session reused)
2026-06-11 14:36:02,129 [INFO] No open long option positions.
2026-06-11 14:37:01,577 [INFO] --- RobinhoodSafeGuard tick | ET 15:37 | mode=LIVE ---
2026-06-11 14:37:01,737 [INFO] Robinhood login OK (session reused)
2026-06-11 14:37:01,840 [INFO] No open long option positions.
2026-06-11 14:38:01,427 [INFO] --- RobinhoodSafeGuard tick | ET 15:38 | mode=LIVE ---
2026-06-11 14:38:01,609 [INFO] Robinhood login OK (session reused)
2026-06-11 14:38:01,703 [INFO] No open long option positions.
2026-06-11 14:39:01,280 [INFO] --- RobinhoodSafeGuard tick | ET 15:39 | mode=LIVE ---
2026-06-11 14:39:01,524 [INFO] Robinhood login OK (session reused)
2026-06-11 14:39:01,613 [INFO] No open long option positions.
2026-06-11 14:40:02,415 [INFO] --- RobinhoodSafeGuard tick | ET 15:40 | mode=LIVE ---
2026-06-11 14:40:02,544 [INFO] Robinhood login OK (session reused)
2026-06-11 14:40:02,657 [INFO] No open long option positions.
2026-06-11 14:41:02,164 [INFO] --- RobinhoodSafeGuard tick | ET 15:41 | mode=LIVE ---
2026-06-11 14:41:02,327 [INFO] Robinhood login OK (session reused)
2026-06-11 14:41:02,419 [INFO] No open long option positions.
2026-06-11 14:42:01,962 [INFO] --- RobinhoodSafeGuard tick | ET 15:42 | mode=LIVE ---
2026-06-11 14:42:02,115 [INFO] Robinhood login OK (session reused)
2026-06-11 14:42:02,210 [INFO] No open long option positions.
2026-06-11 14:43:01,948 [INFO] --- RobinhoodSafeGuard tick | ET 15:43 | mode=LIVE ---
2026-06-11 14:43:02,132 [INFO] Robinhood login OK (session reused)
2026-06-11 14:43:02,219 [INFO] No open long option positions.
2026-06-11 14:44:01,771 [INFO] --- RobinhoodSafeGuard tick | ET 15:44 | mode=LIVE ---
2026-06-11 14:44:01,969 [INFO] Robinhood login OK (session reused)
2026-06-11 14:44:02,053 [INFO] No open long option positions.
2026-06-11 14:45:01,733 [INFO] --- RobinhoodSafeGuard tick | ET 15:45 | mode=LIVE ---
2026-06-11 14:45:01,925 [INFO] Robinhood login OK (session reused)
2026-06-11 14:45:02,010 [INFO] No open long option positions.
2026-06-11 14:46:01,490 [INFO] --- RobinhoodSafeGuard tick | ET 15:46 | mode=LIVE ---
2026-06-11 14:46:01,705 [INFO] Robinhood login OK (session reused)
2026-06-11 14:46:01,829 [INFO] No open long option positions.
2026-06-11 14:47:01,750 [INFO] --- RobinhoodSafeGuard tick | ET 15:47 | mode=LIVE ---
2026-06-11 14:47:01,927 [INFO] Robinhood login OK (session reused)
2026-06-11 14:47:02,009 [INFO] No open long option positions.
2026-06-11 14:48:01,602 [INFO] --- RobinhoodSafeGuard tick | ET 15:48 | mode=LIVE ---
2026-06-11 14:48:01,773 [INFO] Robinhood login OK (session reused)
2026-06-11 14:48:01,856 [INFO] No open long option positions.
2026-06-11 14:49:01,893 [INFO] --- RobinhoodSafeGuard tick | ET 15:49 | mode=LIVE ---
2026-06-11 14:49:02,100 [INFO] Robinhood login OK (session reused)
2026-06-11 14:49:02,186 [INFO] No open long option positions.
2026-06-11 14:50:02,425 [INFO] --- RobinhoodSafeGuard tick | ET 15:50 | mode=LIVE ---
2026-06-11 14:50:02,534 [INFO] Robinhood login OK (session reused)
2026-06-11 14:50:02,620 [INFO] No open long option positions.
2026-06-11 14:51:01,419 [INFO] --- RobinhoodSafeGuard tick | ET 15:51 | mode=LIVE ---
2026-06-11 14:51:01,563 [INFO] Robinhood login OK (session reused)
2026-06-11 14:51:01,677 [INFO] No open long option positions.
2026-06-11 14:52:01,738 [INFO] --- RobinhoodSafeGuard tick | ET 15:52 | mode=LIVE ---
2026-06-11 14:52:01,900 [INFO] Robinhood login OK (session reused)
2026-06-11 14:52:01,980 [INFO] No open long option positions.
2026-06-11 14:53:01,908 [INFO] --- RobinhoodSafeGuard tick | ET 15:53 | mode=LIVE ---
2026-06-11 14:53:02,120 [INFO] Robinhood login OK (session reused)
2026-06-11 14:53:02,212 [INFO] No open long option positions.
2026-06-11 14:54:01,870 [INFO] --- RobinhoodSafeGuard tick | ET 15:54 | mode=LIVE ---
2026-06-11 14:54:02,093 [INFO] Robinhood login OK (session reused)
2026-06-11 14:54:02,184 [INFO] No open long option positions.
2026-06-11 14:55:02,091 [INFO] --- RobinhoodSafeGuard tick | ET 15:55 | mode=LIVE ---
2026-06-11 14:55:02,274 [INFO] Robinhood login OK (session reused)
2026-06-11 14:55:02,375 [INFO] No open long option positions.
2026-06-11 14:56:01,973 [INFO] --- RobinhoodSafeGuard tick | ET 15:56 | mode=LIVE ---
2026-06-11 14:56:02,155 [INFO] Robinhood login OK (session reused)
2026-06-11 14:56:02,266 [INFO] No open long option positions.
2026-06-11 14:57:01,986 [INFO] --- RobinhoodSafeGuard tick | ET 15:57 | mode=LIVE ---
2026-06-11 14:57:02,197 [INFO] Robinhood login OK (session reused)
2026-06-11 14:57:02,291 [INFO] No open long option positions.
2026-06-11 14:58:01,746 [INFO] --- RobinhoodSafeGuard tick | ET 15:58 | mode=LIVE ---
2026-06-11 14:58:01,921 [INFO] Robinhood login OK (session reused)
2026-06-11 14:58:02,014 [INFO] No open long option positions.
2026-06-11 14:59:01,573 [INFO] --- RobinhoodSafeGuard tick | ET 15:59 | mode=LIVE ---
2026-06-11 14:59:01,790 [INFO] Robinhood login OK (session reused)
2026-06-11 14:59:01,875 [INFO] No open long option positions.
2026-06-11 15:00:02,310 [INFO] --- RobinhoodSafeGuard tick | ET 16:00 | mode=LIVE ---
2026-06-11 15:00:02,495 [INFO] Robinhood login OK (session reused)
2026-06-11 15:00:02,583 [INFO] No open long option positions.
2026-06-11 15:01:01,973 [INFO] --- RobinhoodSafeGuard tick | ET 16:01 | mode=LIVE ---
2026-06-11 15:01:01,973 [INFO] Market closed — nothing to do.
2026-06-11 15:02:01,754 [INFO] --- RobinhoodSafeGuard tick | ET 16:02 | mode=LIVE ---
2026-06-11 15:02:01,754 [INFO] Market closed — nothing to do.
2026-06-11 15:03:01,615 [INFO] --- RobinhoodSafeGuard tick | ET 16:03 | mode=LIVE ---
2026-06-11 15:03:01,615 [INFO] Market closed — nothing to do.
2026-06-11 15:04:02,127 [INFO] --- RobinhoodSafeGuard tick | ET 16:04 | mode=LIVE ---
2026-06-11 15:04:02,127 [INFO] Market closed — nothing to do.
2026-06-11 15:05:02,241 [INFO] --- RobinhoodSafeGuard tick | ET 16:05 | mode=LIVE ---
2026-06-11 15:05:02,241 [INFO] Market closed — nothing to do.
2026-06-11 15:06:01,403 [INFO] --- RobinhoodSafeGuard tick | ET 16:06 | mode=LIVE ---
2026-06-11 15:06:01,403 [INFO] Market closed — nothing to do.
2026-06-11 15:07:01,742 [INFO] --- RobinhoodSafeGuard tick | ET 16:07 | mode=LIVE ---
2026-06-11 15:07:01,742 [INFO] Market closed — nothing to do.
2026-06-11 15:08:02,105 [INFO] --- RobinhoodSafeGuard tick | ET 16:08 | mode=LIVE ---
2026-06-11 15:08:02,105 [INFO] Market closed — nothing to do.
2026-06-11 15:09:01,892 [INFO] --- RobinhoodSafeGuard tick | ET 16:09 | mode=LIVE ---
2026-06-11 15:09:01,892 [INFO] Market closed — nothing to do.
2026-06-11 15:10:02,016 [INFO] --- RobinhoodSafeGuard tick | ET 16:10 | mode=LIVE ---
2026-06-11 15:10:02,016 [INFO] Market closed — nothing to do.
2026-06-11 15:11:01,901 [INFO] --- RobinhoodSafeGuard tick | ET 16:11 | mode=LIVE ---
2026-06-11 15:11:01,901 [INFO] Market closed — nothing to do.
2026-06-11 15:12:01,609 [INFO] --- RobinhoodSafeGuard tick | ET 16:12 | mode=LIVE ---
2026-06-11 15:12:01,609 [INFO] Market closed — nothing to do.
2026-06-11 15:13:01,388 [INFO] --- RobinhoodSafeGuard tick | ET 16:13 | mode=LIVE ---
2026-06-11 15:13:01,388 [INFO] Market closed — nothing to do.
2026-06-11 15:14:02,021 [INFO] --- RobinhoodSafeGuard tick | ET 16:14 | mode=LIVE ---
2026-06-11 15:14:02,021 [INFO] Market closed — nothing to do.
2026-06-11 15:15:01,979 [INFO] --- RobinhoodSafeGuard tick | ET 16:15 | mode=LIVE ---
2026-06-11 15:15:01,988 [INFO] Market closed — nothing to do.
2026-06-11 15:16:01,856 [INFO] --- RobinhoodSafeGuard tick | ET 16:16 | mode=LIVE ---
2026-06-11 15:16:01,856 [INFO] Market closed — nothing to do.
2026-06-11 15:17:01,476 [INFO] --- RobinhoodSafeGuard tick | ET 16:17 | mode=LIVE ---
2026-06-11 15:17:01,476 [INFO] Market closed — nothing to do.
2026-06-11 15:18:01,420 [INFO] --- RobinhoodSafeGuard tick | ET 16:18 | mode=LIVE ---
2026-06-11 15:18:01,421 [INFO] Market closed — nothing to do.
2026-06-11 15:19:02,079 [INFO] --- RobinhoodSafeGuard tick | ET 16:19 | mode=LIVE ---
2026-06-11 15:19:02,080 [INFO] Market closed — nothing to do.
2026-06-11 15:20:01,979 [INFO] --- RobinhoodSafeGuard tick | ET 16:20 | mode=LIVE ---
2026-06-11 15:20:01,980 [INFO] Market closed — nothing to do.
2026-06-11 15:21:01,915 [INFO] --- RobinhoodSafeGuard tick | ET 16:21 | mode=LIVE ---
2026-06-11 15:21:01,915 [INFO] Market closed — nothing to do.
2026-06-11 15:22:01,663 [INFO] --- RobinhoodSafeGuard tick | ET 16:22 | mode=LIVE ---
2026-06-11 15:22:01,663 [INFO] Market closed — nothing to do.
2026-06-11 15:23:01,629 [INFO] --- RobinhoodSafeGuard tick | ET 16:23 | mode=LIVE ---
2026-06-11 15:23:01,629 [INFO] Market closed — nothing to do.
2026-06-11 15:24:01,467 [INFO] --- RobinhoodSafeGuard tick | ET 16:24 | mode=LIVE ---
2026-06-11 15:24:01,467 [INFO] Market closed — nothing to do.
2026-06-11 15:25:02,418 [INFO] --- RobinhoodSafeGuard tick | ET 16:25 | mode=LIVE ---
2026-06-11 15:25:02,419 [INFO] Market closed — nothing to do.
2026-06-11 15:26:02,136 [INFO] --- RobinhoodSafeGuard tick | ET 16:26 | mode=LIVE ---
2026-06-11 15:26:02,136 [INFO] Market closed — nothing to do.
2026-06-11 15:27:02,037 [INFO] --- RobinhoodSafeGuard tick | ET 16:27 | mode=LIVE ---
2026-06-11 15:27:02,037 [INFO] Market closed — nothing to do.
2026-06-11 15:28:01,775 [INFO] --- RobinhoodSafeGuard tick | ET 16:28 | mode=LIVE ---
2026-06-11 15:28:01,775 [INFO] Market closed — nothing to do.
2026-06-11 15:29:01,296 [INFO] --- RobinhoodSafeGuard tick | ET 16:29 | mode=LIVE ---
2026-06-11 15:29:01,297 [INFO] Market closed — nothing to do.
2026-06-11 15:30:02,216 [INFO] --- RobinhoodSafeGuard tick | ET 16:30 | mode=LIVE ---
2026-06-11 15:30:02,216 [INFO] Market closed — nothing to do.
2026-06-11 15:31:01,786 [INFO] --- RobinhoodSafeGuard tick | ET 16:31 | mode=LIVE ---
2026-06-11 15:31:01,787 [INFO] Market closed — nothing to do.
2026-06-11 15:32:01,469 [INFO] --- RobinhoodSafeGuard tick | ET 16:32 | mode=LIVE ---
2026-06-11 15:32:01,469 [INFO] Market closed — nothing to do.
2026-06-11 15:33:02,060 [INFO] --- RobinhoodSafeGuard tick | ET 16:33 | mode=LIVE ---
2026-06-11 15:33:02,060 [INFO] Market closed — nothing to do.
2026-06-11 15:34:01,707 [INFO] --- RobinhoodSafeGuard tick | ET 16:34 | mode=LIVE ---
2026-06-11 15:34:01,707 [INFO] Market closed — nothing to do.
2026-06-11 15:35:01,417 [INFO] --- RobinhoodSafeGuard tick | ET 16:35 | mode=LIVE ---
2026-06-11 15:35:01,418 [INFO] Market closed — nothing to do.
2026-06-11 15:36:01,261 [INFO] --- RobinhoodSafeGuard tick | ET 16:36 | mode=LIVE ---
2026-06-11 15:36:01,261 [INFO] Market closed — nothing to do.
2026-06-11 15:37:01,754 [INFO] --- RobinhoodSafeGuard tick | ET 16:37 | mode=LIVE ---
2026-06-11 15:37:01,754 [INFO] Market closed — nothing to do.
2026-06-11 15:38:01,356 [INFO] --- RobinhoodSafeGuard tick | ET 16:38 | mode=LIVE ---
2026-06-11 15:38:01,356 [INFO] Market closed — nothing to do.
2026-06-11 15:39:01,933 [INFO] --- RobinhoodSafeGuard tick | ET 16:39 | mode=LIVE ---
2026-06-11 15:39:01,934 [INFO] Market closed — nothing to do.
2026-06-11 15:40:01,842 [INFO] --- RobinhoodSafeGuard tick | ET 16:40 | mode=LIVE ---
2026-06-11 15:40:01,843 [INFO] Market closed — nothing to do.
2026-06-11 15:41:01,411 [INFO] --- RobinhoodSafeGuard tick | ET 16:41 | mode=LIVE ---
2026-06-11 15:41:01,412 [INFO] Market closed — nothing to do.
2026-06-11 15:42:02,075 [INFO] --- RobinhoodSafeGuard tick | ET 16:42 | mode=LIVE ---
2026-06-11 15:42:02,076 [INFO] Market closed — nothing to do.
2026-06-11 15:43:01,702 [INFO] --- RobinhoodSafeGuard tick | ET 16:43 | mode=LIVE ---
2026-06-11 15:43:01,702 [INFO] Market closed — nothing to do.
2026-06-11 15:44:01,301 [INFO] --- RobinhoodSafeGuard tick | ET 16:44 | mode=LIVE ---
2026-06-11 15:44:01,301 [INFO] Market closed — nothing to do.
2026-06-11 15:45:01,977 [INFO] --- RobinhoodSafeGuard tick | ET 16:45 | mode=LIVE ---
2026-06-11 15:45:01,977 [INFO] Market closed — nothing to do.
2026-06-11 15:46:01,890 [INFO] --- RobinhoodSafeGuard tick | ET 16:46 | mode=LIVE ---
2026-06-11 15:46:01,891 [INFO] Market closed — nothing to do.
2026-06-11 15:47:01,520 [INFO] --- RobinhoodSafeGuard tick | ET 16:47 | mode=LIVE ---
2026-06-11 15:47:01,521 [INFO] Market closed — nothing to do.
2026-06-11 15:48:02,143 [INFO] --- RobinhoodSafeGuard tick | ET 16:48 | mode=LIVE ---
2026-06-11 15:48:02,144 [INFO] Market closed — nothing to do.
2026-06-11 15:49:01,989 [INFO] --- RobinhoodSafeGuard tick | ET 16:49 | mode=LIVE ---
2026-06-11 15:49:01,989 [INFO] Market closed — nothing to do.
2026-06-11 15:50:02,033 [INFO] --- RobinhoodSafeGuard tick | ET 16:50 | mode=LIVE ---
2026-06-11 15:50:02,033 [INFO] Market closed — nothing to do.
2026-06-11 15:51:01,671 [INFO] --- RobinhoodSafeGuard tick | ET 16:51 | mode=LIVE ---
2026-06-11 15:51:01,671 [INFO] Market closed — nothing to do.
2026-06-11 15:52:01,356 [INFO] --- RobinhoodSafeGuard tick | ET 16:52 | mode=LIVE ---
2026-06-11 15:52:01,356 [INFO] Market closed — nothing to do.
2026-06-11 15:53:01,885 [INFO] --- RobinhoodSafeGuard tick | ET 16:53 | mode=LIVE ---
2026-06-11 15:53:01,885 [INFO] Market closed — nothing to do.
2026-06-11 15:54:01,445 [INFO] --- RobinhoodSafeGuard tick | ET 16:54 | mode=LIVE ---
2026-06-11 15:54:01,445 [INFO] Market closed — nothing to do.
2026-06-11 15:55:02,161 [INFO] --- RobinhoodSafeGuard tick | ET 16:55 | mode=LIVE ---
2026-06-11 15:55:02,161 [INFO] Market closed — nothing to do.
2026-06-11 15:56:02,085 [INFO] --- RobinhoodSafeGuard tick | ET 16:56 | mode=LIVE ---
2026-06-11 15:56:02,085 [INFO] Market closed — nothing to do.
2026-06-11 15:57:02,200 [INFO] --- RobinhoodSafeGuard tick | ET 16:57 | mode=LIVE ---
2026-06-11 15:57:02,200 [INFO] Market closed — nothing to do.
2026-06-11 15:58:01,701 [INFO] --- RobinhoodSafeGuard tick | ET 16:58 | mode=LIVE ---
2026-06-11 15:58:01,701 [INFO] Market closed — nothing to do.
2026-06-11 15:59:01,456 [INFO] --- RobinhoodSafeGuard tick | ET 16:59 | mode=LIVE ---
2026-06-11 15:59:01,456 [INFO] Market closed — nothing to do.
2026-06-12 08:00:01,949 [INFO] --- RobinhoodSafeGuard tick | ET 09:00 | mode=LIVE ---
2026-06-12 08:00:01,950 [INFO] Market closed — nothing to do.
2026-06-12 08:01:02,120 [INFO] --- RobinhoodSafeGuard tick | ET 09:01 | mode=LIVE ---
2026-06-12 08:01:02,120 [INFO] Market closed — nothing to do.
2026-06-12 08:02:01,795 [INFO] --- RobinhoodSafeGuard tick | ET 09:02 | mode=LIVE ---
2026-06-12 08:02:01,795 [INFO] Market closed — nothing to do.
2026-06-12 08:03:01,573 [INFO] --- RobinhoodSafeGuard tick | ET 09:03 | mode=LIVE ---
2026-06-12 08:03:01,574 [INFO] Market closed — nothing to do.
2026-06-12 08:04:02,152 [INFO] --- RobinhoodSafeGuard tick | ET 09:04 | mode=LIVE ---
2026-06-12 08:04:02,152 [INFO] Market closed — nothing to do.
2026-06-12 08:05:02,103 [INFO] --- RobinhoodSafeGuard tick | ET 09:05 | mode=LIVE ---
2026-06-12 08:05:02,103 [INFO] Market closed — nothing to do.
2026-06-12 08:06:01,780 [INFO] --- RobinhoodSafeGuard tick | ET 09:06 | mode=LIVE ---
2026-06-12 08:06:01,780 [INFO] Market closed — nothing to do.
2026-06-12 08:07:01,389 [INFO] --- RobinhoodSafeGuard tick | ET 09:07 | mode=LIVE ---
2026-06-12 08:07:01,389 [INFO] Market closed — nothing to do.
2026-06-12 08:08:01,930 [INFO] --- RobinhoodSafeGuard tick | ET 09:08 | mode=LIVE ---
2026-06-12 08:08:01,931 [INFO] Market closed — nothing to do.
2026-06-12 08:09:01,448 [INFO] --- RobinhoodSafeGuard tick | ET 09:09 | mode=LIVE ---
2026-06-12 08:09:01,449 [INFO] Market closed — nothing to do.
2026-06-12 08:10:02,320 [INFO] --- RobinhoodSafeGuard tick | ET 09:10 | mode=LIVE ---
2026-06-12 08:10:02,320 [INFO] Market closed — nothing to do.
2026-06-12 08:11:01,751 [INFO] --- RobinhoodSafeGuard tick | ET 09:11 | mode=LIVE ---
2026-06-12 08:11:01,751 [INFO] Market closed — nothing to do.
2026-06-12 08:12:01,535 [INFO] --- RobinhoodSafeGuard tick | ET 09:12 | mode=LIVE ---
2026-06-12 08:12:01,536 [INFO] Market closed — nothing to do.
2026-06-12 08:13:02,084 [INFO] --- RobinhoodSafeGuard tick | ET 09:13 | mode=LIVE ---
2026-06-12 08:13:02,085 [INFO] Market closed — nothing to do.
2026-06-12 08:14:01,791 [INFO] --- RobinhoodSafeGuard tick | ET 09:14 | mode=LIVE ---
2026-06-12 08:14:01,791 [INFO] Market closed — nothing to do.
2026-06-12 08:15:01,702 [INFO] --- RobinhoodSafeGuard tick | ET 09:15 | mode=LIVE ---
2026-06-12 08:15:01,702 [INFO] Market closed — nothing to do.
2026-06-12 08:16:01,615 [INFO] --- RobinhoodSafeGuard tick | ET 09:16 | mode=LIVE ---
2026-06-12 08:16:01,615 [INFO] Market closed — nothing to do.
2026-06-12 08:17:01,289 [INFO] --- RobinhoodSafeGuard tick | ET 09:17 | mode=LIVE ---
2026-06-12 08:17:01,290 [INFO] Market closed — nothing to do.
2026-06-12 08:18:01,288 [INFO] --- RobinhoodSafeGuard tick | ET 09:18 | mode=LIVE ---
2026-06-12 08:18:01,288 [INFO] Market closed — nothing to do.
2026-06-12 08:19:01,946 [INFO] --- RobinhoodSafeGuard tick | ET 09:19 | mode=LIVE ---
2026-06-12 08:19:01,946 [INFO] Market closed — nothing to do.
2026-06-12 08:20:01,992 [INFO] --- RobinhoodSafeGuard tick | ET 09:20 | mode=LIVE ---
2026-06-12 08:20:01,993 [INFO] Market closed — nothing to do.
2026-06-12 08:21:02,224 [INFO] --- RobinhoodSafeGuard tick | ET 09:21 | mode=LIVE ---
2026-06-12 08:21:02,224 [INFO] Market closed — nothing to do.
2026-06-12 08:22:01,792 [INFO] --- RobinhoodSafeGuard tick | ET 09:22 | mode=LIVE ---
2026-06-12 08:22:01,792 [INFO] Market closed — nothing to do.
2026-06-12 08:23:01,380 [INFO] --- RobinhoodSafeGuard tick | ET 09:23 | mode=LIVE ---
2026-06-12 08:23:01,380 [INFO] Market closed — nothing to do.
2026-06-12 08:24:01,991 [INFO] --- RobinhoodSafeGuard tick | ET 09:24 | mode=LIVE ---
2026-06-12 08:24:01,992 [INFO] Market closed — nothing to do.
2026-06-12 08:25:01,800 [INFO] --- RobinhoodSafeGuard tick | ET 09:25 | mode=LIVE ---
2026-06-12 08:25:01,800 [INFO] Market closed — nothing to do.
2026-06-12 08:26:02,122 [INFO] --- RobinhoodSafeGuard tick | ET 09:26 | mode=LIVE ---
2026-06-12 08:26:02,122 [INFO] Market closed — nothing to do.
2026-06-12 08:27:01,819 [INFO] --- RobinhoodSafeGuard tick | ET 09:27 | mode=LIVE ---
2026-06-12 08:27:01,819 [INFO] Market closed — nothing to do.
2026-06-12 08:28:01,706 [INFO] --- RobinhoodSafeGuard tick | ET 09:28 | mode=LIVE ---
2026-06-12 08:28:01,706 [INFO] Market closed — nothing to do.
2026-06-12 08:29:01,303 [INFO] --- RobinhoodSafeGuard tick | ET 09:29 | mode=LIVE ---
2026-06-12 08:29:01,303 [INFO] Market closed — nothing to do.
2026-06-12 08:30:02,598 [INFO] --- RobinhoodSafeGuard tick | ET 09:30 | mode=LIVE ---
2026-06-12 08:30:02,857 [INFO] Robinhood login OK (session reused)
2026-06-12 08:30:02,983 [INFO] No open long option positions.
2026-06-12 08:31:01,299 [INFO] --- RobinhoodSafeGuard tick | ET 09:31 | mode=LIVE ---
2026-06-12 08:31:01,535 [INFO] Robinhood login OK (session reused)
2026-06-12 08:31:01,877 [INFO] No open long option positions.
2026-06-12 08:32:01,557 [INFO] --- RobinhoodSafeGuard tick | ET 09:32 | mode=LIVE ---
2026-06-12 08:32:01,887 [INFO] Robinhood login OK (session reused)
2026-06-12 08:32:02,083 [INFO] No open long option positions.
2026-06-12 08:33:01,315 [INFO] --- RobinhoodSafeGuard tick | ET 09:33 | mode=LIVE ---
2026-06-12 08:33:01,537 [INFO] Robinhood login OK (session reused)
2026-06-12 08:33:01,647 [INFO] No open long option positions.
2026-06-12 08:34:01,287 [INFO] --- RobinhoodSafeGuard tick | ET 09:34 | mode=LIVE ---
2026-06-12 08:34:01,483 [INFO] Robinhood login OK (session reused)
2026-06-12 08:34:01,633 [INFO] No open long option positions.
2026-06-12 08:35:02,202 [INFO] --- RobinhoodSafeGuard tick | ET 09:35 | mode=LIVE ---
2026-06-12 08:35:02,464 [INFO] Robinhood login OK (session reused)
2026-06-12 08:35:02,609 [INFO] No open long option positions.
2026-06-12 08:36:01,925 [INFO] --- RobinhoodSafeGuard tick | ET 09:36 | mode=LIVE ---
2026-06-12 08:36:02,148 [INFO] Robinhood login OK (session reused)
2026-06-12 08:36:02,249 [INFO] No open long option positions.
2026-06-12 08:37:01,816 [INFO] --- RobinhoodSafeGuard tick | ET 09:37 | mode=LIVE ---
2026-06-12 08:37:02,024 [INFO] Robinhood login OK (session reused)
2026-06-12 08:37:02,117 [INFO] No open long option positions.
2026-06-12 08:38:01,524 [INFO] --- RobinhoodSafeGuard tick | ET 09:38 | mode=LIVE ---
2026-06-12 08:38:01,737 [INFO] Robinhood login OK (session reused)
2026-06-12 08:38:01,838 [INFO] No open long option positions.
2026-06-12 08:39:01,356 [INFO] --- RobinhoodSafeGuard tick | ET 09:39 | mode=LIVE ---
2026-06-12 08:39:01,529 [INFO] Robinhood login OK (session reused)
2026-06-12 08:39:01,622 [INFO] No open long option positions.
2026-06-12 08:40:01,770 [INFO] --- RobinhoodSafeGuard tick | ET 09:40 | mode=LIVE ---
2026-06-12 08:40:01,913 [INFO] Robinhood login OK (session reused)
2026-06-12 08:40:02,042 [INFO] No open long option positions.
2026-06-12 08:41:01,568 [INFO] --- RobinhoodSafeGuard tick | ET 09:41 | mode=LIVE ---
2026-06-12 08:41:01,795 [INFO] Robinhood login OK (session reused)
2026-06-12 08:41:01,887 [INFO] No open long option positions.
2026-06-12 08:42:01,862 [INFO] --- RobinhoodSafeGuard tick | ET 09:42 | mode=LIVE ---
2026-06-12 08:42:02,074 [INFO] Robinhood login OK (session reused)
2026-06-12 08:42:02,162 [INFO] No open long option positions.
2026-06-12 08:43:02,050 [INFO] --- RobinhoodSafeGuard tick | ET 09:43 | mode=LIVE ---
2026-06-12 08:43:02,269 [INFO] Robinhood login OK (session reused)
2026-06-12 08:43:02,368 [INFO] No open long option positions.
2026-06-12 08:44:01,608 [INFO] --- RobinhoodSafeGuard tick | ET 09:44 | mode=LIVE ---
2026-06-12 08:44:01,748 [INFO] Robinhood login OK (session reused)
2026-06-12 08:44:01,844 [INFO] No open long option positions.
2026-06-12 08:45:02,216 [INFO] --- RobinhoodSafeGuard tick | ET 09:45 | mode=LIVE ---
2026-06-12 08:45:02,391 [INFO] Robinhood login OK (session reused)
2026-06-12 08:45:02,522 [INFO] No open long option positions.
2026-06-12 08:46:01,670 [INFO] --- RobinhoodSafeGuard tick | ET 09:46 | mode=LIVE ---
2026-06-12 08:46:01,863 [INFO] Robinhood login OK (session reused)
2026-06-12 08:46:01,959 [INFO] No open long option positions.
2026-06-12 08:47:01,373 [INFO] --- RobinhoodSafeGuard tick | ET 09:47 | mode=LIVE ---
2026-06-12 08:47:01,604 [INFO] Robinhood login OK (session reused)
2026-06-12 08:47:01,693 [INFO] No open long option positions.
2026-06-12 08:48:01,691 [INFO] --- RobinhoodSafeGuard tick | ET 09:48 | mode=LIVE ---
2026-06-12 08:48:01,874 [INFO] Robinhood login OK (session reused)
2026-06-12 08:48:01,969 [INFO] No open long option positions.
2026-06-12 08:49:02,021 [INFO] --- RobinhoodSafeGuard tick | ET 09:49 | mode=LIVE ---
2026-06-12 08:49:02,223 [INFO] Robinhood login OK (session reused)
2026-06-12 08:49:02,307 [INFO] No open long option positions.
2026-06-12 08:50:01,574 [INFO] --- RobinhoodSafeGuard tick | ET 09:50 | mode=LIVE ---
2026-06-12 08:50:01,712 [INFO] Robinhood login OK (session reused)
2026-06-12 08:50:01,819 [INFO] No open long option positions.
2026-06-12 08:51:02,251 [INFO] --- RobinhoodSafeGuard tick | ET 09:51 | mode=LIVE ---
2026-06-12 08:51:02,536 [INFO] Robinhood login OK (session reused)
2026-06-12 08:51:02,639 [INFO] No open long option positions.
2026-06-12 08:52:01,981 [INFO] --- RobinhoodSafeGuard tick | ET 09:52 | mode=LIVE ---
2026-06-12 08:52:02,117 [INFO] Robinhood login OK (session reused)
2026-06-12 08:52:02,211 [INFO] No open long option positions.
2026-06-12 08:53:01,949 [INFO] --- RobinhoodSafeGuard tick | ET 09:53 | mode=LIVE ---
2026-06-12 08:53:02,121 [INFO] Robinhood login OK (session reused)
2026-06-12 08:53:02,212 [INFO] No open long option positions.
2026-06-12 08:54:02,183 [INFO] --- RobinhoodSafeGuard tick | ET 09:54 | mode=LIVE ---
2026-06-12 08:54:02,378 [INFO] Robinhood login OK (session reused)
2026-06-12 08:54:02,475 [INFO] No open long option positions.
2026-06-12 08:55:02,121 [INFO] --- RobinhoodSafeGuard tick | ET 09:55 | mode=LIVE ---
2026-06-12 08:55:02,284 [INFO] Robinhood login OK (session reused)
2026-06-12 08:55:02,404 [INFO] No open long option positions.
2026-06-12 08:56:02,254 [INFO] --- RobinhoodSafeGuard tick | ET 09:56 | mode=LIVE ---
2026-06-12 08:56:02,451 [INFO] Robinhood login OK (session reused)
2026-06-12 08:56:02,551 [INFO] No open long option positions.
2026-06-12 08:57:02,157 [INFO] --- RobinhoodSafeGuard tick | ET 09:57 | mode=LIVE ---
2026-06-12 08:57:02,397 [INFO] Robinhood login OK (session reused)
2026-06-12 08:57:02,493 [INFO] No open long option positions.
2026-06-12 08:58:02,209 [INFO] --- RobinhoodSafeGuard tick | ET 09:58 | mode=LIVE ---
2026-06-12 08:58:02,373 [INFO] Robinhood login OK (session reused)
2026-06-12 08:58:02,456 [INFO] No open long option positions.
2026-06-12 08:59:01,657 [INFO] --- RobinhoodSafeGuard tick | ET 09:59 | mode=LIVE ---
2026-06-12 08:59:01,837 [INFO] Robinhood login OK (session reused)
2026-06-12 08:59:01,921 [INFO] No open long option positions.
2026-06-12 09:00:01,608 [INFO] --- RobinhoodSafeGuard tick | ET 10:00 | mode=LIVE ---
2026-06-12 09:00:01,871 [INFO] Robinhood login OK (session reused)
2026-06-12 09:00:01,996 [INFO] No open long option positions.
2026-06-12 09:01:02,164 [INFO] --- RobinhoodSafeGuard tick | ET 10:01 | mode=LIVE ---
2026-06-12 09:01:02,371 [INFO] Robinhood login OK (session reused)
2026-06-12 09:01:02,466 [INFO] No open long option positions.
2026-06-12 09:02:01,869 [INFO] --- RobinhoodSafeGuard tick | ET 10:02 | mode=LIVE ---
2026-06-12 09:02:01,986 [INFO] Robinhood login OK (session reused)
2026-06-12 09:02:02,085 [INFO] No open long option positions.
2026-06-12 09:03:01,602 [INFO] --- RobinhoodSafeGuard tick | ET 10:03 | mode=LIVE ---
2026-06-12 09:03:01,826 [INFO] Robinhood login OK (session reused)
2026-06-12 09:03:01,908 [INFO] No open long option positions.
2026-06-12 09:04:01,311 [INFO] --- RobinhoodSafeGuard tick | ET 10:04 | mode=LIVE ---
2026-06-12 09:04:01,507 [INFO] Robinhood login OK (session reused)
2026-06-12 09:04:01,602 [INFO] No open long option positions.
2026-06-12 09:05:01,845 [INFO] --- RobinhoodSafeGuard tick | ET 10:05 | mode=LIVE ---
2026-06-12 09:05:02,121 [INFO] Robinhood login OK (session reused)
2026-06-12 09:05:02,254 [INFO] No open long option positions.
2026-06-12 09:06:02,203 [INFO] --- RobinhoodSafeGuard tick | ET 10:06 | mode=LIVE ---
2026-06-12 09:06:02,455 [INFO] Robinhood login OK (session reused)
2026-06-12 09:06:02,636 [INFO] No open long option positions.
2026-06-12 09:07:02,201 [INFO] --- RobinhoodSafeGuard tick | ET 10:07 | mode=LIVE ---
2026-06-12 09:07:02,407 [INFO] Robinhood login OK (session reused)
2026-06-12 09:07:02,511 [INFO] No open long option positions.
2026-06-12 09:08:02,227 [INFO] --- RobinhoodSafeGuard tick | ET 10:08 | mode=LIVE ---
2026-06-12 09:08:02,508 [INFO] Robinhood login OK (session reused)
2026-06-12 09:08:02,609 [INFO] No open long option positions.
2026-06-12 09:09:01,398 [INFO] --- RobinhoodSafeGuard tick | ET 10:09 | mode=LIVE ---
2026-06-12 09:09:01,539 [INFO] Robinhood login OK (session reused)
2026-06-12 09:09:01,641 [INFO] No open long option positions.
2026-06-12 09:10:01,889 [INFO] --- RobinhoodSafeGuard tick | ET 10:10 | mode=LIVE ---
2026-06-12 09:10:02,058 [INFO] Robinhood login OK (session reused)
2026-06-12 09:10:02,178 [INFO] No open long option positions.
2026-06-12 09:11:01,800 [INFO] --- RobinhoodSafeGuard tick | ET 10:11 | mode=LIVE ---
2026-06-12 09:11:02,060 [INFO] Robinhood login OK (session reused)
2026-06-12 09:11:02,144 [INFO] No open long option positions.
2026-06-12 09:12:01,755 [INFO] --- RobinhoodSafeGuard tick | ET 10:12 | mode=LIVE ---
2026-06-12 09:12:01,945 [INFO] Robinhood login OK (session reused)
2026-06-12 09:12:02,058 [INFO] No open long option positions.
2026-06-12 09:13:02,164 [INFO] --- RobinhoodSafeGuard tick | ET 10:13 | mode=LIVE ---
2026-06-12 09:13:02,384 [INFO] Robinhood login OK (session reused)
2026-06-12 09:13:02,470 [INFO] No open long option positions.
2026-06-12 09:14:02,042 [INFO] --- RobinhoodSafeGuard tick | ET 10:14 | mode=LIVE ---
2026-06-12 09:14:02,212 [INFO] Robinhood login OK (session reused)
2026-06-12 09:14:02,309 [INFO] No open long option positions.
2026-06-12 09:15:01,729 [INFO] --- RobinhoodSafeGuard tick | ET 10:15 | mode=LIVE ---
2026-06-12 09:15:01,903 [INFO] Robinhood login OK (session reused)
2026-06-12 09:15:02,032 [INFO] No open long option positions.
2026-06-12 09:16:02,174 [INFO] --- RobinhoodSafeGuard tick | ET 10:16 | mode=LIVE ---
2026-06-12 09:16:02,354 [INFO] Robinhood login OK (session reused)
2026-06-12 09:16:02,454 [INFO] No open long option positions.
2026-06-12 09:17:01,337 [INFO] --- RobinhoodSafeGuard tick | ET 10:17 | mode=LIVE ---
2026-06-12 09:17:01,484 [INFO] Robinhood login OK (session reused)
2026-06-12 09:17:01,582 [INFO] No open long option positions.
2026-06-12 09:18:02,220 [INFO] --- RobinhoodSafeGuard tick | ET 10:18 | mode=LIVE ---
2026-06-12 09:18:02,549 [INFO] Robinhood login OK (session reused)
2026-06-12 09:18:02,652 [INFO] No open long option positions.
2026-06-12 09:19:01,393 [INFO] --- RobinhoodSafeGuard tick | ET 10:19 | mode=LIVE ---
2026-06-12 09:19:01,525 [INFO] Robinhood login OK (session reused)
2026-06-12 09:19:01,620 [INFO] No open long option positions.
2026-06-12 09:20:02,069 [INFO] --- RobinhoodSafeGuard tick | ET 10:20 | mode=LIVE ---
2026-06-12 09:20:02,194 [INFO] Robinhood login OK (session reused)
2026-06-12 09:20:02,313 [INFO] No open long option positions.
2026-06-12 09:21:02,241 [INFO] --- RobinhoodSafeGuard tick | ET 10:21 | mode=LIVE ---
2026-06-12 09:21:02,422 [INFO] Robinhood login OK (session reused)
2026-06-12 09:21:02,514 [INFO] No open long option positions.
2026-06-12 09:22:01,878 [INFO] --- RobinhoodSafeGuard tick | ET 10:22 | mode=LIVE ---
2026-06-12 09:22:01,998 [INFO] Robinhood login OK (session reused)
2026-06-12 09:22:02,086 [INFO] No open long option positions.
2026-06-12 09:23:01,731 [INFO] --- RobinhoodSafeGuard tick | ET 10:23 | mode=LIVE ---
2026-06-12 09:23:02,020 [INFO] Robinhood login OK (session reused)
2026-06-12 09:23:02,116 [INFO] No open long option positions.
2026-06-12 09:24:02,098 [INFO] --- RobinhoodSafeGuard tick | ET 10:24 | mode=LIVE ---
2026-06-12 09:24:02,220 [INFO] Robinhood login OK (session reused)
2026-06-12 09:24:02,311 [INFO] No open long option positions.
2026-06-12 09:25:01,763 [INFO] --- RobinhoodSafeGuard tick | ET 10:25 | mode=LIVE ---
2026-06-12 09:25:01,892 [INFO] Robinhood login OK (session reused)
2026-06-12 09:25:02,012 [INFO] No open long option positions.
2026-06-12 09:26:01,525 [INFO] --- RobinhoodSafeGuard tick | ET 10:26 | mode=LIVE ---
2026-06-12 09:26:01,738 [INFO] Robinhood login OK (session reused)
2026-06-12 09:26:01,827 [INFO] No open long option positions.
2026-06-12 09:27:01,718 [INFO] --- RobinhoodSafeGuard tick | ET 10:27 | mode=LIVE ---
2026-06-12 09:27:01,924 [INFO] Robinhood login OK (session reused)
2026-06-12 09:27:02,028 [INFO] No open long option positions.
2026-06-12 09:28:01,607 [INFO] --- RobinhoodSafeGuard tick | ET 10:28 | mode=LIVE ---
2026-06-12 09:28:01,885 [INFO] Robinhood login OK (session reused)
2026-06-12 09:28:01,983 [INFO] No open long option positions.
2026-06-12 09:29:01,428 [INFO] --- RobinhoodSafeGuard tick | ET 10:29 | mode=LIVE ---
2026-06-12 09:29:01,657 [INFO] Robinhood login OK (session reused)
2026-06-12 09:29:01,755 [INFO] No open long option positions.
2026-06-12 09:30:02,021 [INFO] --- RobinhoodSafeGuard tick | ET 10:30 | mode=LIVE ---
2026-06-12 09:30:02,267 [INFO] Robinhood login OK (session reused)
2026-06-12 09:30:02,395 [INFO] No open long option positions.
2026-06-12 09:31:01,829 [INFO] --- RobinhoodSafeGuard tick | ET 10:31 | mode=LIVE ---
2026-06-12 09:31:01,989 [INFO] Robinhood login OK (session reused)
2026-06-12 09:31:02,075 [INFO] No open long option positions.
2026-06-12 09:32:01,373 [INFO] --- RobinhoodSafeGuard tick | ET 10:32 | mode=LIVE ---
2026-06-12 09:32:01,492 [INFO] Robinhood login OK (session reused)
2026-06-12 09:32:01,580 [INFO] No open long option positions.
2026-06-12 09:33:01,665 [INFO] --- RobinhoodSafeGuard tick | ET 10:33 | mode=LIVE ---
2026-06-12 09:33:01,912 [INFO] Robinhood login OK (session reused)
2026-06-12 09:33:01,999 [INFO] No open long option positions.
2026-06-12 09:34:01,440 [INFO] --- RobinhoodSafeGuard tick | ET 10:34 | mode=LIVE ---
2026-06-12 09:34:01,645 [INFO] Robinhood login OK (session reused)
2026-06-12 09:34:01,743 [INFO] No open long option positions.
2026-06-12 09:35:01,888 [INFO] --- RobinhoodSafeGuard tick | ET 10:35 | mode=LIVE ---
2026-06-12 09:35:02,098 [INFO] Robinhood login OK (session reused)
2026-06-12 09:35:02,239 [INFO] No open long option positions.
2026-06-12 09:36:01,501 [INFO] --- RobinhoodSafeGuard tick | ET 10:36 | mode=LIVE ---
2026-06-12 09:36:01,698 [INFO] Robinhood login OK (session reused)
2026-06-12 09:36:01,786 [INFO] No open long option positions.
2026-06-12 09:37:01,626 [INFO] --- RobinhoodSafeGuard tick | ET 10:37 | mode=LIVE ---
2026-06-12 09:37:01,791 [INFO] Robinhood login OK (session reused)
2026-06-12 09:37:01,872 [INFO] No open long option positions.
2026-06-12 09:38:01,791 [INFO] --- RobinhoodSafeGuard tick | ET 10:38 | mode=LIVE ---
2026-06-12 09:38:02,021 [INFO] Robinhood login OK (session reused)
2026-06-12 09:38:02,106 [INFO] No open long option positions.
2026-06-12 09:39:01,476 [INFO] --- RobinhoodSafeGuard tick | ET 10:39 | mode=LIVE ---
2026-06-12 09:39:01,688 [INFO] Robinhood login OK (session reused)
2026-06-12 09:39:01,775 [INFO] No open long option positions.
2026-06-12 09:40:02,530 [INFO] --- RobinhoodSafeGuard tick | ET 10:40 | mode=LIVE ---
2026-06-12 09:40:02,677 [INFO] Robinhood login OK (session reused)
2026-06-12 09:40:02,797 [INFO] No open long option positions.
2026-06-12 09:41:01,429 [INFO] --- RobinhoodSafeGuard tick | ET 10:41 | mode=LIVE ---
2026-06-12 09:41:01,545 [INFO] Robinhood login OK (session reused)
2026-06-12 09:41:01,633 [INFO] No open long option positions.
2026-06-12 09:42:01,321 [INFO] --- RobinhoodSafeGuard tick | ET 10:42 | mode=LIVE ---
2026-06-12 09:42:01,517 [INFO] Robinhood login OK (session reused)
2026-06-12 09:42:01,605 [INFO] No open long option positions.
2026-06-12 09:43:01,341 [INFO] --- RobinhoodSafeGuard tick | ET 10:43 | mode=LIVE ---
2026-06-12 09:43:01,589 [INFO] Robinhood login OK (session reused)
2026-06-12 09:43:01,676 [INFO] No open long option positions.
2026-06-12 09:44:02,019 [INFO] --- RobinhoodSafeGuard tick | ET 10:44 | mode=LIVE ---
2026-06-12 09:44:02,204 [INFO] Robinhood login OK (session reused)
2026-06-12 09:44:02,291 [INFO] No open long option positions.
2026-06-12 09:45:02,019 [INFO] --- RobinhoodSafeGuard tick | ET 10:45 | mode=LIVE ---
2026-06-12 09:45:02,219 [INFO] Robinhood login OK (session reused)
2026-06-12 09:45:02,338 [INFO] No open long option positions.
2026-06-12 09:46:01,553 [INFO] --- RobinhoodSafeGuard tick | ET 10:46 | mode=LIVE ---
2026-06-12 09:46:01,671 [INFO] Robinhood login OK (session reused)
2026-06-12 09:46:01,759 [INFO] No open long option positions.
2026-06-12 09:47:02,193 [INFO] --- RobinhoodSafeGuard tick | ET 10:47 | mode=LIVE ---
2026-06-12 09:47:02,411 [INFO] Robinhood login OK (session reused)
2026-06-12 09:47:02,506 [INFO] No open long option positions.
2026-06-12 09:48:01,837 [INFO] --- RobinhoodSafeGuard tick | ET 10:48 | mode=LIVE ---
2026-06-12 09:48:02,035 [INFO] Robinhood login OK (session reused)
2026-06-12 09:48:02,131 [INFO] No open long option positions.
2026-06-12 09:49:01,365 [INFO] --- RobinhoodSafeGuard tick | ET 10:49 | mode=LIVE ---
2026-06-12 09:49:01,559 [INFO] Robinhood login OK (session reused)
2026-06-12 09:49:01,654 [INFO] No open long option positions.
2026-06-12 09:50:02,159 [INFO] --- RobinhoodSafeGuard tick | ET 10:50 | mode=LIVE ---
2026-06-12 09:50:02,350 [INFO] Robinhood login OK (session reused)
2026-06-12 09:50:02,455 [INFO] No open long option positions.
2026-06-12 09:51:02,128 [INFO] --- RobinhoodSafeGuard tick | ET 10:51 | mode=LIVE ---
2026-06-12 09:51:02,329 [INFO] Robinhood login OK (session reused)
2026-06-12 09:51:02,470 [INFO] No open long option positions.
2026-06-12 09:52:01,513 [INFO] --- RobinhoodSafeGuard tick | ET 10:52 | mode=LIVE ---
2026-06-12 09:52:01,654 [INFO] Robinhood login OK (session reused)
2026-06-12 09:52:01,745 [INFO] No open long option positions.
2026-06-12 09:53:01,530 [INFO] --- RobinhoodSafeGuard tick | ET 10:53 | mode=LIVE ---
2026-06-12 09:53:01,775 [INFO] Robinhood login OK (session reused)
2026-06-12 09:53:01,863 [INFO] No open long option positions.
2026-06-12 09:54:02,147 [INFO] --- RobinhoodSafeGuard tick | ET 10:54 | mode=LIVE ---
2026-06-12 09:54:02,329 [INFO] Robinhood login OK (session reused)
2026-06-12 09:54:02,416 [INFO] No open long option positions.
2026-06-12 09:55:02,112 [INFO] --- RobinhoodSafeGuard tick | ET 10:55 | mode=LIVE ---
2026-06-12 09:55:02,284 [INFO] Robinhood login OK (session reused)
2026-06-12 09:55:02,367 [INFO] No open long option positions.
2026-06-12 09:56:01,793 [INFO] --- RobinhoodSafeGuard tick | ET 10:56 | mode=LIVE ---
2026-06-12 09:56:01,913 [INFO] Robinhood login OK (session reused)
2026-06-12 09:56:02,004 [INFO] No open long option positions.
2026-06-12 09:57:01,975 [INFO] --- RobinhoodSafeGuard tick | ET 10:57 | mode=LIVE ---
2026-06-12 09:57:02,197 [INFO] Robinhood login OK (session reused)
2026-06-12 09:57:02,319 [INFO] No open long option positions.
2026-06-12 09:58:01,288 [INFO] --- RobinhoodSafeGuard tick | ET 10:58 | mode=LIVE ---
2026-06-12 09:58:01,515 [INFO] Robinhood login OK (session reused)
2026-06-12 09:58:01,609 [INFO] No open long option positions.
2026-06-12 09:59:01,840 [INFO] --- RobinhoodSafeGuard tick | ET 10:59 | mode=LIVE ---
2026-06-12 09:59:02,023 [INFO] Robinhood login OK (session reused)
2026-06-12 09:59:02,120 [INFO] No open long option positions.
2026-06-12 10:00:01,646 [INFO] --- RobinhoodSafeGuard tick | ET 11:00 | mode=LIVE ---
2026-06-12 10:00:01,863 [INFO] Robinhood login OK (session reused)
2026-06-12 10:00:01,970 [INFO] No open long option positions.
2026-06-12 10:01:01,534 [INFO] --- RobinhoodSafeGuard tick | ET 11:01 | mode=LIVE ---
2026-06-12 10:01:01,760 [INFO] Robinhood login OK (session reused)
2026-06-12 10:01:01,851 [INFO] No open long option positions.
2026-06-12 10:02:01,664 [INFO] --- RobinhoodSafeGuard tick | ET 11:02 | mode=LIVE ---
2026-06-12 10:02:01,854 [INFO] Robinhood login OK (session reused)
2026-06-12 10:02:01,977 [INFO] No open long option positions.
2026-06-12 10:03:01,817 [INFO] --- RobinhoodSafeGuard tick | ET 11:03 | mode=LIVE ---
2026-06-12 10:03:02,083 [INFO] Robinhood login OK (session reused)
2026-06-12 10:03:02,177 [INFO] No open long option positions.
2026-06-12 10:04:01,281 [INFO] --- RobinhoodSafeGuard tick | ET 11:04 | mode=LIVE ---
2026-06-12 10:04:01,490 [INFO] Robinhood login OK (session reused)
2026-06-12 10:04:01,653 [INFO] No open long option positions.
2026-06-12 10:05:01,526 [INFO] --- RobinhoodSafeGuard tick | ET 11:05 | mode=LIVE ---
2026-06-12 10:05:01,708 [INFO] Robinhood login OK (session reused)
2026-06-12 10:05:01,787 [INFO] No open long option positions.
2026-06-12 10:06:02,167 [INFO] --- RobinhoodSafeGuard tick | ET 11:06 | mode=LIVE ---
2026-06-12 10:06:02,361 [INFO] Robinhood login OK (session reused)
2026-06-12 10:06:02,474 [INFO] No open long option positions.
2026-06-12 10:07:01,562 [INFO] --- RobinhoodSafeGuard tick | ET 11:07 | mode=LIVE ---
2026-06-12 10:07:01,700 [INFO] Robinhood login OK (session reused)
2026-06-12 10:07:01,810 [INFO] No open long option positions.
2026-06-12 10:08:02,262 [INFO] --- RobinhoodSafeGuard tick | ET 11:08 | mode=LIVE ---
2026-06-12 10:08:02,527 [INFO] Robinhood login OK (session reused)
2026-06-12 10:08:02,623 [INFO] No open long option positions.
2026-06-12 10:09:02,014 [INFO] --- RobinhoodSafeGuard tick | ET 11:09 | mode=LIVE ---
2026-06-12 10:09:02,226 [INFO] Robinhood login OK (session reused)
2026-06-12 10:09:02,333 [INFO] No open long option positions.
2026-06-12 10:10:01,670 [INFO] --- RobinhoodSafeGuard tick | ET 11:10 | mode=LIVE ---
2026-06-12 10:10:01,817 [INFO] Robinhood login OK (session reused)
2026-06-12 10:10:01,912 [INFO] No open long option positions.
2026-06-12 10:11:01,318 [INFO] --- RobinhoodSafeGuard tick | ET 11:11 | mode=LIVE ---
2026-06-12 10:11:01,471 [INFO] Robinhood login OK (session reused)
2026-06-12 10:11:01,558 [INFO] No open long option positions.
2026-06-12 10:12:01,957 [INFO] --- RobinhoodSafeGuard tick | ET 11:12 | mode=LIVE ---
2026-06-12 10:12:02,180 [INFO] Robinhood login OK (session reused)
2026-06-12 10:12:02,304 [INFO] No open long option positions.
2026-06-12 10:13:01,867 [INFO] --- RobinhoodSafeGuard tick | ET 11:13 | mode=LIVE ---
2026-06-12 10:13:02,005 [INFO] Robinhood login OK (session reused)
2026-06-12 10:13:02,103 [INFO] No open long option positions.
2026-06-12 10:14:01,552 [INFO] --- RobinhoodSafeGuard tick | ET 11:14 | mode=LIVE ---
2026-06-12 10:14:01,794 [INFO] Robinhood login OK (session reused)
2026-06-12 10:14:01,887 [INFO] No open long option positions.
2026-06-12 10:15:02,260 [INFO] --- RobinhoodSafeGuard tick | ET 11:15 | mode=LIVE ---
2026-06-12 10:15:02,445 [INFO] Robinhood login OK (session reused)
2026-06-12 10:15:02,540 [INFO] No open long option positions.
2026-06-12 10:16:01,506 [INFO] --- RobinhoodSafeGuard tick | ET 11:16 | mode=LIVE ---
2026-06-12 10:16:01,631 [INFO] Robinhood login OK (session reused)
2026-06-12 10:16:01,728 [INFO] No open long option positions.
2026-06-12 10:17:01,547 [INFO] --- RobinhoodSafeGuard tick | ET 11:17 | mode=LIVE ---
2026-06-12 10:17:01,765 [INFO] Robinhood login OK (session reused)
2026-06-12 10:17:01,895 [INFO] No open long option positions.
2026-06-12 10:18:01,762 [INFO] --- RobinhoodSafeGuard tick | ET 11:18 | mode=LIVE ---
2026-06-12 10:18:01,954 [INFO] Robinhood login OK (session reused)
2026-06-12 10:18:02,044 [INFO] No open long option positions.
2026-06-12 10:19:01,634 [INFO] --- RobinhoodSafeGuard tick | ET 11:19 | mode=LIVE ---
2026-06-12 10:19:01,878 [INFO] Robinhood login OK (session reused)
2026-06-12 10:19:01,978 [INFO] No open long option positions.
2026-06-12 10:20:02,133 [INFO] --- RobinhoodSafeGuard tick | ET 11:20 | mode=LIVE ---
2026-06-12 10:20:02,328 [INFO] Robinhood login OK (session reused)
2026-06-12 10:20:02,420 [INFO] No open long option positions.
2026-06-12 10:21:02,124 [INFO] --- RobinhoodSafeGuard tick | ET 11:21 | mode=LIVE ---
2026-06-12 10:21:02,300 [INFO] Robinhood login OK (session reused)
2026-06-12 10:21:02,387 [INFO] No open long option positions.
2026-06-12 10:22:01,577 [INFO] --- RobinhoodSafeGuard tick | ET 11:22 | mode=LIVE ---
2026-06-12 10:22:01,696 [INFO] Robinhood login OK (session reused)
2026-06-12 10:22:01,815 [INFO] No open long option positions.
2026-06-12 10:23:01,482 [INFO] --- RobinhoodSafeGuard tick | ET 11:23 | mode=LIVE ---
2026-06-12 10:23:01,684 [INFO] Robinhood login OK (session reused)
2026-06-12 10:23:01,772 [INFO] No open long option positions.
2026-06-12 10:24:01,683 [INFO] --- RobinhoodSafeGuard tick | ET 11:24 | mode=LIVE ---
2026-06-12 10:24:01,934 [INFO] Robinhood login OK (session reused)
2026-06-12 10:24:02,034 [INFO] No open long option positions.
2026-06-12 10:25:02,044 [INFO] --- RobinhoodSafeGuard tick | ET 11:25 | mode=LIVE ---
2026-06-12 10:25:02,163 [INFO] Robinhood login OK (session reused)
2026-06-12 10:25:02,249 [INFO] No open long option positions.
2026-06-12 10:26:01,596 [INFO] --- RobinhoodSafeGuard tick | ET 11:26 | mode=LIVE ---
2026-06-12 10:26:01,790 [INFO] Robinhood login OK (session reused)
2026-06-12 10:26:01,883 [INFO] No open long option positions.
2026-06-12 10:27:01,565 [INFO] --- RobinhoodSafeGuard tick | ET 11:27 | mode=LIVE ---
2026-06-12 10:27:01,746 [INFO] Robinhood login OK (session reused)
2026-06-12 10:27:01,839 [INFO] No open long option positions.
2026-06-12 10:28:01,326 [INFO] --- RobinhoodSafeGuard tick | ET 11:28 | mode=LIVE ---
2026-06-12 10:28:01,511 [INFO] Robinhood login OK (session reused)
2026-06-12 10:28:01,650 [INFO] No open long option positions.
2026-06-12 10:29:01,942 [INFO] --- RobinhoodSafeGuard tick | ET 11:29 | mode=LIVE ---
2026-06-12 10:29:02,198 [INFO] Robinhood login OK (session reused)
2026-06-12 10:29:02,290 [INFO] No open long option positions.
2026-06-12 10:30:02,226 [INFO] --- RobinhoodSafeGuard tick | ET 11:30 | mode=LIVE ---
2026-06-12 10:30:02,429 [INFO] Robinhood login OK (session reused)
2026-06-12 10:30:02,516 [INFO] No open long option positions.
2026-06-12 10:31:01,945 [INFO] --- RobinhoodSafeGuard tick | ET 11:31 | mode=LIVE ---
2026-06-12 10:31:02,069 [INFO] Robinhood login OK (session reused)
2026-06-12 10:31:02,152 [INFO] No open long option positions.
2026-06-12 10:32:01,520 [INFO] --- RobinhoodSafeGuard tick | ET 11:32 | mode=LIVE ---
2026-06-12 10:32:01,749 [INFO] Robinhood login OK (session reused)
2026-06-12 10:32:01,848 [INFO] No open long option positions.
2026-06-12 10:33:01,486 [INFO] --- RobinhoodSafeGuard tick | ET 11:33 | mode=LIVE ---
2026-06-12 10:33:01,706 [INFO] Robinhood login OK (session reused)
2026-06-12 10:33:01,836 [INFO] No open long option positions.
2026-06-12 10:34:01,278 [INFO] --- RobinhoodSafeGuard tick | ET 11:34 | mode=LIVE ---
2026-06-12 10:34:01,555 [INFO] Robinhood login OK (session reused)
2026-06-12 10:34:01,727 [INFO] No open long option positions.
2026-06-12 10:35:02,224 [INFO] --- RobinhoodSafeGuard tick | ET 11:35 | mode=LIVE ---
2026-06-12 10:35:02,399 [INFO] Robinhood login OK (session reused)
2026-06-12 10:35:02,487 [INFO] No open long option positions.
2026-06-12 10:36:01,859 [INFO] --- RobinhoodSafeGuard tick | ET 11:36 | mode=LIVE ---
2026-06-12 10:36:01,992 [INFO] Robinhood login OK (session reused)
2026-06-12 10:36:02,092 [INFO] No open long option positions.
2026-06-12 10:37:01,861 [INFO] --- RobinhoodSafeGuard tick | ET 11:37 | mode=LIVE ---
2026-06-12 10:37:02,055 [INFO] Robinhood login OK (session reused)
2026-06-12 10:37:02,149 [INFO] No open long option positions.
2026-06-12 10:38:01,797 [INFO] --- RobinhoodSafeGuard tick | ET 11:38 | mode=LIVE ---
2026-06-12 10:38:01,980 [INFO] Robinhood login OK (session reused)
2026-06-12 10:38:02,089 [INFO] No open long option positions.
2026-06-12 10:39:02,157 [INFO] --- RobinhoodSafeGuard tick | ET 11:39 | mode=LIVE ---
2026-06-12 10:39:02,350 [INFO] Robinhood login OK (session reused)
2026-06-12 10:39:02,448 [INFO] No open long option positions.
2026-06-12 10:40:01,539 [INFO] --- RobinhoodSafeGuard tick | ET 11:40 | mode=LIVE ---
2026-06-12 10:40:01,653 [INFO] Robinhood login OK (session reused)
2026-06-12 10:40:01,742 [INFO] No open long option positions.
2026-06-12 10:41:02,014 [INFO] --- RobinhoodSafeGuard tick | ET 11:41 | mode=LIVE ---
2026-06-12 10:41:02,257 [INFO] Robinhood login OK (session reused)
2026-06-12 10:41:02,347 [INFO] No open long option positions.
2026-06-12 10:42:01,901 [INFO] --- RobinhoodSafeGuard tick | ET 11:42 | mode=LIVE ---
2026-06-12 10:42:02,040 [INFO] Robinhood login OK (session reused)
2026-06-12 10:42:02,134 [INFO] No open long option positions.
2026-06-12 10:43:01,964 [INFO] --- RobinhoodSafeGuard tick | ET 11:43 | mode=LIVE ---
2026-06-12 10:43:02,174 [INFO] Robinhood login OK (session reused)
2026-06-12 10:43:02,296 [INFO] No open long option positions.
2026-06-12 10:44:01,296 [INFO] --- RobinhoodSafeGuard tick | ET 11:44 | mode=LIVE ---
2026-06-12 10:44:01,440 [INFO] Robinhood login OK (session reused)
2026-06-12 10:44:01,532 [INFO] No open long option positions.
2026-06-12 10:45:01,731 [INFO] --- RobinhoodSafeGuard tick | ET 11:45 | mode=LIVE ---
2026-06-12 10:45:02,000 [INFO] Robinhood login OK (session reused)
2026-06-12 10:45:02,083 [INFO] No open long option positions.
2026-06-12 10:46:02,065 [INFO] --- RobinhoodSafeGuard tick | ET 11:46 | mode=LIVE ---
2026-06-12 10:46:02,317 [INFO] Robinhood login OK (session reused)
2026-06-12 10:46:02,406 [INFO] No open long option positions.
2026-06-12 10:47:01,567 [INFO] --- RobinhoodSafeGuard tick | ET 11:47 | mode=LIVE ---
2026-06-12 10:47:01,678 [INFO] Robinhood login OK (session reused)
2026-06-12 10:47:01,767 [INFO] No open long option positions.
2026-06-12 10:48:02,100 [INFO] --- RobinhoodSafeGuard tick | ET 11:48 | mode=LIVE ---
2026-06-12 10:48:02,626 [INFO] Robinhood login OK (session reused)
2026-06-12 10:48:02,913 [INFO] No open long option positions.
2026-06-12 10:49:01,731 [INFO] --- RobinhoodSafeGuard tick | ET 11:49 | mode=LIVE ---
2026-06-12 10:50:02,360 [INFO] --- RobinhoodSafeGuard tick | ET 11:50 | mode=LIVE ---
2026-06-12 10:50:02,685 [INFO] Robinhood login OK (session reused)
2026-06-12 10:50:03,133 [INFO] No open long option positions.
2026-06-12 10:51:01,616 [INFO] --- RobinhoodSafeGuard tick | ET 11:51 | mode=LIVE ---
2026-06-12 10:52:01,689 [INFO] --- RobinhoodSafeGuard tick | ET 11:52 | mode=LIVE ---
2026-06-12 10:53:01,690 [INFO] --- RobinhoodSafeGuard tick | ET 11:53 | mode=LIVE ---
2026-06-12 10:53:54,401 [INFO] Robinhood login OK (session reused)
2026-06-12 10:53:54,401 [ERROR] get_open_option_positions error: get_open_option_positions can only be called when logged in
2026-06-12 10:53:54,401 [INFO] No open long option positions.
2026-06-12 10:53:55,689 [INFO] Robinhood login OK (session reused)
2026-06-12 10:53:55,690 [ERROR] get_open_option_positions error: get_open_option_positions can only be called when logged in
2026-06-12 10:53:55,690 [INFO] No open long option positions.
2026-06-12 10:53:56,293 [INFO] Robinhood login OK (session reused)
2026-06-12 10:53:56,294 [ERROR] get_open_option_positions error: get_open_option_positions can only be called when logged in
2026-06-12 10:53:56,294 [INFO] No open long option positions.
2026-06-12 10:53:58,117 [INFO] Robinhood login OK (session reused)
2026-06-12 10:53:58,118 [ERROR] get_open_option_positions error: get_open_option_positions can only be called when logged in
2026-06-12 10:53:58,119 [INFO] No open long option positions.
2026-06-12 10:54:02,233 [INFO] --- RobinhoodSafeGuard tick | ET 11:54 | mode=LIVE ---
2026-06-12 10:54:02,617 [INFO] Robinhood login OK (session reused)
2026-06-12 10:54:02,710 [INFO] No open long option positions.
2026-06-12 10:55:01,645 [INFO] --- RobinhoodSafeGuard tick | ET 11:55 | mode=LIVE ---
2026-06-12 10:56:01,491 [INFO] --- RobinhoodSafeGuard tick | ET 11:56 | mode=LIVE ---
2026-06-12 10:56:01,660 [INFO] Robinhood login OK (session reused)
2026-06-12 10:56:01,729 [INFO] No open long option positions.
2026-06-12 10:57:01,397 [INFO] --- RobinhoodSafeGuard tick | ET 11:57 | mode=LIVE ---
2026-06-12 10:57:25,148 [INFO] Robinhood login OK (session reused)
2026-06-12 10:57:25,148 [ERROR] get_open_option_positions error: get_open_option_positions can only be called when logged in
2026-06-12 10:57:25,148 [INFO] No open long option positions.
2026-06-12 10:57:29,249 [INFO] Robinhood login OK (session reused)
2026-06-12 10:57:29,250 [ERROR] get_open_option_positions error: get_open_option_positions can only be called when logged in
2026-06-12 10:57:29,250 [INFO] No open long option positions.
2026-06-12 10:58:01,542 [INFO] --- RobinhoodSafeGuard tick | ET 11:58 | mode=LIVE ---
2026-06-12 10:58:13,619 [INFO] Robinhood login OK (session reused)
2026-06-12 10:58:13,620 [ERROR] get_open_option_positions error: get_open_option_positions can only be called when logged in
2026-06-12 10:58:13,620 [INFO] No open long option positions.
2026-06-12 10:59:01,647 [INFO] --- RobinhoodSafeGuard tick | ET 11:59 | mode=LIVE ---
2026-06-12 10:59:01,836 [INFO] Robinhood login OK (session reused)
2026-06-12 10:59:01,957 [INFO] No open long option positions.
2026-06-12 11:00:02,347 [INFO] --- RobinhoodSafeGuard tick | ET 12:00 | mode=LIVE ---
2026-06-12 11:01:01,986 [INFO] --- RobinhoodSafeGuard tick | ET 12:01 | mode=LIVE ---
2026-06-12 11:02:01,509 [INFO] --- RobinhoodSafeGuard tick | ET 12:02 | mode=LIVE ---
2026-06-12 11:03:01,676 [INFO] --- RobinhoodSafeGuard tick | ET 12:03 | mode=LIVE ---
2026-06-12 11:03:59,505 [INFO] Robinhood login OK (session reused)
2026-06-12 11:03:59,506 [ERROR] get_open_option_positions error: get_open_option_positions can only be called when logged in
2026-06-12 11:03:59,506 [INFO] No open long option positions.
2026-06-12 11:04:01,799 [INFO] --- RobinhoodSafeGuard tick | ET 12:04 | mode=LIVE ---
2026-06-12 11:04:55,377 [INFO] Robinhood login OK (session reused)
2026-06-12 11:04:55,378 [ERROR] get_open_option_positions error: get_open_option_positions can only be called when logged in
2026-06-12 11:04:55,378 [INFO] No open long option positions.
2026-06-12 11:04:55,442 [INFO] Robinhood login OK (session reused)
2026-06-12 11:04:55,443 [ERROR] get_open_option_positions error: get_open_option_positions can only be called when logged in
2026-06-12 11:04:55,443 [INFO] No open long option positions.
2026-06-12 11:04:57,706 [INFO] Robinhood login OK (session reused)
2026-06-12 11:04:57,706 [ERROR] get_open_option_positions error: get_open_option_positions can only be called when logged in
2026-06-12 11:04:57,707 [INFO] No open long option positions.
2026-06-12 11:04:58,431 [INFO] Robinhood login OK (session reused)
2026-06-12 11:04:58,431 [ERROR] get_open_option_positions error: get_open_option_positions can only be called when logged in
2026-06-12 11:04:58,431 [INFO] No open long option positions.
2026-06-12 11:05:02,199 [INFO] --- RobinhoodSafeGuard tick | ET 12:05 | mode=LIVE ---
2026-06-12 11:05:24,630 [INFO] Robinhood login OK (session reused)
2026-06-12 11:05:24,630 [ERROR] get_open_option_positions error: get_open_option_positions can only be called when logged in
2026-06-12 11:05:24,630 [INFO] No open long option positions.
2026-06-12 11:06:01,925 [INFO] --- RobinhoodSafeGuard tick | ET 12:06 | mode=LIVE ---
2026-06-12 11:06:14,635 [INFO] Robinhood login OK (session reused)
2026-06-12 11:06:14,635 [ERROR] get_open_option_positions error: get_open_option_positions can only be called when logged in
2026-06-12 11:06:14,636 [INFO] No open long option positions.
2026-06-12 11:07:02,156 [INFO] --- RobinhoodSafeGuard tick | ET 12:07 | mode=LIVE ---
2026-06-12 11:07:03,701 [INFO] Robinhood login OK (session reused)
2026-06-12 11:07:04,710 [INFO] No open long option positions.
2026-06-12 11:08:02,156 [INFO] --- RobinhoodSafeGuard tick | ET 12:08 | mode=LIVE ---
2026-06-12 11:08:14,257 [INFO] Robinhood login OK (session reused)
2026-06-12 11:08:14,258 [ERROR] get_open_option_positions error: get_open_option_positions can only be called when logged in
2026-06-12 11:08:14,258 [INFO] No open long option positions.
2026-06-12 11:09:01,549 [INFO] --- RobinhoodSafeGuard tick | ET 12:09 | mode=LIVE ---
2026-06-12 11:09:14,578 [INFO] Robinhood login OK (session reused)
2026-06-12 11:09:14,578 [ERROR] get_open_option_positions error: get_open_option_positions can only be called when logged in
2026-06-12 11:09:14,578 [INFO] No open long option positions.
2026-06-12 11:10:02,033 [INFO] --- RobinhoodSafeGuard tick | ET 12:10 | mode=LIVE ---
2026-06-12 11:10:14,537 [INFO] Robinhood login OK (session reused)
2026-06-12 11:10:14,538 [ERROR] get_open_option_positions error: get_open_option_positions can only be called when logged in
2026-06-12 11:10:14,538 [INFO] No open long option positions.
2026-06-12 11:11:01,824 [INFO] --- RobinhoodSafeGuard tick | ET 12:11 | mode=LIVE ---
2026-06-12 11:11:13,619 [INFO] Robinhood login OK (session reused)
2026-06-12 11:11:13,620 [ERROR] get_open_option_positions error: get_open_option_positions can only be called when logged in
2026-06-12 11:11:13,620 [INFO] No open long option positions.
2026-06-12 11:12:01,533 [INFO] --- RobinhoodSafeGuard tick | ET 12:12 | mode=LIVE ---
2026-06-12 11:12:13,487 [INFO] Robinhood login OK (session reused)
2026-06-12 11:12:13,487 [ERROR] get_open_option_positions error: get_open_option_positions can only be called when logged in
2026-06-12 11:12:13,487 [INFO] No open long option positions.
2026-06-12 11:13:01,780 [INFO] --- RobinhoodSafeGuard tick | ET 12:13 | mode=LIVE ---
2026-06-12 11:13:13,304 [INFO] Robinhood login OK (session reused)
2026-06-12 11:13:13,305 [ERROR] get_open_option_positions error: get_open_option_positions can only be called when logged in
2026-06-12 11:13:13,305 [INFO] No open long option positions.
2026-06-12 11:14:01,528 [INFO] --- RobinhoodSafeGuard tick | ET 12:14 | mode=LIVE ---
2026-06-12 11:14:13,190 [INFO] Robinhood login OK (session reused)
2026-06-12 11:14:13,191 [ERROR] get_open_option_positions error: get_open_option_positions can only be called when logged in
2026-06-12 11:14:13,191 [INFO] No open long option positions.
2026-06-12 11:15:02,243 [INFO] --- RobinhoodSafeGuard tick | ET 12:15 | mode=LIVE ---
2026-06-12 11:15:13,809 [INFO] Robinhood login OK (session reused)
2026-06-12 11:15:13,809 [ERROR] get_open_option_positions error: get_open_option_positions can only be called when logged in
2026-06-12 11:15:13,809 [INFO] No open long option positions.
2026-06-12 11:16:02,017 [INFO] --- RobinhoodSafeGuard tick | ET 12:16 | mode=LIVE ---
2026-06-12 11:16:14,432 [INFO] Robinhood login OK (session reused)
2026-06-12 11:16:14,433 [ERROR] get_open_option_positions error: get_open_option_positions can only be called when logged in
2026-06-12 11:16:14,433 [INFO] No open long option positions.
2026-06-12 11:17:01,814 [INFO] --- RobinhoodSafeGuard tick | ET 12:17 | mode=LIVE ---
2026-06-12 11:17:13,485 [INFO] Robinhood login OK (session reused)
2026-06-12 11:17:13,485 [ERROR] get_open_option_positions error: get_open_option_positions can only be called when logged in
2026-06-12 11:17:13,486 [INFO] No open long option positions.
2026-06-12 11:18:02,009 [INFO] --- RobinhoodSafeGuard tick | ET 12:18 | mode=LIVE ---
2026-06-12 11:18:14,311 [INFO] Robinhood login OK (session reused)
2026-06-12 11:18:14,312 [ERROR] get_open_option_positions error: get_open_option_positions can only be called when logged in
2026-06-12 11:18:14,312 [INFO] No open long option positions.
2026-06-12 11:19:01,822 [INFO] --- RobinhoodSafeGuard tick | ET 12:19 | mode=LIVE ---
2026-06-12 11:19:13,666 [INFO] Robinhood login OK (session reused)
2026-06-12 11:19:13,666 [ERROR] get_open_option_positions error: get_open_option_positions can only be called when logged in
2026-06-12 11:19:13,667 [INFO] No open long option positions.
2026-06-12 11:20:02,066 [INFO] --- RobinhoodSafeGuard tick | ET 12:20 | mode=LIVE ---
2026-06-12 11:20:14,442 [INFO] Robinhood login OK (session reused)
2026-06-12 11:20:14,443 [ERROR] get_open_option_positions error: get_open_option_positions can only be called when logged in
2026-06-12 11:20:14,443 [INFO] No open long option positions.
2026-06-12 11:21:01,588 [INFO] --- RobinhoodSafeGuard tick | ET 12:21 | mode=LIVE ---
2026-06-12 11:21:13,050 [INFO] Robinhood login OK (session reused)
2026-06-12 11:21:13,050 [ERROR] get_open_option_positions error: get_open_option_positions can only be called when logged in
2026-06-12 11:21:13,051 [INFO] No open long option positions.
2026-06-12 11:22:02,103 [INFO] --- RobinhoodSafeGuard tick | ET 12:22 | mode=LIVE ---
2026-06-12 11:22:13,471 [INFO] Robinhood login OK (session reused)
2026-06-12 11:22:13,472 [ERROR] get_open_option_positions error: get_open_option_positions can only be called when logged in
2026-06-12 11:22:13,472 [INFO] No open long option positions.
2026-06-12 11:23:01,344 [INFO] --- RobinhoodSafeGuard tick | ET 12:23 | mode=LIVE ---
2026-06-12 11:23:12,558 [INFO] Robinhood login OK (session reused)
2026-06-12 11:23:12,558 [ERROR] get_open_option_positions error: get_open_option_positions can only be called when logged in
2026-06-12 11:23:12,558 [INFO] No open long option positions.
2026-06-12 11:24:01,337 [INFO] --- RobinhoodSafeGuard tick | ET 12:24 | mode=LIVE ---
2026-06-12 11:24:12,850 [INFO] Robinhood login OK (session reused)
2026-06-12 11:24:12,850 [ERROR] get_open_option_positions error: get_open_option_positions can only be called when logged in
2026-06-12 11:24:12,851 [INFO] No open long option positions.
2026-06-12 11:25:01,568 [INFO] --- RobinhoodSafeGuard tick | ET 12:25 | mode=LIVE ---
2026-06-12 11:25:13,289 [INFO] Robinhood login OK (session reused)
2026-06-12 11:25:13,290 [ERROR] get_open_option_positions error: get_open_option_positions can only be called when logged in
2026-06-12 11:25:13,290 [INFO] No open long option positions.
2026-06-12 11:26:01,457 [INFO] --- RobinhoodSafeGuard tick | ET 12:26 | mode=LIVE ---
2026-06-12 11:26:12,925 [INFO] Robinhood login OK (session reused)
2026-06-12 11:26:12,925 [ERROR] get_open_option_positions error: get_open_option_positions can only be called when logged in
2026-06-12 11:26:12,926 [INFO] No open long option positions.
2026-06-12 11:27:01,951 [INFO] --- RobinhoodSafeGuard tick | ET 12:27 | mode=LIVE ---
2026-06-12 11:27:13,540 [INFO] Robinhood login OK (session reused)
2026-06-12 11:27:13,541 [ERROR] get_open_option_positions error: get_open_option_positions can only be called when logged in
2026-06-12 11:27:13,541 [INFO] No open long option positions.
2026-06-12 11:28:02,019 [INFO] --- RobinhoodSafeGuard tick | ET 12:28 | mode=LIVE ---
2026-06-12 11:28:13,612 [INFO] Robinhood login OK (session reused)
2026-06-12 11:28:13,612 [ERROR] get_open_option_positions error: get_open_option_positions can only be called when logged in
2026-06-12 11:28:13,613 [INFO] No open long option positions.
2026-06-12 11:29:02,109 [INFO] --- RobinhoodSafeGuard tick | ET 12:29 | mode=LIVE ---
2026-06-12 11:29:13,392 [INFO] Robinhood login OK (session reused)
2026-06-12 11:29:13,392 [ERROR] get_open_option_positions error: get_open_option_positions can only be called when logged in
2026-06-12 11:29:13,392 [INFO] No open long option positions.
2026-06-12 11:30:01,758 [INFO] --- RobinhoodSafeGuard tick | ET 12:30 | mode=LIVE ---
2026-06-12 11:30:13,507 [INFO] Robinhood login OK (session reused)
2026-06-12 11:30:13,507 [ERROR] get_open_option_positions error: get_open_option_positions can only be called when logged in
2026-06-12 11:30:13,508 [INFO] No open long option positions.
2026-06-12 11:31:01,872 [INFO] --- RobinhoodSafeGuard tick | ET 12:31 | mode=LIVE ---
2026-06-12 11:31:13,431 [INFO] Robinhood login OK (session reused)
2026-06-12 11:31:13,432 [ERROR] get_open_option_positions error: get_open_option_positions can only be called when logged in
2026-06-12 11:31:13,432 [INFO] No open long option positions.
2026-06-12 11:32:01,933 [INFO] --- RobinhoodSafeGuard tick | ET 12:32 | mode=LIVE ---
2026-06-12 11:32:13,768 [INFO] Robinhood login OK (session reused)
2026-06-12 11:32:13,768 [ERROR] get_open_option_positions error: get_open_option_positions can only be called when logged in
2026-06-12 11:32:13,769 [INFO] No open long option positions.
2026-06-12 11:33:01,700 [INFO] --- RobinhoodSafeGuard tick | ET 12:33 | mode=LIVE ---
2026-06-12 11:33:13,519 [INFO] Robinhood login OK (session reused)
2026-06-12 11:33:13,519 [ERROR] get_open_option_positions error: get_open_option_positions can only be called when logged in
2026-06-12 11:33:13,519 [INFO] No open long option positions.
2026-06-12 11:34:01,995 [INFO] --- RobinhoodSafeGuard tick | ET 12:34 | mode=LIVE ---
2026-06-12 11:34:14,070 [INFO] Robinhood login OK (session reused)
2026-06-12 11:34:14,071 [ERROR] get_open_option_positions error: get_open_option_positions can only be called when logged in
2026-06-12 11:34:14,071 [INFO] No open long option positions.
2026-06-12 11:35:01,857 [INFO] --- RobinhoodSafeGuard tick | ET 12:35 | mode=LIVE ---
2026-06-12 11:35:13,370 [INFO] Robinhood login OK (session reused)
2026-06-12 11:35:13,371 [ERROR] get_open_option_positions error: get_open_option_positions can only be called when logged in
2026-06-12 11:35:13,371 [INFO] No open long option positions.
2026-06-12 11:36:01,854 [INFO] --- RobinhoodSafeGuard tick | ET 12:36 | mode=LIVE ---
2026-06-12 11:36:13,811 [INFO] Robinhood login OK (session reused)
2026-06-12 11:36:13,811 [ERROR] get_open_option_positions error: get_open_option_positions can only be called when logged in
2026-06-12 11:36:13,811 [INFO] No open long option positions.
2026-06-12 11:37:02,186 [INFO] --- RobinhoodSafeGuard tick | ET 12:37 | mode=LIVE ---
2026-06-12 11:37:13,812 [INFO] Robinhood login OK (session reused)
2026-06-12 11:37:13,813 [ERROR] get_open_option_positions error: get_open_option_positions can only be called when logged in
2026-06-12 11:37:13,813 [INFO] No open long option positions.
2026-06-12 11:38:01,706 [INFO] --- RobinhoodSafeGuard tick | ET 12:38 | mode=LIVE ---
2026-06-12 11:38:13,638 [INFO] Robinhood login OK (session reused)
2026-06-12 11:38:13,638 [ERROR] get_open_option_positions error: get_open_option_positions can only be called when logged in
2026-06-12 11:38:13,638 [INFO] No open long option positions.
2026-06-12 11:39:01,953 [INFO] --- RobinhoodSafeGuard tick | ET 12:39 | mode=LIVE ---
2026-06-12 11:39:13,556 [INFO] Robinhood login OK (session reused)
2026-06-12 11:39:13,557 [ERROR] get_open_option_positions error: get_open_option_positions can only be called when logged in
2026-06-12 11:39:13,557 [INFO] No open long option positions.
2026-06-12 11:40:02,321 [INFO] --- RobinhoodSafeGuard tick | ET 12:40 | mode=LIVE ---
2026-06-12 11:40:14,586 [INFO] Robinhood login OK (session reused)
2026-06-12 11:40:14,587 [ERROR] get_open_option_positions error: get_open_option_positions can only be called when logged in
2026-06-12 11:40:14,587 [INFO] No open long option positions.
2026-06-12 11:41:01,878 [INFO] --- RobinhoodSafeGuard tick | ET 12:41 | mode=LIVE ---
2026-06-12 11:41:13,659 [INFO] Robinhood login OK (session reused)
2026-06-12 11:41:13,660 [ERROR] get_open_option_positions error: get_open_option_positions can only be called when logged in
2026-06-12 11:41:13,660 [INFO] No open long option positions.
2026-06-12 11:42:02,012 [INFO] --- RobinhoodSafeGuard tick | ET 12:42 | mode=LIVE ---
2026-06-12 11:42:15,541 [INFO] Robinhood login OK (session reused)
2026-06-12 11:42:15,541 [ERROR] get_open_option_positions error: get_open_option_positions can only be called when logged in
2026-06-12 11:42:15,541 [INFO] No open long option positions.
2026-06-12 11:43:01,841 [INFO] --- RobinhoodSafeGuard tick | ET 12:43 | mode=LIVE ---
2026-06-12 11:43:13,379 [INFO] Robinhood login OK (session reused)
2026-06-12 11:43:13,380 [ERROR] get_open_option_positions error: get_open_option_positions can only be called when logged in
2026-06-12 11:43:13,380 [INFO] No open long option positions.
2026-06-12 11:44:01,282 [INFO] --- RobinhoodSafeGuard tick | ET 12:44 | mode=LIVE ---
2026-06-12 11:44:03,298 [INFO] Robinhood login OK (session reused)
2026-06-12 11:44:03,298 [ERROR] get_open_option_positions error: get_open_option_positions can only be called when logged in
2026-06-12 11:44:03,298 [INFO] No open long option positions.
2026-06-12 11:45:02,156 [INFO] --- RobinhoodSafeGuard tick | ET 12:45 | mode=LIVE ---
2026-06-12 11:45:03,421 [INFO] Robinhood login OK (session reused)
2026-06-12 11:45:03,421 [ERROR] get_open_option_positions error: get_open_option_positions can only be called when logged in
2026-06-12 11:45:03,421 [INFO] No open long option positions.
2026-06-12 11:46:01,534 [INFO] --- RobinhoodSafeGuard tick | ET 12:46 | mode=LIVE ---
2026-06-12 11:46:04,369 [INFO] Robinhood login OK (session reused)
2026-06-12 11:46:04,369 [ERROR] get_open_option_positions error: get_open_option_positions can only be called when logged in
2026-06-12 11:46:04,369 [INFO] No open long option positions.
2026-06-12 11:47:01,433 [INFO] --- RobinhoodSafeGuard tick | ET 12:47 | mode=LIVE ---
2026-06-12 11:47:02,930 [INFO] Robinhood login OK (session reused)
2026-06-12 11:47:02,930 [ERROR] get_open_option_positions error: get_open_option_positions can only be called when logged in
2026-06-12 11:47:02,931 [INFO] No open long option positions.
2026-06-12 11:48:01,758 [INFO] --- RobinhoodSafeGuard tick | ET 12:48 | mode=LIVE ---
2026-06-12 11:48:02,978 [INFO] Robinhood login OK (session reused)
2026-06-12 11:48:02,979 [ERROR] get_open_option_positions error: get_open_option_positions can only be called when logged in
2026-06-12 11:48:02,979 [INFO] No open long option positions.
2026-06-12 11:49:01,949 [INFO] --- RobinhoodSafeGuard tick | ET 12:49 | mode=LIVE ---
2026-06-12 11:49:04,042 [INFO] Robinhood login OK (session reused)
2026-06-12 11:49:04,043 [ERROR] get_open_option_positions error: get_open_option_positions can only be called when logged in
2026-06-12 11:49:04,043 [INFO] No open long option positions.
2026-06-12 11:50:02,086 [INFO] --- RobinhoodSafeGuard tick | ET 12:50 | mode=LIVE ---
2026-06-12 11:50:14,248 [INFO] Robinhood login OK (session reused)
2026-06-12 11:50:14,248 [ERROR] get_open_option_positions error: get_open_option_positions can only be called when logged in
2026-06-12 11:50:14,248 [INFO] No open long option positions.
2026-06-12 11:51:01,641 [INFO] --- RobinhoodSafeGuard tick | ET 12:51 | mode=LIVE ---
2026-06-12 11:51:15,675 [INFO] Robinhood login OK (session reused)
2026-06-12 11:51:15,675 [ERROR] get_open_option_positions error: get_open_option_positions can only be called when logged in
2026-06-12 11:51:15,676 [INFO] No open long option positions.
2026-06-12 11:52:01,973 [INFO] --- RobinhoodSafeGuard tick | ET 12:52 | mode=LIVE ---
2026-06-12 11:52:13,481 [INFO] Robinhood login OK (session reused)
2026-06-12 11:52:13,482 [ERROR] get_open_option_positions error: get_open_option_positions can only be called when logged in
2026-06-12 11:52:13,482 [INFO] No open long option positions.
2026-06-12 11:53:01,774 [INFO] --- RobinhoodSafeGuard tick | ET 12:53 | mode=LIVE ---
2026-06-12 11:53:13,004 [INFO] Robinhood login OK (session reused)
2026-06-12 11:53:13,004 [ERROR] get_open_option_positions error: get_open_option_positions can only be called when logged in
2026-06-12 11:53:13,004 [INFO] No open long option positions.
2026-06-12 11:54:01,314 [INFO] --- RobinhoodSafeGuard tick | ET 12:54 | mode=LIVE ---
2026-06-12 11:54:12,561 [INFO] Robinhood login OK (session reused)
2026-06-12 11:54:12,562 [ERROR] get_open_option_positions error: get_open_option_positions can only be called when logged in
2026-06-12 11:54:12,562 [INFO] No open long option positions.
2026-06-12 11:55:01,724 [INFO] --- RobinhoodSafeGuard tick | ET 12:55 | mode=LIVE ---
2026-06-12 11:55:02,795 [INFO] Robinhood login OK (session reused)
2026-06-12 11:55:02,796 [ERROR] get_open_option_positions error: get_open_option_positions can only be called when logged in
2026-06-12 11:55:02,796 [INFO] No open long option positions.
2026-06-12 11:56:01,752 [INFO] --- RobinhoodSafeGuard tick | ET 12:56 | mode=LIVE ---
2026-06-12 11:56:13,382 [INFO] Robinhood login OK (session reused)
2026-06-12 11:56:13,383 [ERROR] get_open_option_positions error: get_open_option_positions can only be called when logged in
2026-06-12 11:56:13,383 [INFO] No open long option positions.
2026-06-12 11:57:01,719 [INFO] --- RobinhoodSafeGuard tick | ET 12:57 | mode=LIVE ---
2026-06-12 11:57:03,093 [INFO] Robinhood login OK (session reused)
2026-06-12 11:57:03,094 [ERROR] get_open_option_positions error: get_open_option_positions can only be called when logged in
2026-06-12 11:57:03,094 [INFO] No open long option positions.
2026-06-12 11:58:01,720 [INFO] --- RobinhoodSafeGuard tick | ET 12:58 | mode=LIVE ---
2026-06-12 11:58:13,265 [INFO] Robinhood login OK (session reused)
2026-06-12 11:58:13,265 [ERROR] get_open_option_positions error: get_open_option_positions can only be called when logged in
2026-06-12 11:58:13,265 [INFO] No open long option positions.
2026-06-12 11:59:02,143 [INFO] --- RobinhoodSafeGuard tick | ET 12:59 | mode=LIVE ---
2026-06-12 11:59:13,379 [INFO] Robinhood login OK (session reused)
2026-06-12 11:59:13,380 [ERROR] get_open_option_positions error: get_open_option_positions can only be called when logged in
2026-06-12 11:59:13,380 [INFO] No open long option positions.
2026-06-12 12:00:02,296 [INFO] --- RobinhoodSafeGuard tick | ET 13:00 | mode=LIVE ---
2026-06-12 12:00:03,325 [INFO] Robinhood login OK (session reused)
2026-06-12 12:00:03,326 [ERROR] get_open_option_positions error: get_open_option_positions can only be called when logged in
2026-06-12 12:00:03,326 [INFO] No open long option positions.
2026-06-12 12:01:01,696 [INFO] --- RobinhoodSafeGuard tick | ET 13:01 | mode=LIVE ---
2026-06-12 12:02:01,465 [INFO] --- RobinhoodSafeGuard tick | ET 13:02 | mode=LIVE ---
2026-06-12 12:03:01,716 [INFO] --- RobinhoodSafeGuard tick | ET 13:03 | mode=LIVE ---
2026-06-12 12:03:39,121 [INFO] Robinhood login OK (session reused)
2026-06-12 12:03:39,121 [ERROR] get_open_option_positions error: get_open_option_positions can only be called when logged in
2026-06-12 12:03:39,122 [INFO] No open long option positions.
2026-06-12 12:03:39,458 [INFO] Robinhood login OK (session reused)
2026-06-12 12:03:39,458 [ERROR] get_open_option_positions error: get_open_option_positions can only be called when logged in
2026-06-12 12:03:39,458 [INFO] No open long option positions.
2026-06-12 12:03:40,768 [INFO] Robinhood login OK (session reused)
2026-06-12 12:03:40,768 [ERROR] get_open_option_positions error: get_open_option_positions can only be called when logged in
2026-06-12 12:03:40,768 [INFO] No open long option positions.
2026-06-12 12:04:01,603 [INFO] --- RobinhoodSafeGuard tick | ET 13:04 | mode=LIVE ---
2026-06-12 12:04:13,007 [INFO] Robinhood login OK (session reused)
2026-06-12 12:04:13,008 [ERROR] get_open_option_positions error: get_open_option_positions can only be called when logged in
2026-06-12 12:04:13,008 [INFO] No open long option positions.
2026-06-12 12:05:01,424 [INFO] --- RobinhoodSafeGuard tick | ET 13:05 | mode=LIVE ---
2026-06-12 12:05:13,773 [INFO] Robinhood login OK (session reused)
2026-06-12 12:05:13,773 [ERROR] get_open_option_positions error: get_open_option_positions can only be called when logged in
2026-06-12 12:05:13,774 [INFO] No open long option positions.
2026-06-12 12:06:01,452 [INFO] --- RobinhoodSafeGuard tick | ET 13:06 | mode=LIVE ---
2026-06-12 12:06:13,046 [INFO] Robinhood login OK (session reused)
2026-06-12 12:06:13,047 [ERROR] get_open_option_positions error: get_open_option_positions can only be called when logged in
2026-06-12 12:06:13,047 [INFO] No open long option positions.
2026-06-12 12:07:02,188 [INFO] --- RobinhoodSafeGuard tick | ET 13:07 | mode=LIVE ---
2026-06-12 12:07:14,426 [INFO] Robinhood login OK (session reused)
2026-06-12 12:07:14,426 [ERROR] get_open_option_positions error: get_open_option_positions can only be called when logged in
2026-06-12 12:07:14,426 [INFO] No open long option positions.
2026-06-12 12:08:01,753 [INFO] --- RobinhoodSafeGuard tick | ET 13:08 | mode=LIVE ---
2026-06-12 12:08:13,175 [INFO] Robinhood login OK (session reused)
2026-06-12 12:08:13,175 [ERROR] get_open_option_positions error: get_open_option_positions can only be called when logged in
2026-06-12 12:08:13,175 [INFO] No open long option positions.
2026-06-12 12:09:01,474 [INFO] --- RobinhoodSafeGuard tick | ET 13:09 | mode=LIVE ---
2026-06-12 12:09:12,986 [INFO] Robinhood login OK (session reused)
2026-06-12 12:09:12,986 [ERROR] get_open_option_positions error: get_open_option_positions can only be called when logged in
2026-06-12 12:09:12,986 [INFO] No open long option positions.
2026-06-12 12:10:01,558 [INFO] --- RobinhoodSafeGuard tick | ET 13:10 | mode=LIVE ---
2026-06-12 12:10:13,410 [INFO] Robinhood login OK (session reused)
2026-06-12 12:10:13,410 [ERROR] get_open_option_positions error: get_open_option_positions can only be called when logged in
2026-06-12 12:10:13,411 [INFO] No open long option positions.
2026-06-12 12:11:02,072 [INFO] --- RobinhoodSafeGuard tick | ET 13:11 | mode=LIVE ---
2026-06-12 12:11:13,665 [INFO] Robinhood login OK (session reused)
2026-06-12 12:11:13,666 [ERROR] get_open_option_positions error: get_open_option_positions can only be called when logged in
2026-06-12 12:11:13,666 [INFO] No open long option positions.
2026-06-12 12:12:01,452 [INFO] --- RobinhoodSafeGuard tick | ET 13:12 | mode=LIVE ---
2026-06-12 12:12:13,344 [INFO] Robinhood login OK (session reused)
2026-06-12 12:12:13,344 [ERROR] get_open_option_positions error: get_open_option_positions can only be called when logged in
2026-06-12 12:12:13,344 [INFO] No open long option positions.
2026-06-12 12:13:01,624 [INFO] --- RobinhoodSafeGuard tick | ET 13:13 | mode=LIVE ---
2026-06-12 12:13:13,106 [INFO] Robinhood login OK (session reused)
2026-06-12 12:13:13,106 [ERROR] get_open_option_positions error: get_open_option_positions can only be called when logged in
2026-06-12 12:13:13,106 [INFO] No open long option positions.
2026-06-12 12:14:01,923 [INFO] --- RobinhoodSafeGuard tick | ET 13:14 | mode=LIVE ---
2026-06-12 12:14:14,129 [INFO] Robinhood login OK (session reused)
2026-06-12 12:14:14,129 [ERROR] get_open_option_positions error: get_open_option_positions can only be called when logged in
2026-06-12 12:14:14,129 [INFO] No open long option positions.
2026-06-12 12:15:01,971 [INFO] --- RobinhoodSafeGuard tick | ET 13:15 | mode=LIVE ---
2026-06-12 12:15:13,684 [INFO] Robinhood login OK (session reused)
2026-06-12 12:15:13,684 [ERROR] get_open_option_positions error: get_open_option_positions can only be called when logged in
2026-06-12 12:15:13,685 [INFO] No open long option positions.
2026-06-12 12:16:01,641 [INFO] --- RobinhoodSafeGuard tick | ET 13:16 | mode=LIVE ---
2026-06-12 12:16:13,842 [INFO] Robinhood login OK (session reused)
2026-06-12 12:16:13,843 [ERROR] get_open_option_positions error: get_open_option_positions can only be called when logged in
2026-06-12 12:16:13,843 [INFO] No open long option positions.
2026-06-12 12:17:01,865 [INFO] --- RobinhoodSafeGuard tick | ET 13:17 | mode=LIVE ---
2026-06-12 12:17:14,004 [INFO] Robinhood login OK (session reused)
2026-06-12 12:17:14,005 [ERROR] get_open_option_positions error: get_open_option_positions can only be called when logged in
2026-06-12 12:17:14,005 [INFO] No open long option positions.
2026-06-12 12:18:01,296 [INFO] --- RobinhoodSafeGuard tick | ET 13:18 | mode=LIVE ---
2026-06-12 12:18:14,536 [INFO] Robinhood login OK (session reused)
2026-06-12 12:18:14,536 [ERROR] get_open_option_positions error: get_open_option_positions can only be called when logged in
2026-06-12 12:18:14,536 [INFO] No open long option positions.
2026-06-12 12:19:01,823 [INFO] --- RobinhoodSafeGuard tick | ET 13:19 | mode=LIVE ---
2026-06-12 12:19:13,613 [INFO] Robinhood login OK (session reused)
2026-06-12 12:19:13,614 [ERROR] get_open_option_positions error: get_open_option_positions can only be called when logged in
2026-06-12 12:19:13,614 [INFO] No open long option positions.
2026-06-12 12:20:02,409 [INFO] --- RobinhoodSafeGuard tick | ET 13:20 | mode=LIVE ---
2026-06-12 12:20:14,654 [INFO] Robinhood login OK (session reused)
2026-06-12 12:20:14,654 [ERROR] get_open_option_positions error: get_open_option_positions can only be called when logged in
2026-06-12 12:20:14,654 [INFO] No open long option positions.
2026-06-12 12:21:02,025 [INFO] --- RobinhoodSafeGuard tick | ET 13:21 | mode=LIVE ---
2026-06-12 12:21:14,088 [INFO] Robinhood login OK (session reused)
2026-06-12 12:21:14,088 [ERROR] get_open_option_positions error: get_open_option_positions can only be called when logged in
2026-06-12 12:21:14,088 [INFO] No open long option positions.
2026-06-12 12:22:01,498 [INFO] --- RobinhoodSafeGuard tick | ET 13:22 | mode=LIVE ---
2026-06-12 12:22:13,686 [INFO] Robinhood login OK (session reused)
2026-06-12 12:22:13,687 [ERROR] get_open_option_positions error: get_open_option_positions can only be called when logged in
2026-06-12 12:22:13,687 [INFO] No open long option positions.
2026-06-12 12:23:01,261 [INFO] --- RobinhoodSafeGuard tick | ET 13:23 | mode=LIVE ---
2026-06-12 12:23:12,445 [INFO] Robinhood login OK (session reused)
2026-06-12 12:23:12,445 [ERROR] get_open_option_positions error: get_open_option_positions can only be called when logged in
2026-06-12 12:23:12,445 [INFO] No open long option positions.
2026-06-12 12:24:01,451 [INFO] --- RobinhoodSafeGuard tick | ET 13:24 | mode=LIVE ---
2026-06-12 12:24:12,893 [INFO] Robinhood login OK (session reused)
2026-06-12 12:24:12,893 [ERROR] get_open_option_positions error: get_open_option_positions can only be called when logged in
2026-06-12 12:24:12,893 [INFO] No open long option positions.
2026-06-12 12:25:01,683 [INFO] --- RobinhoodSafeGuard tick | ET 13:25 | mode=LIVE ---
2026-06-12 12:25:12,909 [INFO] Robinhood login OK (session reused)
2026-06-12 12:25:12,909 [ERROR] get_open_option_positions error: get_open_option_positions can only be called when logged in
2026-06-12 12:25:12,910 [INFO] No open long option positions.
2026-06-12 12:26:01,331 [INFO] --- RobinhoodSafeGuard tick | ET 13:26 | mode=LIVE ---
2026-06-12 12:26:12,979 [INFO] Robinhood login OK (session reused)
2026-06-12 12:26:12,979 [ERROR] get_open_option_positions error: get_open_option_positions can only be called when logged in
2026-06-12 12:26:12,979 [INFO] No open long option positions.
2026-06-12 12:27:01,269 [INFO] --- RobinhoodSafeGuard tick | ET 13:27 | mode=LIVE ---
2026-06-12 12:27:12,747 [INFO] Robinhood login OK (session reused)
2026-06-12 12:27:12,747 [ERROR] get_open_option_positions error: get_open_option_positions can only be called when logged in
2026-06-12 12:27:12,748 [INFO] No open long option positions.
2026-06-12 12:28:02,178 [INFO] --- RobinhoodSafeGuard tick | ET 13:28 | mode=LIVE ---
2026-06-12 12:28:13,457 [INFO] Robinhood login OK (session reused)
2026-06-12 12:28:13,457 [ERROR] get_open_option_positions error: get_open_option_positions can only be called when logged in
2026-06-12 12:28:13,457 [INFO] No open long option positions.
2026-06-12 12:29:01,417 [INFO] --- RobinhoodSafeGuard tick | ET 13:29 | mode=LIVE ---
2026-06-12 12:29:12,763 [INFO] Robinhood login OK (session reused)
2026-06-12 12:29:12,763 [ERROR] get_open_option_positions error: get_open_option_positions can only be called when logged in
2026-06-12 12:29:12,763 [INFO] No open long option positions.
2026-06-12 12:30:01,745 [INFO] --- RobinhoodSafeGuard tick | ET 13:30 | mode=LIVE ---
2026-06-12 12:30:13,157 [INFO] Robinhood login OK (session reused)
2026-06-12 12:30:13,157 [ERROR] get_open_option_positions error: get_open_option_positions can only be called when logged in
2026-06-12 12:30:13,157 [INFO] No open long option positions.
2026-06-12 12:31:01,774 [INFO] --- RobinhoodSafeGuard tick | ET 13:31 | mode=LIVE ---
2026-06-12 12:31:13,350 [INFO] Robinhood login OK (session reused)
2026-06-12 12:31:13,350 [ERROR] get_open_option_positions error: get_open_option_positions can only be called when logged in
2026-06-12 12:31:13,351 [INFO] No open long option positions.
2026-06-12 12:32:01,845 [INFO] --- RobinhoodSafeGuard tick | ET 13:32 | mode=LIVE ---
2026-06-12 12:32:13,263 [INFO] Robinhood login OK (session reused)
2026-06-12 12:32:13,264 [ERROR] get_open_option_positions error: get_open_option_positions can only be called when logged in
2026-06-12 12:32:13,264 [INFO] No open long option positions.
2026-06-12 12:33:01,694 [INFO] --- RobinhoodSafeGuard tick | ET 13:33 | mode=LIVE ---
2026-06-12 12:33:13,367 [INFO] Robinhood login OK (session reused)
2026-06-12 12:33:13,367 [ERROR] get_open_option_positions error: get_open_option_positions can only be called when logged in
2026-06-12 12:33:13,368 [INFO] No open long option positions.
2026-06-12 12:34:01,694 [INFO] --- RobinhoodSafeGuard tick | ET 13:34 | mode=LIVE ---
2026-06-12 12:34:13,208 [INFO] Robinhood login OK (session reused)
2026-06-12 12:34:13,208 [ERROR] get_open_option_positions error: get_open_option_positions can only be called when logged in
2026-06-12 12:34:13,208 [INFO] No open long option positions.
2026-06-12 12:35:01,979 [INFO] --- RobinhoodSafeGuard tick | ET 13:35 | mode=LIVE ---
2026-06-12 12:35:13,179 [INFO] Robinhood login OK (session reused)
2026-06-12 12:35:13,179 [ERROR] get_open_option_positions error: get_open_option_positions can only be called when logged in
2026-06-12 12:35:13,179 [INFO] No open long option positions.
2026-06-12 12:36:02,051 [INFO] --- RobinhoodSafeGuard tick | ET 13:36 | mode=LIVE ---
2026-06-12 12:36:13,542 [INFO] Robinhood login OK (session reused)
2026-06-12 12:36:13,543 [ERROR] get_open_option_positions error: get_open_option_positions can only be called when logged in
2026-06-12 12:36:13,543 [INFO] No open long option positions.
2026-06-12 12:37:02,076 [INFO] --- RobinhoodSafeGuard tick | ET 13:37 | mode=LIVE ---
2026-06-12 12:37:13,757 [INFO] Robinhood login OK (session reused)
2026-06-12 12:37:13,757 [ERROR] get_open_option_positions error: get_open_option_positions can only be called when logged in
2026-06-12 12:37:13,757 [INFO] No open long option positions.
2026-06-12 12:38:01,318 [INFO] --- RobinhoodSafeGuard tick | ET 13:38 | mode=LIVE ---
2026-06-12 12:38:12,532 [INFO] Robinhood login OK (session reused)
2026-06-12 12:38:12,532 [ERROR] get_open_option_positions error: get_open_option_positions can only be called when logged in
2026-06-12 12:38:12,532 [INFO] No open long option positions.
2026-06-12 12:39:01,372 [INFO] --- RobinhoodSafeGuard tick | ET 13:39 | mode=LIVE ---
2026-06-12 12:39:12,026 [INFO] Robinhood login OK (session reused)
2026-06-12 12:39:12,026 [ERROR] get_open_option_positions error: get_open_option_positions can only be called when logged in
2026-06-12 12:39:12,026 [INFO] No open long option positions.
2026-06-12 12:40:01,661 [INFO] --- RobinhoodSafeGuard tick | ET 13:40 | mode=LIVE ---
2026-06-12 12:40:13,832 [INFO] Robinhood login OK (session reused)
2026-06-12 12:40:13,833 [ERROR] get_open_option_positions error: get_open_option_positions can only be called when logged in
2026-06-12 12:40:13,833 [INFO] No open long option positions.
2026-06-12 12:41:01,296 [INFO] --- RobinhoodSafeGuard tick | ET 13:41 | mode=LIVE ---
2026-06-12 12:41:13,394 [INFO] Robinhood login OK (session reused)
2026-06-12 12:41:13,394 [ERROR] get_open_option_positions error: get_open_option_positions can only be called when logged in
2026-06-12 12:41:13,394 [INFO] No open long option positions.
2026-06-12 12:42:02,057 [INFO] --- RobinhoodSafeGuard tick | ET 13:42 | mode=LIVE ---
2026-06-12 12:42:14,421 [INFO] Robinhood login OK (session reused)
2026-06-12 12:42:14,422 [ERROR] get_open_option_positions error: get_open_option_positions can only be called when logged in
2026-06-12 12:42:14,422 [INFO] No open long option positions.
2026-06-12 12:43:01,927 [INFO] --- RobinhoodSafeGuard tick | ET 13:43 | mode=LIVE ---
2026-06-12 12:43:13,939 [INFO] Robinhood login OK (session reused)
2026-06-12 12:43:13,939 [ERROR] get_open_option_positions error: get_open_option_positions can only be called when logged in
2026-06-12 12:43:13,940 [INFO] No open long option positions.
2026-06-12 12:44:01,642 [INFO] --- RobinhoodSafeGuard tick | ET 13:44 | mode=LIVE ---
2026-06-12 12:44:19,539 [INFO] Robinhood login OK (session reused)
2026-06-12 12:44:19,539 [ERROR] get_open_option_positions error: get_open_option_positions can only be called when logged in
2026-06-12 12:44:19,539 [INFO] No open long option positions.
2026-06-12 12:45:02,172 [INFO] --- RobinhoodSafeGuard tick | ET 13:45 | mode=LIVE ---
2026-06-12 12:45:14,296 [INFO] Robinhood login OK (session reused)
2026-06-12 12:45:14,296 [ERROR] get_open_option_positions error: get_open_option_positions can only be called when logged in
2026-06-12 12:45:14,297 [INFO] No open long option positions.
2026-06-12 12:46:01,590 [INFO] --- RobinhoodSafeGuard tick | ET 13:46 | mode=LIVE ---
2026-06-12 12:46:03,363 [INFO] Robinhood login OK (session reused)
2026-06-12 12:46:03,364 [ERROR] get_open_option_positions error: get_open_option_positions can only be called when logged in
2026-06-12 12:46:03,364 [INFO] No open long option positions.
2026-06-12 12:47:02,103 [INFO] --- RobinhoodSafeGuard tick | ET 13:47 | mode=LIVE ---
2026-06-12 12:47:03,941 [INFO] Robinhood login OK (session reused)
2026-06-12 12:47:03,941 [ERROR] get_open_option_positions error: get_open_option_positions can only be called when logged in
2026-06-12 12:47:03,941 [INFO] No open long option positions.
2026-06-12 12:48:01,998 [INFO] --- RobinhoodSafeGuard tick | ET 13:48 | mode=LIVE ---
2026-06-12 12:48:03,987 [INFO] Robinhood login OK (session reused)
2026-06-12 12:48:03,988 [ERROR] get_open_option_positions error: get_open_option_positions can only be called when logged in
2026-06-12 12:48:03,988 [INFO] No open long option positions.
2026-06-12 12:49:01,516 [INFO] --- RobinhoodSafeGuard tick | ET 13:49 | mode=LIVE ---
2026-06-12 12:49:03,267 [INFO] Robinhood login OK (session reused)
2026-06-12 12:49:03,267 [ERROR] get_open_option_positions error: get_open_option_positions can only be called when logged in
2026-06-12 12:49:03,267 [INFO] No open long option positions.
2026-06-12 12:50:02,209 [INFO] --- RobinhoodSafeGuard tick | ET 13:50 | mode=LIVE ---
2026-06-12 12:50:14,121 [INFO] Robinhood login OK (session reused)
2026-06-12 12:50:14,122 [ERROR] get_open_option_positions error: get_open_option_positions can only be called when logged in
2026-06-12 12:50:14,122 [INFO] No open long option positions.
2026-06-12 12:51:02,061 [INFO] --- RobinhoodSafeGuard tick | ET 13:51 | mode=LIVE ---
2026-06-12 12:51:04,049 [INFO] Robinhood login OK (session reused)
2026-06-12 12:51:04,050 [ERROR] get_open_option_positions error: get_open_option_positions can only be called when logged in
2026-06-12 12:51:04,050 [INFO] No open long option positions.
2026-06-12 12:52:01,873 [INFO] --- RobinhoodSafeGuard tick | ET 13:52 | mode=LIVE ---
2026-06-12 12:52:17,944 [INFO] Robinhood login OK (session reused)
2026-06-12 12:52:17,945 [ERROR] get_open_option_positions error: get_open_option_positions can only be called when logged in
2026-06-12 12:52:17,945 [INFO] No open long option positions.
2026-06-12 12:53:01,280 [INFO] --- RobinhoodSafeGuard tick | ET 13:53 | mode=LIVE ---
2026-06-12 12:53:13,359 [INFO] Robinhood login OK (session reused)
2026-06-12 12:53:13,359 [ERROR] get_open_option_positions error: get_open_option_positions can only be called when logged in
2026-06-12 12:53:13,360 [INFO] No open long option positions.
2026-06-12 12:54:01,303 [INFO] --- RobinhoodSafeGuard tick | ET 13:54 | mode=LIVE ---
2026-06-12 12:54:14,041 [INFO] Robinhood login OK (session reused)
2026-06-12 12:54:14,042 [ERROR] get_open_option_positions error: get_open_option_positions can only be called when logged in
2026-06-12 12:54:14,042 [INFO] No open long option positions.
2026-06-12 12:55:01,599 [INFO] --- RobinhoodSafeGuard tick | ET 13:55 | mode=LIVE ---
2026-06-12 12:55:03,535 [INFO] Robinhood login OK (session reused)
2026-06-12 12:55:03,535 [ERROR] get_open_option_positions error: get_open_option_positions can only be called when logged in
2026-06-12 12:55:03,535 [INFO] No open long option positions.
2026-06-12 12:56:01,817 [INFO] --- RobinhoodSafeGuard tick | ET 13:56 | mode=LIVE ---
2026-06-12 12:56:14,440 [INFO] Robinhood login OK (session reused)
2026-06-12 12:56:14,440 [ERROR] get_open_option_positions error: get_open_option_positions can only be called when logged in
2026-06-12 12:56:14,440 [INFO] No open long option positions.
2026-06-12 12:57:01,878 [INFO] --- RobinhoodSafeGuard tick | ET 13:57 | mode=LIVE ---
2026-06-12 12:57:14,138 [INFO] Robinhood login OK (session reused)
2026-06-12 12:57:14,139 [ERROR] get_open_option_positions error: get_open_option_positions can only be called when logged in
2026-06-12 12:57:14,139 [INFO] No open long option positions.
2026-06-12 12:58:01,427 [INFO] --- RobinhoodSafeGuard tick | ET 13:58 | mode=LIVE ---
2026-06-12 12:58:13,674 [INFO] Robinhood login OK (session reused)
2026-06-12 12:58:13,675 [ERROR] get_open_option_positions error: get_open_option_positions can only be called when logged in
2026-06-12 12:58:13,675 [INFO] No open long option positions.
2026-06-12 12:59:01,985 [INFO] --- RobinhoodSafeGuard tick | ET 13:59 | mode=LIVE ---
2026-06-12 12:59:14,245 [INFO] Robinhood login OK (session reused)
2026-06-12 12:59:14,246 [ERROR] get_open_option_positions error: get_open_option_positions can only be called when logged in
2026-06-12 12:59:14,246 [INFO] No open long option positions.
2026-06-12 13:00:02,028 [INFO] --- RobinhoodSafeGuard tick | ET 14:00 | mode=LIVE ---
2026-06-12 13:00:04,284 [INFO] Robinhood login OK (session reused)
2026-06-12 13:00:04,285 [ERROR] get_open_option_positions error: get_open_option_positions can only be called when logged in
2026-06-12 13:00:04,285 [INFO] No open long option positions.
2026-06-12 13:01:01,856 [INFO] --- RobinhoodSafeGuard tick | ET 14:01 | mode=LIVE ---
2026-06-12 13:01:14,013 [INFO] Robinhood login OK (session reused)
2026-06-12 13:01:14,013 [ERROR] get_open_option_positions error: get_open_option_positions can only be called when logged in
2026-06-12 13:01:14,013 [INFO] No open long option positions.
2026-06-12 13:02:01,462 [INFO] --- RobinhoodSafeGuard tick | ET 14:02 | mode=LIVE ---
2026-06-12 13:02:13,408 [INFO] Robinhood login OK (session reused)
2026-06-12 13:02:13,408 [ERROR] get_open_option_positions error: get_open_option_positions can only be called when logged in
2026-06-12 13:02:13,408 [INFO] No open long option positions.
2026-06-12 13:03:01,336 [INFO] --- RobinhoodSafeGuard tick | ET 14:03 | mode=LIVE ---
2026-06-12 13:03:13,500 [INFO] Robinhood login OK (session reused)
2026-06-12 13:03:13,500 [ERROR] get_open_option_positions error: get_open_option_positions can only be called when logged in
2026-06-12 13:03:13,501 [INFO] No open long option positions.
2026-06-12 13:04:02,205 [INFO] --- RobinhoodSafeGuard tick | ET 14:04 | mode=LIVE ---
2026-06-12 13:04:14,093 [INFO] Robinhood login OK (session reused)
2026-06-12 13:04:14,093 [ERROR] get_open_option_positions error: get_open_option_positions can only be called when logged in
2026-06-12 13:04:14,093 [INFO] No open long option positions.
2026-06-12 13:05:01,595 [INFO] --- RobinhoodSafeGuard tick | ET 14:05 | mode=LIVE ---
2026-06-12 13:05:13,784 [INFO] Robinhood login OK (session reused)
2026-06-12 13:05:13,784 [ERROR] get_open_option_positions error: get_open_option_positions can only be called when logged in
2026-06-12 13:05:13,784 [INFO] No open long option positions.
2026-06-12 13:06:01,381 [INFO] --- RobinhoodSafeGuard tick | ET 14:06 | mode=LIVE ---
2026-06-12 13:06:13,821 [INFO] Robinhood login OK (session reused)
2026-06-12 13:06:13,821 [ERROR] get_open_option_positions error: get_open_option_positions can only be called when logged in
2026-06-12 13:06:13,821 [INFO] No open long option positions.
2026-06-12 13:07:01,366 [INFO] --- RobinhoodSafeGuard tick | ET 14:07 | mode=LIVE ---
2026-06-12 13:07:02,901 [INFO] Robinhood login OK (session reused)
2026-06-12 13:07:02,902 [ERROR] get_open_option_positions error: get_open_option_positions can only be called when logged in
2026-06-12 13:07:02,902 [INFO] No open long option positions.
2026-06-12 13:08:01,733 [INFO] --- RobinhoodSafeGuard tick | ET 14:08 | mode=LIVE ---
2026-06-12 13:08:14,028 [INFO] Robinhood login OK (session reused)
2026-06-12 13:08:14,029 [ERROR] get_open_option_positions error: get_open_option_positions can only be called when logged in
2026-06-12 13:08:14,029 [INFO] No open long option positions.
2026-06-12 13:09:01,849 [INFO] --- RobinhoodSafeGuard tick | ET 14:09 | mode=LIVE ---
2026-06-12 13:09:14,149 [INFO] Robinhood login OK (session reused)
2026-06-12 13:09:14,149 [ERROR] get_open_option_positions error: get_open_option_positions can only be called when logged in
2026-06-12 13:09:14,149 [INFO] No open long option positions.
2026-06-12 13:10:01,833 [INFO] --- RobinhoodSafeGuard tick | ET 14:10 | mode=LIVE ---
2026-06-12 13:10:13,897 [INFO] Robinhood login OK (session reused)
2026-06-12 13:10:13,898 [ERROR] get_open_option_positions error: get_open_option_positions can only be called when logged in
2026-06-12 13:10:13,898 [INFO] No open long option positions.
2026-06-12 13:11:01,453 [INFO] --- RobinhoodSafeGuard tick | ET 14:11 | mode=LIVE ---
2026-06-12 13:11:13,635 [INFO] Robinhood login OK (session reused)
2026-06-12 13:11:13,635 [ERROR] get_open_option_positions error: get_open_option_positions can only be called when logged in
2026-06-12 13:11:13,635 [INFO] No open long option positions.
2026-06-12 13:12:01,922 [INFO] --- RobinhoodSafeGuard tick | ET 14:12 | mode=LIVE ---
2026-06-12 13:12:14,034 [INFO] Robinhood login OK (session reused)
2026-06-12 13:12:14,035 [ERROR] get_open_option_positions error: get_open_option_positions can only be called when logged in
2026-06-12 13:12:14,035 [INFO] No open long option positions.
2026-06-12 13:13:01,692 [INFO] --- RobinhoodSafeGuard tick | ET 14:13 | mode=LIVE ---
2026-06-12 13:13:13,849 [INFO] Robinhood login OK (session reused)
2026-06-12 13:13:13,849 [ERROR] get_open_option_positions error: get_open_option_positions can only be called when logged in
2026-06-12 13:13:13,849 [INFO] No open long option positions.
2026-06-12 13:14:01,712 [INFO] --- RobinhoodSafeGuard tick | ET 14:14 | mode=LIVE ---
2026-06-12 13:14:14,025 [INFO] Robinhood login OK (session reused)
2026-06-12 13:14:14,026 [ERROR] get_open_option_positions error: get_open_option_positions can only be called when logged in
2026-06-12 13:14:14,026 [INFO] No open long option positions.
2026-06-12 13:15:01,744 [INFO] --- RobinhoodSafeGuard tick | ET 14:15 | mode=LIVE ---
2026-06-12 13:15:13,522 [INFO] Robinhood login OK (session reused)
2026-06-12 13:15:13,522 [ERROR] get_open_option_positions error: get_open_option_positions can only be called when logged in
2026-06-12 13:15:13,522 [INFO] No open long option positions.
2026-06-12 13:16:01,579 [INFO] --- RobinhoodSafeGuard tick | ET 14:16 | mode=LIVE ---
2026-06-12 13:16:13,611 [INFO] Robinhood login OK (session reused)
2026-06-12 13:16:13,612 [ERROR] get_open_option_positions error: get_open_option_positions can only be called when logged in
2026-06-12 13:16:13,612 [INFO] No open long option positions.
2026-06-12 13:17:01,468 [INFO] --- RobinhoodSafeGuard tick | ET 14:17 | mode=LIVE ---
2026-06-12 13:17:13,529 [INFO] Robinhood login OK (session reused)
2026-06-12 13:17:13,530 [ERROR] get_open_option_positions error: get_open_option_positions can only be called when logged in
2026-06-12 13:17:13,530 [INFO] No open long option positions.
2026-06-12 13:18:01,279 [INFO] --- RobinhoodSafeGuard tick | ET 14:18 | mode=LIVE ---
2026-06-12 13:18:13,513 [INFO] Robinhood login OK (session reused)
2026-06-12 13:18:13,513 [ERROR] get_open_option_positions error: get_open_option_positions can only be called when logged in
2026-06-12 13:18:13,513 [INFO] No open long option positions.
2026-06-12 13:19:01,509 [INFO] --- RobinhoodSafeGuard tick | ET 14:19 | mode=LIVE ---
2026-06-12 13:19:13,506 [INFO] Robinhood login OK (session reused)
2026-06-12 13:19:13,506 [ERROR] get_open_option_positions error: get_open_option_positions can only be called when logged in
2026-06-12 13:19:13,506 [INFO] No open long option positions.
2026-06-12 13:20:02,411 [INFO] --- RobinhoodSafeGuard tick | ET 14:20 | mode=LIVE ---
2026-06-12 13:20:14,477 [INFO] Robinhood login OK (session reused)
2026-06-12 13:20:14,478 [ERROR] get_open_option_positions error: get_open_option_positions can only be called when logged in
2026-06-12 13:20:14,478 [INFO] No open long option positions.
2026-06-12 13:21:02,053 [INFO] --- RobinhoodSafeGuard tick | ET 14:21 | mode=LIVE ---
2026-06-12 13:21:14,492 [INFO] Robinhood login OK (session reused)
2026-06-12 13:21:14,492 [ERROR] get_open_option_positions error: get_open_option_positions can only be called when logged in
2026-06-12 13:21:14,492 [INFO] No open long option positions.
2026-06-12 13:22:02,124 [INFO] --- RobinhoodSafeGuard tick | ET 14:22 | mode=LIVE ---
2026-06-12 13:22:14,398 [INFO] Robinhood login OK (session reused)
2026-06-12 13:22:14,398 [ERROR] get_open_option_positions error: get_open_option_positions can only be called when logged in
2026-06-12 13:22:14,398 [INFO] No open long option positions.
2026-06-12 13:23:02,097 [INFO] --- RobinhoodSafeGuard tick | ET 14:23 | mode=LIVE ---
2026-06-12 13:23:14,109 [INFO] Robinhood login OK (session reused)
2026-06-12 13:23:14,110 [ERROR] get_open_option_positions error: get_open_option_positions can only be called when logged in
2026-06-12 13:23:14,110 [INFO] No open long option positions.
2026-06-12 13:24:01,658 [INFO] --- RobinhoodSafeGuard tick | ET 14:24 | mode=LIVE ---
2026-06-12 13:24:13,537 [INFO] Robinhood login OK (session reused)
2026-06-12 13:24:13,538 [ERROR] get_open_option_positions error: get_open_option_positions can only be called when logged in
2026-06-12 13:24:13,538 [INFO] No open long option positions.
2026-06-12 13:25:02,356 [INFO] --- RobinhoodSafeGuard tick | ET 14:25 | mode=LIVE ---
2026-06-12 13:25:14,827 [INFO] Robinhood login OK (session reused)
2026-06-12 13:25:14,827 [ERROR] get_open_option_positions error: get_open_option_positions can only be called when logged in
2026-06-12 13:25:14,828 [INFO] No open long option positions.
2026-06-12 13:26:02,245 [INFO] --- RobinhoodSafeGuard tick | ET 14:26 | mode=LIVE ---
2026-06-12 13:26:14,305 [INFO] Robinhood login OK (session reused)
2026-06-12 13:26:14,306 [ERROR] get_open_option_positions error: get_open_option_positions can only be called when logged in
2026-06-12 13:26:14,306 [INFO] No open long option positions.
2026-06-12 13:27:02,158 [INFO] --- RobinhoodSafeGuard tick | ET 14:27 | mode=LIVE ---
2026-06-12 13:27:14,537 [INFO] Robinhood login OK (session reused)
2026-06-12 13:27:14,538 [ERROR] get_open_option_positions error: get_open_option_positions can only be called when logged in
2026-06-12 13:27:14,538 [INFO] No open long option positions.
2026-06-12 13:28:01,957 [INFO] --- RobinhoodSafeGuard tick | ET 14:28 | mode=LIVE ---
2026-06-12 13:28:13,986 [INFO] Robinhood login OK (session reused)
2026-06-12 13:28:13,987 [ERROR] get_open_option_positions error: get_open_option_positions can only be called when logged in
2026-06-12 13:28:13,987 [INFO] No open long option positions.
2026-06-12 13:29:01,673 [INFO] --- RobinhoodSafeGuard tick | ET 14:29 | mode=LIVE ---
2026-06-12 13:29:13,861 [INFO] Robinhood login OK (session reused)
2026-06-12 13:29:13,861 [ERROR] get_open_option_positions error: get_open_option_positions can only be called when logged in
2026-06-12 13:29:13,862 [INFO] No open long option positions.
2026-06-12 13:30:01,719 [INFO] --- RobinhoodSafeGuard tick | ET 14:30 | mode=LIVE ---
2026-06-12 13:30:13,774 [INFO] Robinhood login OK (session reused)
2026-06-12 13:30:13,774 [ERROR] get_open_option_positions error: get_open_option_positions can only be called when logged in
2026-06-12 13:30:13,774 [INFO] No open long option positions.
2026-06-12 13:31:01,531 [INFO] --- RobinhoodSafeGuard tick | ET 14:31 | mode=LIVE ---
2026-06-12 13:31:13,625 [INFO] Robinhood login OK (session reused)
2026-06-12 13:31:13,626 [ERROR] get_open_option_positions error: get_open_option_positions can only be called when logged in
2026-06-12 13:31:13,626 [INFO] No open long option positions.
2026-06-12 13:32:01,303 [INFO] --- RobinhoodSafeGuard tick | ET 14:32 | mode=LIVE ---
2026-06-12 13:32:13,108 [INFO] Robinhood login OK (session reused)
2026-06-12 13:32:13,109 [ERROR] get_open_option_positions error: get_open_option_positions can only be called when logged in
2026-06-12 13:32:13,109 [INFO] No open long option positions.
2026-06-12 13:33:01,882 [INFO] --- RobinhoodSafeGuard tick | ET 14:33 | mode=LIVE ---
2026-06-12 13:33:14,493 [INFO] Robinhood login OK (session reused)
2026-06-12 13:33:14,493 [ERROR] get_open_option_positions error: get_open_option_positions can only be called when logged in
2026-06-12 13:33:14,494 [INFO] No open long option positions.
2026-06-12 13:34:02,049 [INFO] --- RobinhoodSafeGuard tick | ET 14:34 | mode=LIVE ---
2026-06-12 13:34:14,246 [INFO] Robinhood login OK (session reused)
2026-06-12 13:34:14,246 [ERROR] get_open_option_positions error: get_open_option_positions can only be called when logged in
2026-06-12 13:34:14,246 [INFO] No open long option positions.
2026-06-12 13:35:02,028 [INFO] --- RobinhoodSafeGuard tick | ET 14:35 | mode=LIVE ---
2026-06-12 13:35:14,475 [INFO] Robinhood login OK (session reused)
2026-06-12 13:35:14,476 [ERROR] get_open_option_positions error: get_open_option_positions can only be called when logged in
2026-06-12 13:35:14,476 [INFO] No open long option positions.
2026-06-12 13:36:01,770 [INFO] --- RobinhoodSafeGuard tick | ET 14:36 | mode=LIVE ---
2026-06-12 13:36:13,761 [INFO] Robinhood login OK (session reused)
2026-06-12 13:36:13,762 [ERROR] get_open_option_positions error: get_open_option_positions can only be called when logged in
2026-06-12 13:36:13,762 [INFO] No open long option positions.
2026-06-12 13:37:01,327 [INFO] --- RobinhoodSafeGuard tick | ET 14:37 | mode=LIVE ---
2026-06-12 13:37:13,234 [INFO] Robinhood login OK (session reused)
2026-06-12 13:37:13,235 [ERROR] get_open_option_positions error: get_open_option_positions can only be called when logged in
2026-06-12 13:37:13,235 [INFO] No open long option positions.
2026-06-12 13:38:02,110 [INFO] --- RobinhoodSafeGuard tick | ET 14:38 | mode=LIVE ---
2026-06-12 13:38:14,253 [INFO] Robinhood login OK (session reused)
2026-06-12 13:38:14,253 [ERROR] get_open_option_positions error: get_open_option_positions can only be called when logged in
2026-06-12 13:38:14,254 [INFO] No open long option positions.
2026-06-12 13:39:01,924 [INFO] --- RobinhoodSafeGuard tick | ET 14:39 | mode=LIVE ---
2026-06-12 13:39:13,939 [INFO] Robinhood login OK (session reused)
2026-06-12 13:39:13,939 [ERROR] get_open_option_positions error: get_open_option_positions can only be called when logged in
2026-06-12 13:39:13,939 [INFO] No open long option positions.
2026-06-12 13:40:02,009 [INFO] --- RobinhoodSafeGuard tick | ET 14:40 | mode=LIVE ---
2026-06-12 13:40:14,361 [INFO] Robinhood login OK (session reused)
2026-06-12 13:40:14,361 [ERROR] get_open_option_positions error: get_open_option_positions can only be called when logged in
2026-06-12 13:40:14,361 [INFO] No open long option positions.
2026-06-12 13:41:01,646 [INFO] --- RobinhoodSafeGuard tick | ET 14:41 | mode=LIVE ---
2026-06-12 13:41:13,639 [INFO] Robinhood login OK (session reused)
2026-06-12 13:41:13,640 [ERROR] get_open_option_positions error: get_open_option_positions can only be called when logged in
2026-06-12 13:41:13,640 [INFO] No open long option positions.
2026-06-12 13:42:01,424 [INFO] --- RobinhoodSafeGuard tick | ET 14:42 | mode=LIVE ---
2026-06-12 13:42:03,213 [INFO] Robinhood login OK (session reused)
2026-06-12 13:42:03,213 [ERROR] get_open_option_positions error: get_open_option_positions can only be called when logged in
2026-06-12 13:42:03,213 [INFO] No open long option positions.
2026-06-12 13:43:02,108 [INFO] --- RobinhoodSafeGuard tick | ET 14:43 | mode=LIVE ---
2026-06-12 13:43:14,338 [INFO] Robinhood login OK (session reused)
2026-06-12 13:43:14,338 [ERROR] get_open_option_positions error: get_open_option_positions can only be called when logged in
2026-06-12 13:43:14,339 [INFO] No open long option positions.
2026-06-12 13:44:02,025 [INFO] --- RobinhoodSafeGuard tick | ET 14:44 | mode=LIVE ---
2026-06-12 13:44:14,241 [INFO] Robinhood login OK (session reused)
2026-06-12 13:44:14,242 [ERROR] get_open_option_positions error: get_open_option_positions can only be called when logged in
2026-06-12 13:44:14,242 [INFO] No open long option positions.
2026-06-12 13:45:01,420 [INFO] --- RobinhoodSafeGuard tick | ET 14:45 | mode=LIVE ---
2026-06-12 13:45:13,487 [INFO] Robinhood login OK (session reused)
2026-06-12 13:45:13,488 [ERROR] get_open_option_positions error: get_open_option_positions can only be called when logged in
2026-06-12 13:45:13,488 [INFO] No open long option positions.
2026-06-12 13:46:01,509 [INFO] --- RobinhoodSafeGuard tick | ET 14:46 | mode=LIVE ---
2026-06-12 13:46:03,474 [INFO] Robinhood login OK (session reused)
2026-06-12 13:46:03,474 [ERROR] get_open_option_positions error: get_open_option_positions can only be called when logged in
2026-06-12 13:46:03,475 [INFO] No open long option positions.
2026-06-12 13:47:01,405 [INFO] --- RobinhoodSafeGuard tick | ET 14:47 | mode=LIVE ---
2026-06-12 13:47:03,405 [INFO] Robinhood login OK (session reused)
2026-06-12 13:47:03,406 [ERROR] get_open_option_positions error: get_open_option_positions can only be called when logged in
2026-06-12 13:47:03,406 [INFO] No open long option positions.
2026-06-12 13:48:01,669 [INFO] --- RobinhoodSafeGuard tick | ET 14:48 | mode=LIVE ---
2026-06-12 13:48:03,704 [INFO] Robinhood login OK (session reused)
2026-06-12 13:48:03,704 [ERROR] get_open_option_positions error: get_open_option_positions can only be called when logged in
2026-06-12 13:48:03,704 [INFO] No open long option positions.
2026-06-12 13:49:02,001 [INFO] --- RobinhoodSafeGuard tick | ET 14:49 | mode=LIVE ---
2026-06-12 13:49:04,012 [INFO] Robinhood login OK (session reused)
2026-06-12 13:49:04,012 [ERROR] get_open_option_positions error: get_open_option_positions can only be called when logged in
2026-06-12 13:49:04,012 [INFO] No open long option positions.
2026-06-12 13:50:02,182 [INFO] --- RobinhoodSafeGuard tick | ET 14:50 | mode=LIVE ---
2026-06-12 13:50:14,466 [INFO] Robinhood login OK (session reused)
2026-06-12 13:50:14,467 [ERROR] get_open_option_positions error: get_open_option_positions can only be called when logged in
2026-06-12 13:50:14,467 [INFO] No open long option positions.
2026-06-12 13:51:02,162 [INFO] --- RobinhoodSafeGuard tick | ET 14:51 | mode=LIVE ---
2026-06-12 13:51:14,499 [INFO] Robinhood login OK (session reused)
2026-06-12 13:51:14,499 [ERROR] get_open_option_positions error: get_open_option_positions can only be called when logged in
2026-06-12 13:51:14,499 [INFO] No open long option positions.
2026-06-12 13:52:01,786 [INFO] --- RobinhoodSafeGuard tick | ET 14:52 | mode=LIVE ---
2026-06-12 13:52:03,670 [INFO] Robinhood login OK (session reused)
2026-06-12 13:52:03,671 [ERROR] get_open_option_positions error: get_open_option_positions can only be called when logged in
2026-06-12 13:52:03,671 [INFO] No open long option positions.
2026-06-12 13:53:01,752 [INFO] --- RobinhoodSafeGuard tick | ET 14:53 | mode=LIVE ---
2026-06-12 13:53:13,724 [INFO] Robinhood login OK (session reused)
2026-06-12 13:53:13,725 [ERROR] get_open_option_positions error: get_open_option_positions can only be called when logged in
2026-06-12 13:53:13,725 [INFO] No open long option positions.
2026-06-12 13:54:01,451 [INFO] --- RobinhoodSafeGuard tick | ET 14:54 | mode=LIVE ---
2026-06-12 13:54:13,837 [INFO] Robinhood login OK (session reused)
2026-06-12 13:54:13,838 [ERROR] get_open_option_positions error: get_open_option_positions can only be called when logged in
2026-06-12 13:54:13,838 [INFO] No open long option positions.
2026-06-12 13:55:02,272 [INFO] --- RobinhoodSafeGuard tick | ET 14:55 | mode=LIVE ---
2026-06-12 13:55:14,520 [INFO] Robinhood login OK (session reused)
2026-06-12 13:55:14,520 [ERROR] get_open_option_positions error: get_open_option_positions can only be called when logged in
2026-06-12 13:55:14,520 [INFO] No open long option positions.
2026-06-12 13:56:01,898 [INFO] --- RobinhoodSafeGuard tick | ET 14:56 | mode=LIVE ---
2026-06-12 13:56:03,644 [INFO] Robinhood login OK (session reused)
2026-06-12 13:56:03,644 [ERROR] get_open_option_positions error: get_open_option_positions can only be called when logged in
2026-06-12 13:56:03,644 [INFO] No open long option positions.
2026-06-12 13:57:02,211 [INFO] --- RobinhoodSafeGuard tick | ET 14:57 | mode=LIVE ---
2026-06-12 13:57:14,188 [INFO] Robinhood login OK (session reused)
2026-06-12 13:57:14,188 [ERROR] get_open_option_positions error: get_open_option_positions can only be called when logged in
2026-06-12 13:57:14,189 [INFO] No open long option positions.
2026-06-12 13:58:02,053 [INFO] --- RobinhoodSafeGuard tick | ET 14:58 | mode=LIVE ---
2026-06-12 13:58:14,246 [INFO] Robinhood login OK (session reused)
2026-06-12 13:58:14,246 [ERROR] get_open_option_positions error: get_open_option_positions can only be called when logged in
2026-06-12 13:58:14,247 [INFO] No open long option positions.
2026-06-12 13:59:02,130 [INFO] --- RobinhoodSafeGuard tick | ET 14:59 | mode=LIVE ---
2026-06-12 13:59:14,458 [INFO] Robinhood login OK (session reused)
2026-06-12 13:59:14,458 [ERROR] get_open_option_positions error: get_open_option_positions can only be called when logged in
2026-06-12 13:59:14,459 [INFO] No open long option positions.
2026-06-12 14:00:02,058 [INFO] --- RobinhoodSafeGuard tick | ET 15:00 | mode=LIVE ---
2026-06-12 14:00:13,907 [INFO] Robinhood login OK (session reused)
2026-06-12 14:00:13,907 [ERROR] get_open_option_positions error: get_open_option_positions can only be called when logged in
2026-06-12 14:00:13,907 [INFO] No open long option positions.
2026-06-12 14:01:02,123 [INFO] --- RobinhoodSafeGuard tick | ET 15:01 | mode=LIVE ---
2026-06-12 14:01:14,193 [INFO] Robinhood login OK (session reused)
2026-06-12 14:01:14,193 [ERROR] get_open_option_positions error: get_open_option_positions can only be called when logged in
2026-06-12 14:01:14,193 [INFO] No open long option positions.
2026-06-12 14:02:01,693 [INFO] --- RobinhoodSafeGuard tick | ET 15:02 | mode=LIVE ---
2026-06-12 14:02:13,908 [INFO] Robinhood login OK (session reused)
2026-06-12 14:02:13,908 [ERROR] get_open_option_positions error: get_open_option_positions can only be called when logged in
2026-06-12 14:02:13,908 [INFO] No open long option positions.
2026-06-12 14:03:01,378 [INFO] --- RobinhoodSafeGuard tick | ET 15:03 | mode=LIVE ---
2026-06-12 14:03:13,529 [INFO] Robinhood login OK (session reused)
2026-06-12 14:03:13,530 [ERROR] get_open_option_positions error: get_open_option_positions can only be called when logged in
2026-06-12 14:03:13,530 [INFO] No open long option positions.
2026-06-12 14:04:01,288 [INFO] --- RobinhoodSafeGuard tick | ET 15:04 | mode=LIVE ---
2026-06-12 14:04:03,044 [INFO] Robinhood login OK (session reused)
2026-06-12 14:04:03,044 [ERROR] get_open_option_positions error: get_open_option_positions can only be called when logged in
2026-06-12 14:04:03,045 [INFO] No open long option positions.
2026-06-12 14:05:02,145 [INFO] --- RobinhoodSafeGuard tick | ET 15:05 | mode=LIVE ---
2026-06-12 14:05:14,422 [INFO] Robinhood login OK (session reused)
2026-06-12 14:05:14,423 [ERROR] get_open_option_positions error: get_open_option_positions can only be called when logged in
2026-06-12 14:05:14,423 [INFO] No open long option positions.
2026-06-12 14:06:01,386 [INFO] --- RobinhoodSafeGuard tick | ET 15:06 | mode=LIVE ---
2026-06-12 14:06:03,271 [INFO] Robinhood login OK (session reused)
2026-06-12 14:06:03,272 [ERROR] get_open_option_positions error: get_open_option_positions can only be called when logged in
2026-06-12 14:06:03,272 [INFO] No open long option positions.
2026-06-12 14:07:02,069 [INFO] --- RobinhoodSafeGuard tick | ET 15:07 | mode=LIVE ---
2026-06-12 14:07:14,298 [INFO] Robinhood login OK (session reused)
2026-06-12 14:07:14,298 [ERROR] get_open_option_positions error: get_open_option_positions can only be called when logged in
2026-06-12 14:07:14,298 [INFO] No open long option positions.
2026-06-12 14:08:01,654 [INFO] --- RobinhoodSafeGuard tick | ET 15:08 | mode=LIVE ---
2026-06-12 14:08:03,326 [INFO] Robinhood login OK (session reused)
2026-06-12 14:08:03,326 [ERROR] get_open_option_positions error: get_open_option_positions can only be called when logged in
2026-06-12 14:08:03,326 [INFO] No open long option positions.
2026-06-12 14:09:01,812 [INFO] --- RobinhoodSafeGuard tick | ET 15:09 | mode=LIVE ---
2026-06-12 14:09:14,117 [INFO] Robinhood login OK (session reused)
2026-06-12 14:09:14,118 [ERROR] get_open_option_positions error: get_open_option_positions can only be called when logged in
2026-06-12 14:09:14,118 [INFO] No open long option positions.
2026-06-12 14:10:01,531 [INFO] --- RobinhoodSafeGuard tick | ET 15:10 | mode=LIVE ---
2026-06-12 14:10:13,932 [INFO] Robinhood login OK (session reused)
2026-06-12 14:10:13,932 [ERROR] get_open_option_positions error: get_open_option_positions can only be called when logged in
2026-06-12 14:10:13,932 [INFO] No open long option positions.
2026-06-12 14:11:01,318 [INFO] --- RobinhoodSafeGuard tick | ET 15:11 | mode=LIVE ---
2026-06-12 14:11:13,412 [INFO] Robinhood login OK (session reused)
2026-06-12 14:11:13,413 [ERROR] get_open_option_positions error: get_open_option_positions can only be called when logged in
2026-06-12 14:11:13,413 [INFO] No open long option positions.
2026-06-12 14:12:01,355 [INFO] --- RobinhoodSafeGuard tick | ET 15:12 | mode=LIVE ---
2026-06-12 14:12:13,479 [INFO] Robinhood login OK (session reused)
2026-06-12 14:12:13,480 [ERROR] get_open_option_positions error: get_open_option_positions can only be called when logged in
2026-06-12 14:12:13,480 [INFO] No open long option positions.
2026-06-12 14:13:01,765 [INFO] --- RobinhoodSafeGuard tick | ET 15:13 | mode=LIVE ---
2026-06-12 14:13:13,946 [INFO] Robinhood login OK (session reused)
2026-06-12 14:13:13,947 [ERROR] get_open_option_positions error: get_open_option_positions can only be called when logged in
2026-06-12 14:13:13,947 [INFO] No open long option positions.
2026-06-12 14:14:01,556 [INFO] --- RobinhoodSafeGuard tick | ET 15:14 | mode=LIVE ---
2026-06-12 14:14:13,931 [INFO] Robinhood login OK (session reused)
2026-06-12 14:14:13,932 [ERROR] get_open_option_positions error: get_open_option_positions can only be called when logged in
2026-06-12 14:14:13,932 [INFO] No open long option positions.
2026-06-12 14:15:02,391 [INFO] --- RobinhoodSafeGuard tick | ET 15:15 | mode=LIVE ---
2026-06-12 14:15:14,479 [INFO] Robinhood login OK (session reused)
2026-06-12 14:15:14,480 [ERROR] get_open_option_positions error: get_open_option_positions can only be called when logged in
2026-06-12 14:15:14,480 [INFO] No open long option positions.
2026-06-12 14:16:02,004 [INFO] --- RobinhoodSafeGuard tick | ET 15:16 | mode=LIVE ---
2026-06-12 14:16:14,372 [INFO] Robinhood login OK (session reused)
2026-06-12 14:16:14,373 [ERROR] get_open_option_positions error: get_open_option_positions can only be called when logged in
2026-06-12 14:16:14,373 [INFO] No open long option positions.
2026-06-12 14:17:02,093 [INFO] --- RobinhoodSafeGuard tick | ET 15:17 | mode=LIVE ---
2026-06-12 14:17:14,265 [INFO] Robinhood login OK (session reused)
2026-06-12 14:17:14,266 [ERROR] get_open_option_positions error: get_open_option_positions can only be called when logged in
2026-06-12 14:17:14,266 [INFO] No open long option positions.
2026-06-12 14:18:01,410 [INFO] --- RobinhoodSafeGuard tick | ET 15:18 | mode=LIVE ---
2026-06-12 14:18:13,489 [INFO] Robinhood login OK (session reused)
2026-06-12 14:18:13,490 [ERROR] get_open_option_positions error: get_open_option_positions can only be called when logged in
2026-06-12 14:18:13,490 [INFO] No open long option positions.
2026-06-12 14:19:02,082 [INFO] --- RobinhoodSafeGuard tick | ET 15:19 | mode=LIVE ---
2026-06-12 14:19:13,975 [INFO] Robinhood login OK (session reused)
2026-06-12 14:19:13,976 [ERROR] get_open_option_positions error: get_open_option_positions can only be called when logged in
2026-06-12 14:19:13,976 [INFO] No open long option positions.
2026-06-12 14:20:02,083 [INFO] --- RobinhoodSafeGuard tick | ET 15:20 | mode=LIVE ---
2026-06-12 14:20:14,185 [INFO] Robinhood login OK (session reused)
2026-06-12 14:20:14,186 [ERROR] get_open_option_positions error: get_open_option_positions can only be called when logged in
2026-06-12 14:20:14,186 [INFO] No open long option positions.
2026-06-12 14:21:01,764 [INFO] --- RobinhoodSafeGuard tick | ET 15:21 | mode=LIVE ---
2026-06-12 14:21:14,166 [INFO] Robinhood login OK (session reused)
2026-06-12 14:21:14,167 [ERROR] get_open_option_positions error: get_open_option_positions can only be called when logged in
2026-06-12 14:21:14,167 [INFO] No open long option positions.
2026-06-12 14:22:01,494 [INFO] --- RobinhoodSafeGuard tick | ET 15:22 | mode=LIVE ---
2026-06-12 14:22:13,639 [INFO] Robinhood login OK (session reused)
2026-06-12 14:22:13,639 [ERROR] get_open_option_positions error: get_open_option_positions can only be called when logged in
2026-06-12 14:22:13,639 [INFO] No open long option positions.
2026-06-12 14:23:01,526 [INFO] --- RobinhoodSafeGuard tick | ET 15:23 | mode=LIVE ---
2026-06-12 14:23:13,591 [INFO] Robinhood login OK (session reused)
2026-06-12 14:23:13,591 [ERROR] get_open_option_positions error: get_open_option_positions can only be called when logged in
2026-06-12 14:23:13,591 [INFO] No open long option positions.
2026-06-12 14:24:02,204 [INFO] --- RobinhoodSafeGuard tick | ET 15:24 | mode=LIVE ---
2026-06-12 14:24:14,342 [INFO] Robinhood login OK (session reused)
2026-06-12 14:24:14,342 [ERROR] get_open_option_positions error: get_open_option_positions can only be called when logged in
2026-06-12 14:24:14,342 [INFO] No open long option positions.
2026-06-12 14:25:02,412 [INFO] --- RobinhoodSafeGuard tick | ET 15:25 | mode=LIVE ---
2026-06-12 14:25:14,269 [INFO] Robinhood login OK (session reused)
2026-06-12 14:25:14,270 [ERROR] get_open_option_positions error: get_open_option_positions can only be called when logged in
2026-06-12 14:25:14,270 [INFO] No open long option positions.
2026-06-12 14:26:02,241 [INFO] --- RobinhoodSafeGuard tick | ET 15:26 | mode=LIVE ---
2026-06-12 14:26:14,486 [INFO] Robinhood login OK (session reused)
2026-06-12 14:26:14,487 [ERROR] get_open_option_positions error: get_open_option_positions can only be called when logged in
2026-06-12 14:26:14,487 [INFO] No open long option positions.
2026-06-12 14:27:01,903 [INFO] --- RobinhoodSafeGuard tick | ET 15:27 | mode=LIVE ---
2026-06-12 14:27:14,274 [INFO] Robinhood login OK (session reused)
2026-06-12 14:27:14,274 [ERROR] get_open_option_positions error: get_open_option_positions can only be called when logged in
2026-06-12 14:27:14,274 [INFO] No open long option positions.
2026-06-12 14:28:01,706 [INFO] --- RobinhoodSafeGuard tick | ET 15:28 | mode=LIVE ---
2026-06-12 14:28:13,480 [INFO] Robinhood login OK (session reused)
2026-06-12 14:28:13,480 [ERROR] get_open_option_positions error: get_open_option_positions can only be called when logged in
2026-06-12 14:28:13,480 [INFO] No open long option positions.
2026-06-12 14:29:01,410 [INFO] --- RobinhoodSafeGuard tick | ET 15:29 | mode=LIVE ---
2026-06-12 14:29:13,650 [INFO] Robinhood login OK (session reused)
2026-06-12 14:29:13,651 [ERROR] get_open_option_positions error: get_open_option_positions can only be called when logged in
2026-06-12 14:29:13,651 [INFO] No open long option positions.
2026-06-12 14:30:02,177 [INFO] --- RobinhoodSafeGuard tick | ET 15:30 | mode=LIVE ---
2026-06-12 14:30:14,375 [INFO] Robinhood login OK (session reused)
2026-06-12 14:30:14,375 [ERROR] get_open_option_positions error: get_open_option_positions can only be called when logged in
2026-06-12 14:30:14,376 [INFO] No open long option positions.
2026-06-12 14:31:01,887 [INFO] --- RobinhoodSafeGuard tick | ET 15:31 | mode=LIVE ---
2026-06-12 14:31:13,989 [INFO] Robinhood login OK (session reused)
2026-06-12 14:31:13,990 [ERROR] get_open_option_positions error: get_open_option_positions can only be called when logged in
2026-06-12 14:31:13,990 [INFO] No open long option positions.
2026-06-12 14:32:01,931 [INFO] --- RobinhoodSafeGuard tick | ET 15:32 | mode=LIVE ---
2026-06-12 14:32:14,575 [INFO] Robinhood login OK (session reused)
2026-06-12 14:32:14,576 [ERROR] get_open_option_positions error: get_open_option_positions can only be called when logged in
2026-06-12 14:32:14,576 [INFO] No open long option positions.
2026-06-12 14:33:01,867 [INFO] --- RobinhoodSafeGuard tick | ET 15:33 | mode=LIVE ---
2026-06-12 14:33:13,644 [INFO] Robinhood login OK (session reused)
2026-06-12 14:33:13,644 [ERROR] get_open_option_positions error: get_open_option_positions can only be called when logged in
2026-06-12 14:33:13,644 [INFO] No open long option positions.
2026-06-12 14:34:01,422 [INFO] --- RobinhoodSafeGuard tick | ET 15:34 | mode=LIVE ---
2026-06-12 14:34:13,716 [INFO] Robinhood login OK (session reused)
2026-06-12 14:34:13,717 [ERROR] get_open_option_positions error: get_open_option_positions can only be called when logged in
2026-06-12 14:34:13,717 [INFO] No open long option positions.
2026-06-12 14:35:02,227 [INFO] --- RobinhoodSafeGuard tick | ET 15:35 | mode=LIVE ---
2026-06-12 14:35:14,364 [INFO] Robinhood login OK (session reused)
2026-06-12 14:35:14,365 [ERROR] get_open_option_positions error: get_open_option_positions can only be called when logged in
2026-06-12 14:35:14,365 [INFO] No open long option positions.
2026-06-12 14:36:01,991 [INFO] --- RobinhoodSafeGuard tick | ET 15:36 | mode=LIVE ---
2026-06-12 14:36:14,348 [INFO] Robinhood login OK (session reused)
2026-06-12 14:36:14,349 [ERROR] get_open_option_positions error: get_open_option_positions can only be called when logged in
2026-06-12 14:36:14,349 [INFO] No open long option positions.
2026-06-12 14:37:01,809 [INFO] --- RobinhoodSafeGuard tick | ET 15:37 | mode=LIVE ---
2026-06-12 14:37:13,731 [INFO] Robinhood login OK (session reused)
2026-06-12 14:37:13,732 [ERROR] get_open_option_positions error: get_open_option_positions can only be called when logged in
2026-06-12 14:37:13,732 [INFO] No open long option positions.
2026-06-12 14:38:01,506 [INFO] --- RobinhoodSafeGuard tick | ET 15:38 | mode=LIVE ---
2026-06-12 14:38:13,851 [INFO] Robinhood login OK (session reused)
2026-06-12 14:38:13,851 [ERROR] get_open_option_positions error: get_open_option_positions can only be called when logged in
2026-06-12 14:38:13,852 [INFO] No open long option positions.
2026-06-12 14:39:01,354 [INFO] --- RobinhoodSafeGuard tick | ET 15:39 | mode=LIVE ---
2026-06-12 14:39:13,286 [INFO] Robinhood login OK (session reused)
2026-06-12 14:39:13,286 [ERROR] get_open_option_positions error: get_open_option_positions can only be called when logged in
2026-06-12 14:39:13,286 [INFO] No open long option positions.
2026-06-12 14:40:02,256 [INFO] --- RobinhoodSafeGuard tick | ET 15:40 | mode=LIVE ---
2026-06-12 14:40:14,382 [INFO] Robinhood login OK (session reused)
2026-06-12 14:40:14,383 [ERROR] get_open_option_positions error: get_open_option_positions can only be called when logged in
2026-06-12 14:40:14,383 [INFO] No open long option positions.
2026-06-12 14:41:01,988 [INFO] --- RobinhoodSafeGuard tick | ET 15:41 | mode=LIVE ---
2026-06-12 14:41:14,112 [INFO] Robinhood login OK (session reused)
2026-06-12 14:41:14,112 [ERROR] get_open_option_positions error: get_open_option_positions can only be called when logged in
2026-06-12 14:41:14,113 [INFO] No open long option positions.
2026-06-12 14:42:01,866 [INFO] --- RobinhoodSafeGuard tick | ET 15:42 | mode=LIVE ---
2026-06-12 14:42:13,910 [INFO] Robinhood login OK (session reused)
2026-06-12 14:42:13,911 [ERROR] get_open_option_positions error: get_open_option_positions can only be called when logged in
2026-06-12 14:42:13,911 [INFO] No open long option positions.
2026-06-12 14:43:01,606 [INFO] --- RobinhoodSafeGuard tick | ET 15:43 | mode=LIVE ---
2026-06-12 14:43:03,539 [INFO] Robinhood login OK (session reused)
2026-06-12 14:43:03,540 [ERROR] get_open_option_positions error: get_open_option_positions can only be called when logged in
2026-06-12 14:43:03,540 [INFO] No open long option positions.
2026-06-12 14:44:01,488 [INFO] --- RobinhoodSafeGuard tick | ET 15:44 | mode=LIVE ---
2026-06-12 14:44:13,543 [INFO] Robinhood login OK (session reused)
2026-06-12 14:44:13,543 [ERROR] get_open_option_positions error: get_open_option_positions can only be called when logged in
2026-06-12 14:44:13,543 [INFO] No open long option positions.
2026-06-12 14:45:02,344 [INFO] --- RobinhoodSafeGuard tick | ET 15:45 | mode=LIVE ---
2026-06-12 14:45:14,468 [INFO] Robinhood login OK (session reused)
2026-06-12 14:45:14,468 [ERROR] get_open_option_positions error: get_open_option_positions can only be called when logged in
2026-06-12 14:45:14,468 [INFO] No open long option positions.
2026-06-12 14:46:02,066 [INFO] --- RobinhoodSafeGuard tick | ET 15:46 | mode=LIVE ---
2026-06-12 14:46:14,243 [INFO] Robinhood login OK (session reused)
2026-06-12 14:46:14,244 [ERROR] get_open_option_positions error: get_open_option_positions can only be called when logged in
2026-06-12 14:46:14,244 [INFO] No open long option positions.
2026-06-12 14:47:01,789 [INFO] --- RobinhoodSafeGuard tick | ET 15:47 | mode=LIVE ---
2026-06-12 14:47:13,758 [INFO] Robinhood login OK (session reused)
2026-06-12 14:47:13,758 [ERROR] get_open_option_positions error: get_open_option_positions can only be called when logged in
2026-06-12 14:47:13,759 [INFO] No open long option positions.
2026-06-12 14:48:02,047 [INFO] --- RobinhoodSafeGuard tick | ET 15:48 | mode=LIVE ---
2026-06-12 14:48:03,865 [INFO] Robinhood login OK (session reused)
2026-06-12 14:48:03,865 [ERROR] get_open_option_positions error: get_open_option_positions can only be called when logged in
2026-06-12 14:48:03,866 [INFO] No open long option positions.
2026-06-12 14:49:01,954 [INFO] --- RobinhoodSafeGuard tick | ET 15:49 | mode=LIVE ---
2026-06-12 14:49:03,516 [INFO] Robinhood login OK (session reused)
2026-06-12 14:49:03,517 [ERROR] get_open_option_positions error: get_open_option_positions can only be called when logged in
2026-06-12 14:49:03,517 [INFO] No open long option positions.
2026-06-12 14:50:02,405 [INFO] --- RobinhoodSafeGuard tick | ET 15:50 | mode=LIVE ---
2026-06-12 14:50:14,479 [INFO] Robinhood login OK (session reused)
2026-06-12 14:50:14,479 [ERROR] get_open_option_positions error: get_open_option_positions can only be called when logged in
2026-06-12 14:50:14,479 [INFO] No open long option positions.
2026-06-12 14:51:02,213 [INFO] --- RobinhoodSafeGuard tick | ET 15:51 | mode=LIVE ---
2026-06-12 14:51:04,105 [INFO] Robinhood login OK (session reused)
2026-06-12 14:51:04,105 [ERROR] get_open_option_positions error: get_open_option_positions can only be called when logged in
2026-06-12 14:51:04,106 [INFO] No open long option positions.
2026-06-12 14:52:01,875 [INFO] --- RobinhoodSafeGuard tick | ET 15:52 | mode=LIVE ---
2026-06-12 14:52:03,540 [INFO] Robinhood login OK (session reused)
2026-06-12 14:52:03,540 [ERROR] get_open_option_positions error: get_open_option_positions can only be called when logged in
2026-06-12 14:52:03,540 [INFO] No open long option positions.
2026-06-12 14:53:01,634 [INFO] --- RobinhoodSafeGuard tick | ET 15:53 | mode=LIVE ---
2026-06-12 14:53:13,940 [INFO] Robinhood login OK (session reused)
2026-06-12 14:53:13,941 [ERROR] get_open_option_positions error: get_open_option_positions can only be called when logged in
2026-06-12 14:53:13,941 [INFO] No open long option positions.
2026-06-12 14:54:02,238 [INFO] --- RobinhoodSafeGuard tick | ET 15:54 | mode=LIVE ---
2026-06-12 14:54:14,449 [INFO] Robinhood login OK (session reused)
2026-06-12 14:54:14,450 [ERROR] get_open_option_positions error: get_open_option_positions can only be called when logged in
2026-06-12 14:54:14,450 [INFO] No open long option positions.
2026-06-12 14:55:02,261 [INFO] --- RobinhoodSafeGuard tick | ET 15:55 | mode=LIVE ---
2026-06-12 14:55:04,127 [INFO] Robinhood login OK (session reused)
2026-06-12 14:55:04,127 [ERROR] get_open_option_positions error: get_open_option_positions can only be called when logged in
2026-06-12 14:55:04,127 [INFO] No open long option positions.
2026-06-12 14:56:01,598 [INFO] --- RobinhoodSafeGuard tick | ET 15:56 | mode=LIVE ---
2026-06-12 14:56:13,642 [INFO] Robinhood login OK (session reused)
2026-06-12 14:56:13,643 [ERROR] get_open_option_positions error: get_open_option_positions can only be called when logged in
2026-06-12 14:56:13,643 [INFO] No open long option positions.
2026-06-12 14:57:01,949 [INFO] --- RobinhoodSafeGuard tick | ET 15:57 | mode=LIVE ---
2026-06-12 14:57:03,765 [INFO] Robinhood login OK (session reused)
2026-06-12 14:57:03,765 [ERROR] get_open_option_positions error: get_open_option_positions can only be called when logged in
2026-06-12 14:57:03,766 [INFO] No open long option positions.
2026-06-12 14:58:02,079 [INFO] --- RobinhoodSafeGuard tick | ET 15:58 | mode=LIVE ---
2026-06-12 14:58:14,544 [INFO] Robinhood login OK (session reused)
2026-06-12 14:58:14,545 [ERROR] get_open_option_positions error: get_open_option_positions can only be called when logged in
2026-06-12 14:58:14,545 [INFO] No open long option positions.
2026-06-12 14:59:01,833 [INFO] --- RobinhoodSafeGuard tick | ET 15:59 | mode=LIVE ---
2026-06-12 14:59:14,119 [INFO] Robinhood login OK (session reused)
2026-06-12 14:59:14,119 [ERROR] get_open_option_positions error: get_open_option_positions can only be called when logged in
2026-06-12 14:59:14,119 [INFO] No open long option positions.
2026-06-12 15:00:01,740 [INFO] --- RobinhoodSafeGuard tick | ET 16:00 | mode=LIVE ---
2026-06-12 15:00:13,875 [INFO] Robinhood login OK (session reused)
2026-06-12 15:00:13,875 [ERROR] get_open_option_positions error: get_open_option_positions can only be called when logged in
2026-06-12 15:00:13,876 [INFO] No open long option positions.
2026-06-12 15:01:01,323 [INFO] --- RobinhoodSafeGuard tick | ET 16:01 | mode=LIVE ---
2026-06-12 15:01:01,323 [INFO] Market closed — nothing to do.
2026-06-12 15:02:01,296 [INFO] --- RobinhoodSafeGuard tick | ET 16:02 | mode=LIVE ---
2026-06-12 15:02:01,296 [INFO] Market closed — nothing to do.
2026-06-12 15:03:01,305 [INFO] --- RobinhoodSafeGuard tick | ET 16:03 | mode=LIVE ---
2026-06-12 15:03:01,305 [INFO] Market closed — nothing to do.
2026-06-12 15:04:02,106 [INFO] --- RobinhoodSafeGuard tick | ET 16:04 | mode=LIVE ---
2026-06-12 15:04:02,106 [INFO] Market closed — nothing to do.
2026-06-12 15:05:02,445 [INFO] --- RobinhoodSafeGuard tick | ET 16:05 | mode=LIVE ---
2026-06-12 15:05:02,446 [INFO] Market closed — nothing to do.
2026-06-12 15:06:01,647 [INFO] --- RobinhoodSafeGuard tick | ET 16:06 | mode=LIVE ---
2026-06-12 15:06:01,647 [INFO] Market closed — nothing to do.
2026-06-12 15:07:01,512 [INFO] --- RobinhoodSafeGuard tick | ET 16:07 | mode=LIVE ---
2026-06-12 15:07:01,512 [INFO] Market closed — nothing to do.
2026-06-12 15:08:01,409 [INFO] --- RobinhoodSafeGuard tick | ET 16:08 | mode=LIVE ---
2026-06-12 15:08:01,409 [INFO] Market closed — nothing to do.
2026-06-12 15:09:02,224 [INFO] --- RobinhoodSafeGuard tick | ET 16:09 | mode=LIVE ---
2026-06-12 15:09:02,225 [INFO] Market closed — nothing to do.
2026-06-12 15:10:02,175 [INFO] --- RobinhoodSafeGuard tick | ET 16:10 | mode=LIVE ---
2026-06-12 15:10:02,175 [INFO] Market closed — nothing to do.
2026-06-12 15:11:01,362 [INFO] --- RobinhoodSafeGuard tick | ET 16:11 | mode=LIVE ---
2026-06-12 15:11:01,362 [INFO] Market closed — nothing to do.
2026-06-12 15:12:02,250 [INFO] --- RobinhoodSafeGuard tick | ET 16:12 | mode=LIVE ---
2026-06-12 15:12:02,250 [INFO] Market closed — nothing to do.
2026-06-12 15:13:02,073 [INFO] --- RobinhoodSafeGuard tick | ET 16:13 | mode=LIVE ---
2026-06-12 15:13:02,074 [INFO] Market closed — nothing to do.
2026-06-12 15:14:01,739 [INFO] --- RobinhoodSafeGuard tick | ET 16:14 | mode=LIVE ---
2026-06-12 15:14:01,739 [INFO] Market closed — nothing to do.
2026-06-12 15:15:01,820 [INFO] --- RobinhoodSafeGuard tick | ET 16:15 | mode=LIVE ---
2026-06-12 15:15:01,820 [INFO] Market closed — nothing to do.
2026-06-12 15:16:01,290 [INFO] --- RobinhoodSafeGuard tick | ET 16:16 | mode=LIVE ---
2026-06-12 15:16:01,290 [INFO] Market closed — nothing to do.
2026-06-12 15:17:02,137 [INFO] --- RobinhoodSafeGuard tick | ET 16:17 | mode=LIVE ---
2026-06-12 15:17:02,137 [INFO] Market closed — nothing to do.
2026-06-12 15:18:01,962 [INFO] --- RobinhoodSafeGuard tick | ET 16:18 | mode=LIVE ---
2026-06-12 15:18:01,962 [INFO] Market closed — nothing to do.
2026-06-12 15:19:01,730 [INFO] --- RobinhoodSafeGuard tick | ET 16:19 | mode=LIVE ---
2026-06-12 15:19:01,730 [INFO] Market closed — nothing to do.
2026-06-12 15:20:01,561 [INFO] --- RobinhoodSafeGuard tick | ET 16:20 | mode=LIVE ---
2026-06-12 15:20:01,561 [INFO] Market closed — nothing to do.
2026-06-12 15:21:01,647 [INFO] --- RobinhoodSafeGuard tick | ET 16:21 | mode=LIVE ---
2026-06-12 15:21:01,657 [INFO] Market closed — nothing to do.
2026-06-12 15:22:01,325 [INFO] --- RobinhoodSafeGuard tick | ET 16:22 | mode=LIVE ---
2026-06-12 15:22:01,325 [INFO] Market closed — nothing to do.
2026-06-12 15:23:01,965 [INFO] --- RobinhoodSafeGuard tick | ET 16:23 | mode=LIVE ---
2026-06-12 15:23:01,965 [INFO] Market closed — nothing to do.
2026-06-12 15:24:01,714 [INFO] --- RobinhoodSafeGuard tick | ET 16:24 | mode=LIVE ---
2026-06-12 15:24:01,715 [INFO] Market closed — nothing to do.
2026-06-12 15:25:01,577 [INFO] --- RobinhoodSafeGuard tick | ET 16:25 | mode=LIVE ---
2026-06-12 15:25:01,577 [INFO] Market closed — nothing to do.
2026-06-12 15:26:02,232 [INFO] --- RobinhoodSafeGuard tick | ET 16:26 | mode=LIVE ---
2026-06-12 15:26:02,232 [INFO] Market closed — nothing to do.
2026-06-12 15:27:01,903 [INFO] --- RobinhoodSafeGuard tick | ET 16:27 | mode=LIVE ---
2026-06-12 15:27:01,903 [INFO] Market closed — nothing to do.
2026-06-12 15:28:01,488 [INFO] --- RobinhoodSafeGuard tick | ET 16:28 | mode=LIVE ---
2026-06-12 15:28:01,488 [INFO] Market closed — nothing to do.
2026-06-12 15:29:01,296 [INFO] --- RobinhoodSafeGuard tick | ET 16:29 | mode=LIVE ---
2026-06-12 15:29:01,296 [INFO] Market closed — nothing to do.
2026-06-12 15:30:02,249 [INFO] --- RobinhoodSafeGuard tick | ET 16:30 | mode=LIVE ---
2026-06-12 15:30:02,249 [INFO] Market closed — nothing to do.
2026-06-12 15:31:02,140 [INFO] --- RobinhoodSafeGuard tick | ET 16:31 | mode=LIVE ---
2026-06-12 15:31:02,140 [INFO] Market closed — nothing to do.
2026-06-12 15:32:01,553 [INFO] --- RobinhoodSafeGuard tick | ET 16:32 | mode=LIVE ---
2026-06-12 15:32:01,553 [INFO] Market closed — nothing to do.
2026-06-12 15:33:01,372 [INFO] --- RobinhoodSafeGuard tick | ET 16:33 | mode=LIVE ---
2026-06-12 15:33:01,372 [INFO] Market closed — nothing to do.
2026-06-12 15:34:02,136 [INFO] --- RobinhoodSafeGuard tick | ET 16:34 | mode=LIVE ---
2026-06-12 15:34:02,136 [INFO] Market closed — nothing to do.
2026-06-12 15:35:02,020 [INFO] --- RobinhoodSafeGuard tick | ET 16:35 | mode=LIVE ---
2026-06-12 15:35:02,021 [INFO] Market closed — nothing to do.
2026-06-12 15:36:01,546 [INFO] --- RobinhoodSafeGuard tick | ET 16:36 | mode=LIVE ---
2026-06-12 15:36:01,547 [INFO] Market closed — nothing to do.
2026-06-12 15:37:02,237 [INFO] --- RobinhoodSafeGuard tick | ET 16:37 | mode=LIVE ---
2026-06-12 15:37:02,238 [INFO] Market closed — nothing to do.
2026-06-12 15:38:01,786 [INFO] --- RobinhoodSafeGuard tick | ET 16:38 | mode=LIVE ---
2026-06-12 15:38:01,786 [INFO] Market closed — nothing to do.
2026-06-12 15:39:01,620 [INFO] --- RobinhoodSafeGuard tick | ET 16:39 | mode=LIVE ---
2026-06-12 15:39:01,620 [INFO] Market closed — nothing to do.
2026-06-12 15:40:02,386 [INFO] --- RobinhoodSafeGuard tick | ET 16:40 | mode=LIVE ---
2026-06-12 15:40:02,387 [INFO] Market closed — nothing to do.
2026-06-12 15:41:01,902 [INFO] --- RobinhoodSafeGuard tick | ET 16:41 | mode=LIVE ---
2026-06-12 15:41:01,902 [INFO] Market closed — nothing to do.
2026-06-12 15:42:01,523 [INFO] --- RobinhoodSafeGuard tick | ET 16:42 | mode=LIVE ---
2026-06-12 15:42:01,523 [INFO] Market closed — nothing to do.
2026-06-12 15:43:02,104 [INFO] --- RobinhoodSafeGuard tick | ET 16:43 | mode=LIVE ---
2026-06-12 15:43:02,104 [INFO] Market closed — nothing to do.
2026-06-12 15:44:01,815 [INFO] --- RobinhoodSafeGuard tick | ET 16:44 | mode=LIVE ---
2026-06-12 15:44:01,815 [INFO] Market closed — nothing to do.
2026-06-12 15:45:01,712 [INFO] --- RobinhoodSafeGuard tick | ET 16:45 | mode=LIVE ---
2026-06-12 15:45:01,712 [INFO] Market closed — nothing to do.
2026-06-12 15:46:01,409 [INFO] --- RobinhoodSafeGuard tick | ET 16:46 | mode=LIVE ---
2026-06-12 15:46:01,409 [INFO] Market closed — nothing to do.
2026-06-12 15:47:01,294 [INFO] --- RobinhoodSafeGuard tick | ET 16:47 | mode=LIVE ---
2026-06-12 15:47:01,295 [INFO] Market closed — nothing to do.
2026-06-12 15:48:02,135 [INFO] --- RobinhoodSafeGuard tick | ET 16:48 | mode=LIVE ---
2026-06-12 15:48:02,135 [INFO] Market closed — nothing to do.
2026-06-12 15:49:01,737 [INFO] --- RobinhoodSafeGuard tick | ET 16:49 | mode=LIVE ---
2026-06-12 15:49:01,737 [INFO] Market closed — nothing to do.
2026-06-12 15:50:01,545 [INFO] --- RobinhoodSafeGuard tick | ET 16:50 | mode=LIVE ---
2026-06-12 15:50:01,545 [INFO] Market closed — nothing to do.
2026-06-12 15:51:02,231 [INFO] --- RobinhoodSafeGuard tick | ET 16:51 | mode=LIVE ---
2026-06-12 15:51:02,232 [INFO] Market closed — nothing to do.
2026-06-12 15:52:01,677 [INFO] --- RobinhoodSafeGuard tick | ET 16:52 | mode=LIVE ---
2026-06-12 15:52:01,677 [INFO] Market closed — nothing to do.
2026-06-12 15:53:01,395 [INFO] --- RobinhoodSafeGuard tick | ET 16:53 | mode=LIVE ---
2026-06-12 15:53:01,396 [INFO] Market closed — nothing to do.
2026-06-12 15:54:02,152 [INFO] --- RobinhoodSafeGuard tick | ET 16:54 | mode=LIVE ---
2026-06-12 15:54:02,152 [INFO] Market closed — nothing to do.
2026-06-12 15:55:02,367 [INFO] --- RobinhoodSafeGuard tick | ET 16:55 | mode=LIVE ---
2026-06-12 15:55:02,368 [INFO] Market closed — nothing to do.
2026-06-12 15:56:01,844 [INFO] --- RobinhoodSafeGuard tick | ET 16:56 | mode=LIVE ---
2026-06-12 15:56:01,844 [INFO] Market closed — nothing to do.
2026-06-12 15:57:01,969 [INFO] --- RobinhoodSafeGuard tick | ET 16:57 | mode=LIVE ---
2026-06-12 15:57:01,969 [INFO] Market closed — nothing to do.
2026-06-12 15:58:01,457 [INFO] --- RobinhoodSafeGuard tick | ET 16:58 | mode=LIVE ---
2026-06-12 15:58:01,458 [INFO] Market closed — nothing to do.
2026-06-12 15:59:01,998 [INFO] --- RobinhoodSafeGuard tick | ET 16:59 | mode=LIVE ---
2026-06-12 15:59:01,998 [INFO] Market closed — nothing to do.
2026-06-15 08:00:02,113 [INFO] --- RobinhoodSafeGuard tick | ET 09:00 | mode=LIVE ---
2026-06-15 08:00:02,113 [INFO] Market closed — nothing to do.
2026-06-15 08:05:02,042 [INFO] --- RobinhoodSafeGuard tick | ET 09:05 | mode=LIVE ---
2026-06-15 08:05:02,042 [INFO] Market closed — nothing to do.
2026-06-15 08:10:01,912 [INFO] --- RobinhoodSafeGuard tick | ET 09:10 | mode=LIVE ---
2026-06-15 08:10:01,912 [INFO] Market closed — nothing to do.
2026-06-15 08:15:01,672 [INFO] --- RobinhoodSafeGuard tick | ET 09:15 | mode=LIVE ---
2026-06-15 08:15:01,672 [INFO] Market closed — nothing to do.
2026-06-15 08:20:01,781 [INFO] --- RobinhoodSafeGuard tick | ET 09:20 | mode=LIVE ---
2026-06-15 08:20:01,781 [INFO] Market closed — nothing to do.
2026-06-15 08:25:02,194 [INFO] --- RobinhoodSafeGuard tick | ET 09:25 | mode=LIVE ---
2026-06-15 08:25:02,194 [INFO] Market closed — nothing to do.
2026-06-15 08:30:02,148 [INFO] --- RobinhoodSafeGuard tick | ET 09:30 | mode=LIVE ---
2026-06-15 08:30:16,387 [INFO] Robinhood login OK (session reused)
2026-06-15 08:30:16,387 [ERROR] get_open_option_positions error: get_open_option_positions can only be called when logged in
2026-06-15 08:30:16,388 [INFO] No open long option positions.
2026-06-15 08:35:02,285 [INFO] --- RobinhoodSafeGuard tick | ET 09:35 | mode=LIVE ---
2026-06-15 08:35:17,194 [INFO] Robinhood login OK (session reused)
2026-06-15 08:35:17,194 [ERROR] get_open_option_positions error: get_open_option_positions can only be called when logged in
2026-06-15 08:35:17,195 [INFO] No open long option positions.
2026-06-15 08:40:02,081 [INFO] --- RobinhoodSafeGuard tick | ET 09:40 | mode=LIVE ---
2026-06-15 08:40:17,173 [INFO] Robinhood login OK (session reused)
2026-06-15 08:40:17,173 [ERROR] get_open_option_positions error: get_open_option_positions can only be called when logged in
2026-06-15 08:40:17,174 [INFO] No open long option positions.
2026-06-15 08:45:02,140 [INFO] --- RobinhoodSafeGuard tick | ET 09:45 | mode=LIVE ---
2026-06-15 08:45:16,839 [INFO] Robinhood login OK (session reused)
2026-06-15 08:45:16,839 [ERROR] get_open_option_positions error: get_open_option_positions can only be called when logged in
2026-06-15 08:45:16,839 [INFO] No open long option positions.
2026-06-15 08:50:01,760 [INFO] --- RobinhoodSafeGuard tick | ET 09:50 | mode=LIVE ---
2026-06-15 08:50:16,237 [INFO] Robinhood login OK (session reused)
2026-06-15 08:50:16,238 [ERROR] get_open_option_positions error: get_open_option_positions can only be called when logged in
2026-06-15 08:50:16,238 [INFO] No open long option positions.
2026-06-15 08:55:02,242 [INFO] --- RobinhoodSafeGuard tick | ET 09:55 | mode=LIVE ---
2026-06-15 08:55:16,315 [INFO] Robinhood login OK (session reused)
2026-06-15 08:55:16,315 [ERROR] get_open_option_positions error: get_open_option_positions can only be called when logged in
2026-06-15 08:55:16,315 [INFO] No open long option positions.
2026-06-15 09:00:02,187 [INFO] --- RobinhoodSafeGuard tick | ET 10:00 | mode=LIVE ---
2026-06-15 09:00:16,537 [INFO] Robinhood login OK (session reused)
2026-06-15 09:00:16,538 [ERROR] get_open_option_positions error: get_open_option_positions can only be called when logged in
2026-06-15 09:00:16,538 [INFO] No open long option positions.
2026-06-15 09:05:02,043 [INFO] --- RobinhoodSafeGuard tick | ET 10:05 | mode=LIVE ---
2026-06-15 09:05:15,967 [INFO] Robinhood login OK (session reused)
2026-06-15 09:05:15,968 [ERROR] get_open_option_positions error: get_open_option_positions can only be called when logged in
2026-06-15 09:05:15,968 [INFO] No open long option positions.
2026-06-15 09:10:02,016 [INFO] --- RobinhoodSafeGuard tick | ET 10:10 | mode=LIVE ---
2026-06-15 09:10:16,181 [INFO] Robinhood login OK (session reused)
2026-06-15 09:10:16,182 [ERROR] get_open_option_positions error: get_open_option_positions can only be called when logged in
2026-06-15 09:10:16,182 [INFO] No open long option positions.
2026-06-15 09:15:02,069 [INFO] --- RobinhoodSafeGuard tick | ET 10:15 | mode=LIVE ---
2026-06-15 09:15:15,824 [INFO] Robinhood login OK (session reused)
2026-06-15 09:15:15,824 [ERROR] get_open_option_positions error: get_open_option_positions can only be called when logged in
2026-06-15 09:15:15,824 [INFO] No open long option positions.
2026-06-15 09:20:01,946 [INFO] --- RobinhoodSafeGuard tick | ET 10:20 | mode=LIVE ---
2026-06-15 09:20:15,679 [INFO] Robinhood login OK (session reused)
2026-06-15 09:20:15,679 [ERROR] get_open_option_positions error: get_open_option_positions can only be called when logged in
2026-06-15 09:20:15,679 [INFO] No open long option positions.
2026-06-15 09:25:02,182 [INFO] --- RobinhoodSafeGuard tick | ET 10:25 | mode=LIVE ---
2026-06-15 09:25:15,808 [INFO] Robinhood login OK (session reused)
2026-06-15 09:25:15,809 [ERROR] get_open_option_positions error: get_open_option_positions can only be called when logged in
2026-06-15 09:25:15,809 [INFO] No open long option positions.
2026-06-15 09:30:01,884 [INFO] --- RobinhoodSafeGuard tick | ET 10:30 | mode=LIVE ---
2026-06-15 09:30:15,642 [INFO] Robinhood login OK (session reused)
2026-06-15 09:30:15,643 [ERROR] get_open_option_positions error: get_open_option_positions can only be called when logged in
2026-06-15 09:30:15,643 [INFO] No open long option positions.
2026-06-15 09:35:01,864 [INFO] --- RobinhoodSafeGuard tick | ET 10:35 | mode=LIVE ---
2026-06-15 09:35:15,673 [INFO] Robinhood login OK (session reused)
2026-06-15 09:35:15,673 [ERROR] get_open_option_positions error: get_open_option_positions can only be called when logged in
2026-06-15 09:35:15,674 [INFO] No open long option positions.
2026-06-15 09:40:01,936 [INFO] --- RobinhoodSafeGuard tick | ET 10:40 | mode=LIVE ---
2026-06-15 09:40:15,903 [INFO] Robinhood login OK (session reused)
2026-06-15 09:40:15,904 [ERROR] get_open_option_positions error: get_open_option_positions can only be called when logged in
2026-06-15 09:40:15,904 [INFO] No open long option positions.
2026-06-15 09:45:02,244 [INFO] --- RobinhoodSafeGuard tick | ET 10:45 | mode=LIVE ---
2026-06-15 09:45:15,823 [INFO] Robinhood login OK (session reused)
2026-06-15 09:45:15,824 [ERROR] get_open_option_positions error: get_open_option_positions can only be called when logged in
2026-06-15 09:45:15,824 [INFO] No open long option positions.
2026-06-15 09:50:02,396 [INFO] --- RobinhoodSafeGuard tick | ET 10:50 | mode=LIVE ---
2026-06-15 09:50:16,019 [INFO] Robinhood login OK (session reused)
2026-06-15 09:50:16,019 [ERROR] get_open_option_positions error: get_open_option_positions can only be called when logged in
2026-06-15 09:50:16,020 [INFO] No open long option positions.
2026-06-15 09:55:02,057 [INFO] --- RobinhoodSafeGuard tick | ET 10:55 | mode=LIVE ---
2026-06-15 09:55:15,936 [INFO] Robinhood login OK (session reused)
2026-06-15 09:55:15,936 [ERROR] get_open_option_positions error: get_open_option_positions can only be called when logged in
2026-06-15 09:55:15,937 [INFO] No open long option positions.
2026-06-15 10:00:02,047 [INFO] --- RobinhoodSafeGuard tick | ET 11:00 | mode=LIVE ---
2026-06-15 10:00:15,957 [INFO] Robinhood login OK (session reused)
2026-06-15 10:00:15,959 [ERROR] get_open_option_positions error: get_open_option_positions can only be called when logged in
2026-06-15 10:00:15,959 [INFO] No open long option positions.
2026-06-15 10:05:01,673 [INFO] --- RobinhoodSafeGuard tick | ET 11:05 | mode=LIVE ---
2026-06-15 10:05:15,196 [INFO] Robinhood login OK (session reused)
2026-06-15 10:05:15,197 [ERROR] get_open_option_positions error: get_open_option_positions can only be called when logged in
2026-06-15 10:05:15,197 [INFO] No open long option positions.
2026-06-15 10:10:02,029 [INFO] --- RobinhoodSafeGuard tick | ET 11:10 | mode=LIVE ---
2026-06-15 10:10:15,802 [INFO] Robinhood login OK (session reused)
2026-06-15 10:10:15,802 [ERROR] get_open_option_positions error: get_open_option_positions can only be called when logged in
2026-06-15 10:10:15,802 [INFO] No open long option positions.
2026-06-15 10:15:02,154 [INFO] --- RobinhoodSafeGuard tick | ET 11:15 | mode=LIVE ---
2026-06-15 10:15:15,885 [INFO] Robinhood login OK (session reused)
2026-06-15 10:15:15,885 [ERROR] get_open_option_positions error: get_open_option_positions can only be called when logged in
2026-06-15 10:15:15,885 [INFO] No open long option positions.
2026-06-15 10:20:01,658 [INFO] --- RobinhoodSafeGuard tick | ET 11:20 | mode=LIVE ---
2026-06-15 10:20:15,631 [INFO] Robinhood login OK (session reused)
2026-06-15 10:20:15,631 [ERROR] get_open_option_positions error: get_open_option_positions can only be called when logged in
2026-06-15 10:20:15,631 [INFO] No open long option positions.
2026-06-15 10:25:02,561 [INFO] --- RobinhoodSafeGuard tick | ET 11:25 | mode=LIVE ---
2026-06-15 10:25:16,159 [INFO] Robinhood login OK (session reused)
2026-06-15 10:25:16,159 [ERROR] get_open_option_positions error: get_open_option_positions can only be called when logged in
2026-06-15 10:25:16,159 [INFO] No open long option positions.
2026-06-15 10:30:01,960 [INFO] --- RobinhoodSafeGuard tick | ET 11:30 | mode=LIVE ---
2026-06-15 10:30:16,025 [INFO] Robinhood login OK (session reused)
2026-06-15 10:30:16,025 [ERROR] get_open_option_positions error: get_open_option_positions can only be called when logged in
2026-06-15 10:30:16,026 [INFO] No open long option positions.
2026-06-15 10:35:01,744 [INFO] --- RobinhoodSafeGuard tick | ET 11:35 | mode=LIVE ---
2026-06-15 10:35:15,628 [INFO] Robinhood login OK (session reused)
2026-06-15 10:35:15,628 [ERROR] get_open_option_positions error: get_open_option_positions can only be called when logged in
2026-06-15 10:35:15,628 [INFO] No open long option positions.
2026-06-15 10:40:01,900 [INFO] --- RobinhoodSafeGuard tick | ET 11:40 | mode=LIVE ---
2026-06-15 10:40:15,559 [INFO] Robinhood login OK (session reused)
2026-06-15 10:40:15,559 [ERROR] get_open_option_positions error: get_open_option_positions can only be called when logged in
2026-06-15 10:40:15,560 [INFO] No open long option positions.
2026-06-15 10:45:01,911 [INFO] --- RobinhoodSafeGuard tick | ET 11:45 | mode=LIVE ---
2026-06-15 10:45:15,931 [INFO] Robinhood login OK (session reused)
2026-06-15 10:45:15,932 [ERROR] get_open_option_positions error: get_open_option_positions can only be called when logged in
2026-06-15 10:45:15,932 [INFO] No open long option positions.
2026-06-15 10:50:02,045 [INFO] --- RobinhoodSafeGuard tick | ET 11:50 | mode=LIVE ---
2026-06-15 10:50:15,887 [INFO] Robinhood login OK (session reused)
2026-06-15 10:50:15,888 [ERROR] get_open_option_positions error: get_open_option_positions can only be called when logged in
2026-06-15 10:50:15,888 [INFO] No open long option positions.
2026-06-15 10:55:01,822 [INFO] --- RobinhoodSafeGuard tick | ET 11:55 | mode=LIVE ---
2026-06-15 10:55:15,697 [INFO] Robinhood login OK (session reused)
2026-06-15 10:55:15,697 [ERROR] get_open_option_positions error: get_open_option_positions can only be called when logged in
2026-06-15 10:55:15,698 [INFO] No open long option positions.
2026-06-15 11:00:01,991 [INFO] --- RobinhoodSafeGuard tick | ET 12:00 | mode=LIVE ---
2026-06-15 11:00:15,917 [INFO] Robinhood login OK (session reused)
2026-06-15 11:00:15,918 [ERROR] get_open_option_positions error: get_open_option_positions can only be called when logged in
2026-06-15 11:00:15,920 [INFO] No open long option positions.
2026-06-15 11:05:02,213 [INFO] --- RobinhoodSafeGuard tick | ET 12:05 | mode=LIVE ---
2026-06-15 11:05:16,062 [INFO] Robinhood login OK (session reused)
2026-06-15 11:05:16,062 [ERROR] get_open_option_positions error: get_open_option_positions can only be called when logged in
2026-06-15 11:05:16,063 [INFO] No open long option positions.
2026-06-15 11:10:02,126 [INFO] --- RobinhoodSafeGuard tick | ET 12:10 | mode=LIVE ---
2026-06-15 11:10:16,178 [INFO] Robinhood login OK (session reused)
2026-06-15 11:10:16,179 [ERROR] get_open_option_positions error: get_open_option_positions can only be called when logged in
2026-06-15 11:10:16,179 [INFO] No open long option positions.
2026-06-15 11:15:02,095 [INFO] --- RobinhoodSafeGuard tick | ET 12:15 | mode=LIVE ---
2026-06-15 11:15:15,919 [INFO] Robinhood login OK (session reused)
2026-06-15 11:15:15,919 [ERROR] get_open_option_positions error: get_open_option_positions can only be called when logged in
2026-06-15 11:15:15,919 [INFO] No open long option positions.
2026-06-15 11:20:02,187 [INFO] --- RobinhoodSafeGuard tick | ET 12:20 | mode=LIVE ---
2026-06-15 11:20:15,986 [INFO] Robinhood login OK (session reused)
2026-06-15 11:20:15,987 [ERROR] get_open_option_positions error: get_open_option_positions can only be called when logged in
2026-06-15 11:20:15,987 [INFO] No open long option positions.
2026-06-15 11:25:02,563 [INFO] --- RobinhoodSafeGuard tick | ET 12:25 | mode=LIVE ---
2026-06-15 11:25:16,563 [INFO] Robinhood login OK (session reused)
2026-06-15 11:25:16,564 [ERROR] get_open_option_positions error: get_open_option_positions can only be called when logged in
2026-06-15 11:25:16,564 [INFO] No open long option positions.
2026-06-15 11:30:02,450 [INFO] --- RobinhoodSafeGuard tick | ET 12:30 | mode=LIVE ---
2026-06-15 11:30:16,161 [INFO] Robinhood login OK (session reused)
2026-06-15 11:30:16,161 [ERROR] get_open_option_positions error: get_open_option_positions can only be called when logged in
2026-06-15 11:30:16,162 [INFO] No open long option positions.
2026-06-15 11:35:01,580 [INFO] --- RobinhoodSafeGuard tick | ET 12:35 | mode=LIVE ---
2026-06-15 11:35:15,162 [INFO] Robinhood login OK (session reused)
2026-06-15 11:35:15,162 [ERROR] get_open_option_positions error: get_open_option_positions can only be called when logged in
2026-06-15 11:35:15,163 [INFO] No open long option positions.
2026-06-15 11:40:02,145 [INFO] --- RobinhoodSafeGuard tick | ET 12:40 | mode=LIVE ---
2026-06-15 11:40:16,085 [INFO] Robinhood login OK (session reused)
2026-06-15 11:40:16,085 [ERROR] get_open_option_positions error: get_open_option_positions can only be called when logged in
2026-06-15 11:40:16,085 [INFO] No open long option positions.
2026-06-15 11:45:01,868 [INFO] --- RobinhoodSafeGuard tick | ET 12:45 | mode=LIVE ---
2026-06-15 11:45:15,998 [INFO] Robinhood login OK (session reused)
2026-06-15 11:45:15,998 [ERROR] get_open_option_positions error: get_open_option_positions can only be called when logged in
2026-06-15 11:45:15,998 [INFO] No open long option positions.
2026-06-15 11:50:01,939 [INFO] --- RobinhoodSafeGuard tick | ET 12:50 | mode=LIVE ---
2026-06-15 11:50:15,715 [INFO] Robinhood login OK (session reused)
2026-06-15 11:50:15,716 [ERROR] get_open_option_positions error: get_open_option_positions can only be called when logged in
2026-06-15 11:50:15,716 [INFO] No open long option positions.
2026-06-15 11:55:01,905 [INFO] --- RobinhoodSafeGuard tick | ET 12:55 | mode=LIVE ---
2026-06-15 11:55:15,719 [INFO] Robinhood login OK (session reused)
2026-06-15 11:55:15,720 [ERROR] get_open_option_positions error: get_open_option_positions can only be called when logged in
2026-06-15 11:55:15,720 [INFO] No open long option positions.
2026-06-15 12:00:01,873 [INFO] --- RobinhoodSafeGuard tick | ET 13:00 | mode=LIVE ---
2026-06-15 12:00:15,498 [INFO] Robinhood login OK (session reused)
2026-06-15 12:00:15,499 [ERROR] get_open_option_positions error: get_open_option_positions can only be called when logged in
2026-06-15 12:00:15,499 [INFO] No open long option positions.
2026-06-15 12:05:02,160 [INFO] --- RobinhoodSafeGuard tick | ET 13:05 | mode=LIVE ---
2026-06-15 12:05:16,417 [INFO] Robinhood login OK (session reused)
2026-06-15 12:05:16,418 [ERROR] get_open_option_positions error: get_open_option_positions can only be called when logged in
2026-06-15 12:05:16,418 [INFO] No open long option positions.
2026-06-15 12:10:02,268 [INFO] --- RobinhoodSafeGuard tick | ET 13:10 | mode=LIVE ---
2026-06-15 12:10:16,033 [INFO] Robinhood login OK (session reused)
2026-06-15 12:10:16,033 [ERROR] get_open_option_positions error: get_open_option_positions can only be called when logged in
2026-06-15 12:10:16,033 [INFO] No open long option positions.
2026-06-15 12:15:01,804 [INFO] --- RobinhoodSafeGuard tick | ET 13:15 | mode=LIVE ---
2026-06-15 12:15:15,729 [INFO] Robinhood login OK (session reused)
2026-06-15 12:15:15,729 [ERROR] get_open_option_positions error: get_open_option_positions can only be called when logged in
2026-06-15 12:15:15,730 [INFO] No open long option positions.
2026-06-15 12:20:01,668 [INFO] --- RobinhoodSafeGuard tick | ET 13:20 | mode=LIVE ---
2026-06-15 12:20:15,572 [INFO] Robinhood login OK (session reused)
2026-06-15 12:20:15,572 [ERROR] get_open_option_positions error: get_open_option_positions can only be called when logged in
2026-06-15 12:20:15,572 [INFO] No open long option positions.
2026-06-15 12:25:01,850 [INFO] --- RobinhoodSafeGuard tick | ET 13:25 | mode=LIVE ---
2026-06-15 12:25:16,232 [INFO] Robinhood login OK (session reused)
2026-06-15 12:25:16,232 [ERROR] get_open_option_positions error: get_open_option_positions can only be called when logged in
2026-06-15 12:25:16,232 [INFO] No open long option positions.
2026-06-15 12:30:02,105 [INFO] --- RobinhoodSafeGuard tick | ET 13:30 | mode=LIVE ---
2026-06-15 12:30:16,248 [INFO] Robinhood login OK (session reused)
2026-06-15 12:30:16,249 [ERROR] get_open_option_positions error: get_open_option_positions can only be called when logged in
2026-06-15 12:30:16,249 [INFO] No open long option positions.
2026-06-15 12:35:01,912 [INFO] --- RobinhoodSafeGuard tick | ET 13:35 | mode=LIVE ---
2026-06-15 12:35:15,439 [INFO] Robinhood login OK (session reused)
2026-06-15 12:35:15,439 [ERROR] get_open_option_positions error: get_open_option_positions can only be called when logged in
2026-06-15 12:35:15,439 [INFO] No open long option positions.
2026-06-15 12:40:01,939 [INFO] --- RobinhoodSafeGuard tick | ET 13:40 | mode=LIVE ---
2026-06-15 12:40:15,477 [INFO] Robinhood login OK (session reused)
2026-06-15 12:40:15,477 [ERROR] get_open_option_positions error: get_open_option_positions can only be called when logged in
2026-06-15 12:40:15,477 [INFO] No open long option positions.
2026-06-15 12:45:02,309 [INFO] --- RobinhoodSafeGuard tick | ET 13:45 | mode=LIVE ---
2026-06-15 12:45:16,158 [INFO] Robinhood login OK (session reused)
2026-06-15 12:45:16,159 [ERROR] get_open_option_positions error: get_open_option_positions can only be called when logged in
2026-06-15 12:45:16,159 [INFO] No open long option positions.
2026-06-15 12:50:02,256 [INFO] --- RobinhoodSafeGuard tick | ET 13:50 | mode=LIVE ---
2026-06-15 12:50:15,974 [INFO] Robinhood login OK (session reused)
2026-06-15 12:50:15,974 [ERROR] get_open_option_positions error: get_open_option_positions can only be called when logged in
2026-06-15 12:50:15,975 [INFO] No open long option positions.
2026-06-15 12:55:01,706 [INFO] --- RobinhoodSafeGuard tick | ET 13:55 | mode=LIVE ---
2026-06-15 12:55:15,611 [INFO] Robinhood login OK (session reused)
2026-06-15 12:55:15,612 [ERROR] get_open_option_positions error: get_open_option_positions can only be called when logged in
2026-06-15 12:55:15,612 [INFO] No open long option positions.
2026-06-15 13:00:01,521 [INFO] --- RobinhoodSafeGuard tick | ET 14:00 | mode=LIVE ---
2026-06-15 13:00:15,201 [INFO] Robinhood login OK (session reused)
2026-06-15 13:00:15,201 [ERROR] get_open_option_positions error: get_open_option_positions can only be called when logged in
2026-06-15 13:00:15,201 [INFO] No open long option positions.
2026-06-15 13:05:01,978 [INFO] --- RobinhoodSafeGuard tick | ET 14:05 | mode=LIVE ---
2026-06-15 13:05:15,426 [INFO] Robinhood login OK (session reused)
2026-06-15 13:05:15,426 [ERROR] get_open_option_positions error: get_open_option_positions can only be called when logged in
2026-06-15 13:05:15,426 [INFO] No open long option positions.
2026-06-15 13:10:01,633 [INFO] --- RobinhoodSafeGuard tick | ET 14:10 | mode=LIVE ---
2026-06-15 13:10:15,678 [INFO] Robinhood login OK (session reused)
2026-06-15 13:10:15,679 [ERROR] get_open_option_positions error: get_open_option_positions can only be called when logged in
2026-06-15 13:10:15,679 [INFO] No open long option positions.
2026-06-15 13:15:01,762 [INFO] --- RobinhoodSafeGuard tick | ET 14:15 | mode=LIVE ---
2026-06-15 13:15:15,562 [INFO] Robinhood login OK (session reused)
2026-06-15 13:15:15,562 [ERROR] get_open_option_positions error: get_open_option_positions can only be called when logged in
2026-06-15 13:15:15,562 [INFO] No open long option positions.
2026-06-15 13:20:01,591 [INFO] --- RobinhoodSafeGuard tick | ET 14:20 | mode=LIVE ---
2026-06-15 13:20:15,772 [INFO] Robinhood login OK (session reused)
2026-06-15 13:20:15,772 [ERROR] get_open_option_positions error: get_open_option_positions can only be called when logged in
2026-06-15 13:20:15,772 [INFO] No open long option positions.
2026-06-15 13:25:02,078 [INFO] --- RobinhoodSafeGuard tick | ET 14:25 | mode=LIVE ---
2026-06-15 13:25:15,886 [INFO] Robinhood login OK (session reused)
2026-06-15 13:25:15,886 [ERROR] get_open_option_positions error: get_open_option_positions can only be called when logged in
2026-06-15 13:25:15,886 [INFO] No open long option positions.
2026-06-15 13:30:01,623 [INFO] --- RobinhoodSafeGuard tick | ET 14:30 | mode=LIVE ---
2026-06-15 13:30:15,340 [INFO] Robinhood login OK (session reused)
2026-06-15 13:30:15,341 [ERROR] get_open_option_positions error: get_open_option_positions can only be called when logged in
2026-06-15 13:30:15,341 [INFO] No open long option positions.
2026-06-15 13:35:01,302 [INFO] --- RobinhoodSafeGuard tick | ET 14:35 | mode=LIVE ---
2026-06-15 13:35:15,014 [INFO] Robinhood login OK (session reused)
2026-06-15 13:35:15,014 [ERROR] get_open_option_positions error: get_open_option_positions can only be called when logged in
2026-06-15 13:35:15,014 [INFO] No open long option positions.
2026-06-15 13:40:02,205 [INFO] --- RobinhoodSafeGuard tick | ET 14:40 | mode=LIVE ---
2026-06-15 13:40:15,948 [INFO] Robinhood login OK (session reused)
2026-06-15 13:40:15,949 [ERROR] get_open_option_positions error: get_open_option_positions can only be called when logged in
2026-06-15 13:40:15,949 [INFO] No open long option positions.
2026-06-15 13:45:02,001 [INFO] --- RobinhoodSafeGuard tick | ET 14:45 | mode=LIVE ---
2026-06-15 13:45:15,630 [INFO] Robinhood login OK (session reused)
2026-06-15 13:45:15,630 [ERROR] get_open_option_positions error: get_open_option_positions can only be called when logged in
2026-06-15 13:45:15,631 [INFO] No open long option positions.
2026-06-15 13:50:02,518 [INFO] --- RobinhoodSafeGuard tick | ET 14:50 | mode=LIVE ---
2026-06-15 13:50:16,230 [INFO] Robinhood login OK (session reused)
2026-06-15 13:50:16,231 [ERROR] get_open_option_positions error: get_open_option_positions can only be called when logged in
2026-06-15 13:50:16,231 [INFO] No open long option positions.
2026-06-15 13:55:02,129 [INFO] --- RobinhoodSafeGuard tick | ET 14:55 | mode=LIVE ---
2026-06-15 13:55:16,025 [INFO] Robinhood login OK (session reused)
2026-06-15 13:55:16,025 [ERROR] get_open_option_positions error: get_open_option_positions can only be called when logged in
2026-06-15 13:55:16,026 [INFO] No open long option positions.
2026-06-15 14:00:02,556 [INFO] --- RobinhoodSafeGuard tick | ET 15:00 | mode=LIVE ---
2026-06-15 14:00:16,324 [INFO] Robinhood login OK (session reused)
2026-06-15 14:00:16,324 [ERROR] get_open_option_positions error: get_open_option_positions can only be called when logged in
2026-06-15 14:00:16,324 [INFO] No open long option positions.
2026-06-15 14:05:02,394 [INFO] --- RobinhoodSafeGuard tick | ET 15:05 | mode=LIVE ---
2026-06-15 14:05:16,687 [INFO] Robinhood login OK (session reused)
2026-06-15 14:05:16,688 [ERROR] get_open_option_positions error: get_open_option_positions can only be called when logged in
2026-06-15 14:05:16,688 [INFO] No open long option positions.
2026-06-15 14:10:01,762 [INFO] --- RobinhoodSafeGuard tick | ET 15:10 | mode=LIVE ---
2026-06-15 14:10:15,560 [INFO] Robinhood login OK (session reused)
2026-06-15 14:10:15,560 [ERROR] get_open_option_positions error: get_open_option_positions can only be called when logged in
2026-06-15 14:10:15,560 [INFO] No open long option positions.
2026-06-15 14:15:01,493 [INFO] --- RobinhoodSafeGuard tick | ET 15:15 | mode=LIVE ---
2026-06-15 14:15:15,299 [INFO] Robinhood login OK (session reused)
2026-06-15 14:15:15,299 [ERROR] get_open_option_positions error: get_open_option_positions can only be called when logged in
2026-06-15 14:15:15,300 [INFO] No open long option positions.
2026-06-15 14:20:02,454 [INFO] --- RobinhoodSafeGuard tick | ET 15:20 | mode=LIVE ---
2026-06-15 14:20:16,151 [INFO] Robinhood login OK (session reused)
2026-06-15 14:20:16,151 [ERROR] get_open_option_positions error: get_open_option_positions can only be called when logged in
2026-06-15 14:20:16,151 [INFO] No open long option positions.
2026-06-15 14:25:01,765 [INFO] --- RobinhoodSafeGuard tick | ET 15:25 | mode=LIVE ---
2026-06-15 14:25:15,716 [INFO] Robinhood login OK (session reused)
2026-06-15 14:25:15,717 [ERROR] get_open_option_positions error: get_open_option_positions can only be called when logged in
2026-06-15 14:25:15,717 [INFO] No open long option positions.
2026-06-15 14:30:02,135 [INFO] --- RobinhoodSafeGuard tick | ET 15:30 | mode=LIVE ---
2026-06-15 14:30:16,064 [INFO] Robinhood login OK (session reused)
2026-06-15 14:30:16,064 [ERROR] get_open_option_positions error: get_open_option_positions can only be called when logged in
2026-06-15 14:30:16,064 [INFO] No open long option positions.
2026-06-15 14:35:01,421 [INFO] --- RobinhoodSafeGuard tick | ET 15:35 | mode=LIVE ---
2026-06-15 14:35:15,370 [INFO] Robinhood login OK (session reused)
2026-06-15 14:35:15,370 [ERROR] get_open_option_positions error: get_open_option_positions can only be called when logged in
2026-06-15 14:35:15,370 [INFO] No open long option positions.
2026-06-15 14:40:02,479 [INFO] --- RobinhoodSafeGuard tick | ET 15:40 | mode=LIVE ---
2026-06-15 14:40:16,058 [INFO] Robinhood login OK (session reused)
2026-06-15 14:40:16,059 [ERROR] get_open_option_positions error: get_open_option_positions can only be called when logged in
2026-06-15 14:40:16,059 [INFO] No open long option positions.
2026-06-15 14:45:02,400 [INFO] --- RobinhoodSafeGuard tick | ET 15:45 | mode=LIVE ---
2026-06-15 14:45:16,274 [INFO] Robinhood login OK (session reused)
2026-06-15 14:45:16,274 [ERROR] get_open_option_positions error: get_open_option_positions can only be called when logged in
2026-06-15 14:45:16,274 [INFO] No open long option positions.
2026-06-15 14:50:02,132 [INFO] --- RobinhoodSafeGuard tick | ET 15:50 | mode=LIVE ---
2026-06-15 14:50:16,273 [INFO] Robinhood login OK (session reused)
2026-06-15 14:50:16,273 [ERROR] get_open_option_positions error: get_open_option_positions can only be called when logged in
2026-06-15 14:50:16,274 [INFO] No open long option positions.
2026-06-15 14:55:02,011 [INFO] --- RobinhoodSafeGuard tick | ET 15:55 | mode=LIVE ---
2026-06-15 14:55:15,828 [INFO] Robinhood login OK (session reused)
2026-06-15 14:55:15,829 [ERROR] get_open_option_positions error: get_open_option_positions can only be called when logged in
2026-06-15 14:55:15,829 [INFO] No open long option positions.
2026-06-15 15:00:01,754 [INFO] --- RobinhoodSafeGuard tick | ET 16:00 | mode=LIVE ---
2026-06-15 15:00:15,767 [INFO] Robinhood login OK (session reused)
2026-06-15 15:00:15,768 [ERROR] get_open_option_positions error: get_open_option_positions can only be called when logged in
2026-06-15 15:00:15,768 [INFO] No open long option positions.
2026-06-15 15:05:02,352 [INFO] --- RobinhoodSafeGuard tick | ET 16:05 | mode=LIVE ---
2026-06-15 15:05:02,353 [INFO] Market closed — nothing to do.
2026-06-15 15:10:02,367 [INFO] --- RobinhoodSafeGuard tick | ET 16:10 | mode=LIVE ---
2026-06-15 15:10:02,367 [INFO] Market closed — nothing to do.
2026-06-15 15:15:01,567 [INFO] --- RobinhoodSafeGuard tick | ET 16:15 | mode=LIVE ---
2026-06-15 15:15:01,567 [INFO] Market closed — nothing to do.
2026-06-15 15:20:01,822 [INFO] --- RobinhoodSafeGuard tick | ET 16:20 | mode=LIVE ---
2026-06-15 15:20:01,823 [INFO] Market closed — nothing to do.
2026-06-15 15:25:01,664 [INFO] --- RobinhoodSafeGuard tick | ET 16:25 | mode=LIVE ---
2026-06-15 15:25:01,664 [INFO] Market closed — nothing to do.
2026-06-15 15:30:01,954 [INFO] --- RobinhoodSafeGuard tick | ET 16:30 | mode=LIVE ---
2026-06-15 15:30:01,954 [INFO] Market closed — nothing to do.
2026-06-15 15:35:01,695 [INFO] --- RobinhoodSafeGuard tick | ET 16:35 | mode=LIVE ---
2026-06-15 15:35:01,695 [INFO] Market closed — nothing to do.
2026-06-15 15:40:01,782 [INFO] --- RobinhoodSafeGuard tick | ET 16:40 | mode=LIVE ---
2026-06-15 15:40:01,782 [INFO] Market closed — nothing to do.
2026-06-15 15:45:02,152 [INFO] --- RobinhoodSafeGuard tick | ET 16:45 | mode=LIVE ---
2026-06-15 15:45:02,152 [INFO] Market closed — nothing to do.
2026-06-15 15:50:02,349 [INFO] --- RobinhoodSafeGuard tick | ET 16:50 | mode=LIVE ---
2026-06-15 15:50:02,349 [INFO] Market closed — nothing to do.
2026-06-15 15:55:02,414 [INFO] --- RobinhoodSafeGuard tick | ET 16:55 | mode=LIVE ---
2026-06-15 15:55:02,415 [INFO] Market closed — nothing to do.
2026-06-16 08:00:02,453 [INFO] --- RobinhoodSafeGuard tick | ET 09:00 | mode=LIVE ---
2026-06-16 08:00:02,453 [INFO] Market closed — nothing to do.
2026-06-16 08:05:02,227 [INFO] --- RobinhoodSafeGuard tick | ET 09:05 | mode=LIVE ---
2026-06-16 08:05:02,227 [INFO] Market closed — nothing to do.
2026-06-16 08:10:02,334 [INFO] --- RobinhoodSafeGuard tick | ET 09:10 | mode=LIVE ---
2026-06-16 08:10:02,334 [INFO] Market closed — nothing to do.
2026-06-16 08:15:01,495 [INFO] --- RobinhoodSafeGuard tick | ET 09:15 | mode=LIVE ---
2026-06-16 08:15:01,495 [INFO] Market closed — nothing to do.
2026-06-16 08:20:01,540 [INFO] --- RobinhoodSafeGuard tick | ET 09:20 | mode=LIVE ---
2026-06-16 08:20:01,540 [INFO] Market closed — nothing to do.
2026-06-16 08:25:01,528 [INFO] --- RobinhoodSafeGuard tick | ET 09:25 | mode=LIVE ---
2026-06-16 08:25:01,528 [INFO] Market closed — nothing to do.
2026-06-16 08:30:02,079 [INFO] --- RobinhoodSafeGuard tick | ET 09:30 | mode=LIVE ---
2026-06-16 08:30:16,944 [INFO] Robinhood login OK (session reused)
2026-06-16 08:30:16,945 [ERROR] get_open_option_positions error: get_open_option_positions can only be called when logged in
2026-06-16 08:30:16,945 [INFO] No open long option positions.
2026-06-16 08:35:02,102 [INFO] --- RobinhoodSafeGuard tick | ET 09:35 | mode=LIVE ---
2026-06-16 08:35:14,606 [INFO] Robinhood login OK (session reused)
2026-06-16 08:35:14,607 [ERROR] get_open_option_positions error: get_open_option_positions can only be called when logged in
2026-06-16 08:35:14,607 [INFO] No open long option positions.
2026-06-16 08:40:02,211 [INFO] --- RobinhoodSafeGuard tick | ET 09:40 | mode=LIVE ---
2026-06-16 08:40:14,419 [INFO] Robinhood login OK (session reused)
2026-06-16 08:40:14,419 [ERROR] get_open_option_positions error: get_open_option_positions can only be called when logged in
2026-06-16 08:40:14,420 [INFO] No open long option positions.
2026-06-16 08:45:02,277 [INFO] --- RobinhoodSafeGuard tick | ET 09:45 | mode=LIVE ---
2026-06-16 08:45:14,720 [INFO] Robinhood login OK (session reused)
2026-06-16 08:45:14,721 [ERROR] get_open_option_positions error: get_open_option_positions can only be called when logged in
2026-06-16 08:45:14,721 [INFO] No open long option positions.
2026-06-16 08:50:02,333 [INFO] --- RobinhoodSafeGuard tick | ET 09:50 | mode=LIVE ---
2026-06-16 08:50:14,746 [INFO] Robinhood login OK (session reused)
2026-06-16 08:50:14,746 [ERROR] get_open_option_positions error: get_open_option_positions can only be called when logged in
2026-06-16 08:50:14,746 [INFO] No open long option positions.
2026-06-16 08:55:02,124 [INFO] --- RobinhoodSafeGuard tick | ET 09:55 | mode=LIVE ---
2026-06-16 08:55:14,289 [INFO] Robinhood login OK (session reused)
2026-06-16 08:55:14,289 [ERROR] get_open_option_positions error: get_open_option_positions can only be called when logged in
2026-06-16 08:55:14,290 [INFO] No open long option positions.
2026-06-16 09:00:01,508 [INFO] --- RobinhoodSafeGuard tick | ET 10:00 | mode=LIVE ---
2026-06-16 09:00:13,964 [INFO] Robinhood login OK (session reused)
2026-06-16 09:00:13,964 [ERROR] get_open_option_positions error: get_open_option_positions can only be called when logged in
2026-06-16 09:00:13,964 [INFO] No open long option positions.
2026-06-16 09:05:02,066 [INFO] --- RobinhoodSafeGuard tick | ET 10:05 | mode=LIVE ---
2026-06-16 09:05:14,263 [INFO] Robinhood login OK (session reused)
2026-06-16 09:05:14,263 [ERROR] get_open_option_positions error: get_open_option_positions can only be called when logged in
2026-06-16 09:05:14,263 [INFO] No open long option positions.
2026-06-16 09:10:02,279 [INFO] --- RobinhoodSafeGuard tick | ET 10:10 | mode=LIVE ---
2026-06-16 09:10:14,446 [INFO] Robinhood login OK (session reused)
2026-06-16 09:10:14,446 [ERROR] get_open_option_positions error: get_open_option_positions can only be called when logged in
2026-06-16 09:10:14,447 [INFO] No open long option positions.
2026-06-16 09:15:01,696 [INFO] --- RobinhoodSafeGuard tick | ET 10:15 | mode=LIVE ---
2026-06-16 09:15:13,843 [INFO] Robinhood login OK (session reused)
2026-06-16 09:15:13,844 [ERROR] get_open_option_positions error: get_open_option_positions can only be called when logged in
2026-06-16 09:15:13,844 [INFO] No open long option positions.
2026-06-16 09:20:01,616 [INFO] --- RobinhoodSafeGuard tick | ET 10:20 | mode=LIVE ---
2026-06-16 09:20:14,935 [INFO] Robinhood login OK (session reused)
2026-06-16 09:20:14,935 [ERROR] get_open_option_positions error: get_open_option_positions can only be called when logged in
2026-06-16 09:20:14,936 [INFO] No open long option positions.
2026-06-16 09:25:02,319 [INFO] --- RobinhoodSafeGuard tick | ET 10:25 | mode=LIVE ---
2026-06-16 09:25:14,675 [INFO] Robinhood login OK (session reused)
2026-06-16 09:25:14,675 [ERROR] get_open_option_positions error: get_open_option_positions can only be called when logged in
2026-06-16 09:25:14,676 [INFO] No open long option positions.
2026-06-16 09:30:01,798 [INFO] --- RobinhoodSafeGuard tick | ET 10:30 | mode=LIVE ---
2026-06-16 09:30:13,850 [INFO] Robinhood login OK (session reused)
2026-06-16 09:30:13,850 [ERROR] get_open_option_positions error: get_open_option_positions can only be called when logged in
2026-06-16 09:30:13,851 [INFO] No open long option positions.
2026-06-16 09:35:02,197 [INFO] --- RobinhoodSafeGuard tick | ET 10:35 | mode=LIVE ---
2026-06-16 09:35:14,400 [INFO] Robinhood login OK (session reused)
2026-06-16 09:35:14,400 [ERROR] get_open_option_positions error: get_open_option_positions can only be called when logged in
2026-06-16 09:35:14,400 [INFO] No open long option positions.
2026-06-16 09:40:02,097 [INFO] --- RobinhoodSafeGuard tick | ET 10:40 | mode=LIVE ---
2026-06-16 09:40:14,237 [INFO] Robinhood login OK (session reused)
2026-06-16 09:40:14,237 [ERROR] get_open_option_positions error: get_open_option_positions can only be called when logged in
2026-06-16 09:40:14,237 [INFO] No open long option positions.
2026-06-16 09:45:02,041 [INFO] --- RobinhoodSafeGuard tick | ET 10:45 | mode=LIVE ---
2026-06-16 09:45:14,160 [INFO] Robinhood login OK (session reused)
2026-06-16 09:45:14,161 [ERROR] get_open_option_positions error: get_open_option_positions can only be called when logged in
2026-06-16 09:45:14,161 [INFO] No open long option positions.
2026-06-16 09:50:02,243 [INFO] --- RobinhoodSafeGuard tick | ET 10:50 | mode=LIVE ---
2026-06-16 09:50:14,390 [INFO] Robinhood login OK (session reused)
2026-06-16 09:50:14,390 [ERROR] get_open_option_positions error: get_open_option_positions can only be called when logged in
2026-06-16 09:50:14,390 [INFO] No open long option positions.
2026-06-16 09:55:01,490 [INFO] --- RobinhoodSafeGuard tick | ET 10:55 | mode=LIVE ---
2026-06-16 09:55:13,653 [INFO] Robinhood login OK (session reused)
2026-06-16 09:55:13,653 [ERROR] get_open_option_positions error: get_open_option_positions can only be called when logged in
2026-06-16 09:55:13,653 [INFO] No open long option positions.
2026-06-16 10:00:02,392 [INFO] --- RobinhoodSafeGuard tick | ET 11:00 | mode=LIVE ---
2026-06-16 10:00:14,486 [INFO] Robinhood login OK (session reused)
2026-06-16 10:00:14,486 [ERROR] get_open_option_positions error: get_open_option_positions can only be called when logged in
2026-06-16 10:00:14,487 [INFO] No open long option positions.
2026-06-16 10:05:02,042 [INFO] --- RobinhoodSafeGuard tick | ET 11:05 | mode=LIVE ---
2026-06-16 10:05:14,200 [INFO] Robinhood login OK (session reused)
2026-06-16 10:05:14,201 [ERROR] get_open_option_positions error: get_open_option_positions can only be called when logged in
2026-06-16 10:05:14,201 [INFO] No open long option positions.
2026-06-16 10:10:02,077 [INFO] --- RobinhoodSafeGuard tick | ET 11:10 | mode=LIVE ---
2026-06-16 10:10:14,201 [INFO] Robinhood login OK (session reused)
2026-06-16 10:10:14,201 [ERROR] get_open_option_positions error: get_open_option_positions can only be called when logged in
2026-06-16 10:10:14,202 [INFO] No open long option positions.
2026-06-16 10:15:02,081 [INFO] --- RobinhoodSafeGuard tick | ET 11:15 | mode=LIVE ---
2026-06-16 10:15:14,137 [INFO] Robinhood login OK (session reused)
2026-06-16 10:15:14,138 [ERROR] get_open_option_positions error: get_open_option_positions can only be called when logged in
2026-06-16 10:15:14,138 [INFO] No open long option positions.
2026-06-16 10:20:02,096 [INFO] --- RobinhoodSafeGuard tick | ET 11:20 | mode=LIVE ---
2026-06-16 10:20:14,320 [INFO] Robinhood login OK (session reused)
2026-06-16 10:20:14,321 [ERROR] get_open_option_positions error: get_open_option_positions can only be called when logged in
2026-06-16 10:20:14,321 [INFO] No open long option positions.
2026-06-16 10:25:01,588 [INFO] --- RobinhoodSafeGuard tick | ET 11:25 | mode=LIVE ---
2026-06-16 10:25:13,792 [INFO] Robinhood login OK (session reused)
2026-06-16 10:25:13,792 [ERROR] get_open_option_positions error: get_open_option_positions can only be called when logged in
2026-06-16 10:25:13,793 [INFO] No open long option positions.
2026-06-16 10:30:01,964 [INFO] --- RobinhoodSafeGuard tick | ET 11:30 | mode=LIVE ---
2026-06-16 10:30:14,137 [INFO] Robinhood login OK (session reused)
2026-06-16 10:30:14,138 [ERROR] get_open_option_positions error: get_open_option_positions can only be called when logged in
2026-06-16 10:30:14,138 [INFO] No open long option positions.
2026-06-16 10:35:02,086 [INFO] --- RobinhoodSafeGuard tick | ET 11:35 | mode=LIVE ---
2026-06-16 10:35:14,167 [INFO] Robinhood login OK (session reused)
2026-06-16 10:35:14,167 [ERROR] get_open_option_positions error: get_open_option_positions can only be called when logged in
2026-06-16 10:35:14,168 [INFO] No open long option positions.
2026-06-16 10:40:01,754 [INFO] --- RobinhoodSafeGuard tick | ET 11:40 | mode=LIVE ---
2026-06-16 10:40:13,995 [INFO] Robinhood login OK (session reused)
2026-06-16 10:40:13,995 [ERROR] get_open_option_positions error: get_open_option_positions can only be called when logged in
2026-06-16 10:40:13,995 [INFO] No open long option positions.
2026-06-16 10:45:02,095 [INFO] --- RobinhoodSafeGuard tick | ET 11:45 | mode=LIVE ---
2026-06-16 10:45:14,042 [INFO] Robinhood login OK (session reused)
2026-06-16 10:45:14,043 [ERROR] get_open_option_positions error: get_open_option_positions can only be called when logged in
2026-06-16 10:45:14,043 [INFO] No open long option positions.
2026-06-16 10:50:01,973 [INFO] --- RobinhoodSafeGuard tick | ET 11:50 | mode=LIVE ---
2026-06-16 10:50:14,213 [INFO] Robinhood login OK (session reused)
2026-06-16 10:50:14,213 [ERROR] get_open_option_positions error: get_open_option_positions can only be called when logged in
2026-06-16 10:50:14,213 [INFO] No open long option positions.
2026-06-16 10:55:01,704 [INFO] --- RobinhoodSafeGuard tick | ET 11:55 | mode=LIVE ---
2026-06-16 10:55:13,733 [INFO] Robinhood login OK (session reused)
2026-06-16 10:55:13,734 [ERROR] get_open_option_positions error: get_open_option_positions can only be called when logged in
2026-06-16 10:55:13,735 [INFO] No open long option positions.
2026-06-16 11:00:01,477 [INFO] --- RobinhoodSafeGuard tick | ET 12:00 | mode=LIVE ---
2026-06-16 11:00:13,731 [INFO] Robinhood login OK (session reused)
2026-06-16 11:00:13,732 [ERROR] get_open_option_positions error: get_open_option_positions can only be called when logged in
2026-06-16 11:00:13,732 [INFO] No open long option positions.
2026-06-16 11:05:01,824 [INFO] --- RobinhoodSafeGuard tick | ET 12:05 | mode=LIVE ---
2026-06-16 11:05:13,774 [INFO] Robinhood login OK (session reused)
2026-06-16 11:05:13,774 [ERROR] get_open_option_positions error: get_open_option_positions can only be called when logged in
2026-06-16 11:05:13,775 [INFO] No open long option positions.
2026-06-16 11:10:01,734 [INFO] --- RobinhoodSafeGuard tick | ET 12:10 | mode=LIVE ---
2026-06-16 11:10:14,039 [INFO] Robinhood login OK (session reused)
2026-06-16 11:10:14,039 [ERROR] get_open_option_positions error: get_open_option_positions can only be called when logged in
2026-06-16 11:10:14,039 [INFO] No open long option positions.
2026-06-16 11:15:02,003 [INFO] --- RobinhoodSafeGuard tick | ET 12:15 | mode=LIVE ---
2026-06-16 11:15:14,046 [INFO] Robinhood login OK (session reused)
2026-06-16 11:15:14,047 [ERROR] get_open_option_positions error: get_open_option_positions can only be called when logged in
2026-06-16 11:15:14,047 [INFO] No open long option positions.
2026-06-16 11:20:01,755 [INFO] --- RobinhoodSafeGuard tick | ET 12:20 | mode=LIVE ---
2026-06-16 11:20:14,067 [INFO] Robinhood login OK (session reused)
2026-06-16 11:20:14,067 [ERROR] get_open_option_positions error: get_open_option_positions can only be called when logged in
2026-06-16 11:20:14,067 [INFO] No open long option positions.
2026-06-16 11:25:02,112 [INFO] --- RobinhoodSafeGuard tick | ET 12:25 | mode=LIVE ---
2026-06-16 11:25:14,178 [INFO] Robinhood login OK (session reused)
2026-06-16 11:25:14,179 [ERROR] get_open_option_positions error: get_open_option_positions can only be called when logged in
2026-06-16 11:25:14,179 [INFO] No open long option positions.
2026-06-16 11:30:02,048 [INFO] --- RobinhoodSafeGuard tick | ET 12:30 | mode=LIVE ---
2026-06-16 11:30:14,498 [INFO] Robinhood login OK (session reused)
2026-06-16 11:30:14,498 [ERROR] get_open_option_positions error: get_open_option_positions can only be called when logged in
2026-06-16 11:30:14,498 [INFO] No open long option positions.
2026-06-16 11:35:02,117 [INFO] --- RobinhoodSafeGuard tick | ET 12:35 | mode=LIVE ---
2026-06-16 11:35:13,994 [INFO] Robinhood login OK (session reused)
2026-06-16 11:35:13,994 [ERROR] get_open_option_positions error: get_open_option_positions can only be called when logged in
2026-06-16 11:35:13,994 [INFO] No open long option positions.
2026-06-16 11:40:02,431 [INFO] --- RobinhoodSafeGuard tick | ET 12:40 | mode=LIVE ---
2026-06-16 11:40:14,348 [INFO] Robinhood login OK (session reused)
2026-06-16 11:40:14,349 [ERROR] get_open_option_positions error: get_open_option_positions can only be called when logged in
2026-06-16 11:40:14,349 [INFO] No open long option positions.
2026-06-16 11:45:02,341 [INFO] --- RobinhoodSafeGuard tick | ET 12:45 | mode=LIVE ---
2026-06-16 11:45:14,437 [INFO] Robinhood login OK (session reused)
2026-06-16 11:45:14,438 [ERROR] get_open_option_positions error: get_open_option_positions can only be called when logged in
2026-06-16 11:45:14,438 [INFO] No open long option positions.
2026-06-16 11:50:01,733 [INFO] --- RobinhoodSafeGuard tick | ET 12:50 | mode=LIVE ---
2026-06-16 11:50:13,744 [INFO] Robinhood login OK (session reused)
2026-06-16 11:50:13,745 [ERROR] get_open_option_positions error: get_open_option_positions can only be called when logged in
2026-06-16 11:50:13,745 [INFO] No open long option positions.
2026-06-16 11:55:02,058 [INFO] --- RobinhoodSafeGuard tick | ET 12:55 | mode=LIVE ---
2026-06-16 11:55:14,090 [INFO] Robinhood login OK (session reused)
2026-06-16 11:55:14,091 [ERROR] get_open_option_positions error: get_open_option_positions can only be called when logged in
2026-06-16 11:55:14,091 [INFO] No open long option positions.
2026-06-16 12:00:02,235 [INFO] --- RobinhoodSafeGuard tick | ET 13:00 | mode=LIVE ---
2026-06-16 12:00:14,343 [INFO] Robinhood login OK (session reused)
2026-06-16 12:00:14,343 [ERROR] get_open_option_positions error: get_open_option_positions can only be called when logged in
2026-06-16 12:00:14,344 [INFO] No open long option positions.
2026-06-16 12:05:01,475 [INFO] --- RobinhoodSafeGuard tick | ET 13:05 | mode=LIVE ---
2026-06-16 12:05:13,567 [INFO] Robinhood login OK (session reused)
2026-06-16 12:05:13,567 [ERROR] get_open_option_positions error: get_open_option_positions can only be called when logged in
2026-06-16 12:05:13,567 [INFO] No open long option positions.
2026-06-16 12:10:02,224 [INFO] --- RobinhoodSafeGuard tick | ET 13:10 | mode=LIVE ---
2026-06-16 12:10:14,379 [INFO] Robinhood login OK (session reused)
2026-06-16 12:10:14,379 [ERROR] get_open_option_positions error: get_open_option_positions can only be called when logged in
2026-06-16 12:10:14,379 [INFO] No open long option positions.
2026-06-16 12:15:01,664 [INFO] --- RobinhoodSafeGuard tick | ET 13:15 | mode=LIVE ---
2026-06-16 12:15:13,715 [INFO] Robinhood login OK (session reused)
2026-06-16 12:15:13,715 [ERROR] get_open_option_positions error: get_open_option_positions can only be called when logged in
2026-06-16 12:15:13,716 [INFO] No open long option positions.
2026-06-16 12:20:02,025 [INFO] --- RobinhoodSafeGuard tick | ET 13:20 | mode=LIVE ---
2026-06-16 12:20:14,063 [INFO] Robinhood login OK (session reused)
2026-06-16 12:20:14,063 [ERROR] get_open_option_positions error: get_open_option_positions can only be called when logged in
2026-06-16 12:20:14,064 [INFO] No open long option positions.
2026-06-16 12:25:01,486 [INFO] --- RobinhoodSafeGuard tick | ET 13:25 | mode=LIVE ---
2026-06-16 12:25:13,452 [INFO] Robinhood login OK (session reused)
2026-06-16 12:25:13,453 [ERROR] get_open_option_positions error: get_open_option_positions can only be called when logged in
2026-06-16 12:25:13,453 [INFO] No open long option positions.
2026-06-16 12:30:01,684 [INFO] --- RobinhoodSafeGuard tick | ET 13:30 | mode=LIVE ---
2026-06-16 12:30:13,733 [INFO] Robinhood login OK (session reused)
2026-06-16 12:30:13,733 [ERROR] get_open_option_positions error: get_open_option_positions can only be called when logged in
2026-06-16 12:30:13,733 [INFO] No open long option positions.
2026-06-16 12:35:02,341 [INFO] --- RobinhoodSafeGuard tick | ET 13:35 | mode=LIVE ---
2026-06-16 12:35:14,840 [INFO] Robinhood login OK (session reused)
2026-06-16 12:35:14,840 [ERROR] get_open_option_positions error: get_open_option_positions can only be called when logged in
2026-06-16 12:35:14,840 [INFO] No open long option positions.
2026-06-16 12:40:01,963 [INFO] --- RobinhoodSafeGuard tick | ET 13:40 | mode=LIVE ---
2026-06-16 12:40:14,037 [INFO] Robinhood login OK (session reused)
2026-06-16 12:40:14,037 [ERROR] get_open_option_positions error: get_open_option_positions can only be called when logged in
2026-06-16 12:40:14,037 [INFO] No open long option positions.
2026-06-16 12:45:02,305 [INFO] --- RobinhoodSafeGuard tick | ET 13:45 | mode=LIVE ---
2026-06-16 12:45:14,296 [INFO] Robinhood login OK (session reused)
2026-06-16 12:45:14,296 [ERROR] get_open_option_positions error: get_open_option_positions can only be called when logged in
2026-06-16 12:45:14,296 [INFO] No open long option positions.
2026-06-16 12:50:01,886 [INFO] --- RobinhoodSafeGuard tick | ET 13:50 | mode=LIVE ---
2026-06-16 12:50:13,774 [INFO] Robinhood login OK (session reused)
2026-06-16 12:50:13,775 [ERROR] get_open_option_positions error: get_open_option_positions can only be called when logged in
2026-06-16 12:50:13,775 [INFO] No open long option positions.
2026-06-16 12:55:02,022 [INFO] --- RobinhoodSafeGuard tick | ET 13:55 | mode=LIVE ---
2026-06-16 12:55:13,966 [INFO] Robinhood login OK (session reused)
2026-06-16 12:55:13,966 [ERROR] get_open_option_positions error: get_open_option_positions can only be called when logged in
2026-06-16 12:55:13,966 [INFO] No open long option positions.
2026-06-16 13:00:02,433 [INFO] --- RobinhoodSafeGuard tick | ET 14:00 | mode=LIVE ---
2026-06-16 13:00:14,320 [INFO] Robinhood login OK (session reused)
2026-06-16 13:00:14,320 [ERROR] get_open_option_positions error: get_open_option_positions can only be called when logged in
2026-06-16 13:00:14,321 [INFO] No open long option positions.
2026-06-16 13:05:02,198 [INFO] --- RobinhoodSafeGuard tick | ET 14:05 | mode=LIVE ---
2026-06-16 13:05:14,449 [INFO] Robinhood login OK (session reused)
2026-06-16 13:05:14,450 [ERROR] get_open_option_positions error: get_open_option_positions can only be called when logged in
2026-06-16 13:05:14,450 [INFO] No open long option positions.
2026-06-16 13:10:01,748 [INFO] --- RobinhoodSafeGuard tick | ET 14:10 | mode=LIVE ---
2026-06-16 13:10:13,813 [INFO] Robinhood login OK (session reused)
2026-06-16 13:10:13,814 [ERROR] get_open_option_positions error: get_open_option_positions can only be called when logged in
2026-06-16 13:10:13,814 [INFO] No open long option positions.
2026-06-16 13:15:02,191 [INFO] --- RobinhoodSafeGuard tick | ET 14:15 | mode=LIVE ---
2026-06-16 13:15:14,624 [INFO] Robinhood login OK (session reused)
2026-06-16 13:15:14,624 [ERROR] get_open_option_positions error: get_open_option_positions can only be called when logged in
2026-06-16 13:15:14,625 [INFO] No open long option positions.
2026-06-16 13:20:01,710 [INFO] --- RobinhoodSafeGuard tick | ET 14:20 | mode=LIVE ---
2026-06-16 13:20:14,177 [INFO] Robinhood login OK (session reused)
2026-06-16 13:20:14,177 [ERROR] get_open_option_positions error: get_open_option_positions can only be called when logged in
2026-06-16 13:20:14,177 [INFO] No open long option positions.
2026-06-16 13:25:02,003 [INFO] --- RobinhoodSafeGuard tick | ET 14:25 | mode=LIVE ---
2026-06-16 13:25:14,266 [INFO] Robinhood login OK (session reused)
2026-06-16 13:25:14,267 [ERROR] get_open_option_positions error: get_open_option_positions can only be called when logged in
2026-06-16 13:25:14,267 [INFO] No open long option positions.
2026-06-16 13:30:01,603 [INFO] --- RobinhoodSafeGuard tick | ET 14:30 | mode=LIVE ---
2026-06-16 13:30:13,759 [INFO] Robinhood login OK (session reused)
2026-06-16 13:30:13,760 [ERROR] get_open_option_positions error: get_open_option_positions can only be called when logged in
2026-06-16 13:30:13,760 [INFO] No open long option positions.
2026-06-16 13:35:02,192 [INFO] --- RobinhoodSafeGuard tick | ET 14:35 | mode=LIVE ---
2026-06-16 13:35:14,381 [INFO] Robinhood login OK (session reused)
2026-06-16 13:35:14,382 [ERROR] get_open_option_positions error: get_open_option_positions can only be called when logged in
2026-06-16 13:35:14,382 [INFO] No open long option positions.
2026-06-16 13:40:01,950 [INFO] --- RobinhoodSafeGuard tick | ET 14:40 | mode=LIVE ---
2026-06-16 13:40:13,945 [INFO] Robinhood login OK (session reused)
2026-06-16 13:40:13,946 [ERROR] get_open_option_positions error: get_open_option_positions can only be called when logged in
2026-06-16 13:40:13,946 [INFO] No open long option positions.
2026-06-16 13:45:01,696 [INFO] --- RobinhoodSafeGuard tick | ET 14:45 | mode=LIVE ---
2026-06-16 13:45:13,858 [INFO] Robinhood login OK (session reused)
2026-06-16 13:45:13,858 [ERROR] get_open_option_positions error: get_open_option_positions can only be called when logged in
2026-06-16 13:45:13,859 [INFO] No open long option positions.
2026-06-16 13:50:01,726 [INFO] --- RobinhoodSafeGuard tick | ET 14:50 | mode=LIVE ---
2026-06-16 13:50:13,945 [INFO] Robinhood login OK (session reused)
2026-06-16 13:50:13,945 [ERROR] get_open_option_positions error: get_open_option_positions can only be called when logged in
2026-06-16 13:50:13,945 [INFO] No open long option positions.
2026-06-16 13:55:01,791 [INFO] --- RobinhoodSafeGuard tick | ET 14:55 | mode=LIVE ---
2026-06-16 13:55:13,994 [INFO] Robinhood login OK (session reused)
2026-06-16 13:55:13,994 [ERROR] get_open_option_positions error: get_open_option_positions can only be called when logged in
2026-06-16 13:55:13,995 [INFO] No open long option positions.
2026-06-16 14:00:01,503 [INFO] --- RobinhoodSafeGuard tick | ET 15:00 | mode=LIVE ---
2026-06-16 14:00:13,783 [INFO] Robinhood login OK (session reused)
2026-06-16 14:00:13,784 [ERROR] get_open_option_positions error: get_open_option_positions can only be called when logged in
2026-06-16 14:00:13,784 [INFO] No open long option positions.
2026-06-16 14:05:02,397 [INFO] --- RobinhoodSafeGuard tick | ET 15:05 | mode=LIVE ---
2026-06-16 14:05:14,657 [INFO] Robinhood login OK (session reused)
2026-06-16 14:05:14,657 [ERROR] get_open_option_positions error: get_open_option_positions can only be called when logged in
2026-06-16 14:05:14,657 [INFO] No open long option positions.
2026-06-16 14:10:02,019 [INFO] --- RobinhoodSafeGuard tick | ET 15:10 | mode=LIVE ---
2026-06-16 14:10:14,059 [INFO] Robinhood login OK (session reused)
2026-06-16 14:10:14,060 [ERROR] get_open_option_positions error: get_open_option_positions can only be called when logged in
2026-06-16 14:10:14,060 [INFO] No open long option positions.
2026-06-16 14:15:01,985 [INFO] --- RobinhoodSafeGuard tick | ET 15:15 | mode=LIVE ---
2026-06-16 14:15:13,972 [INFO] Robinhood login OK (session reused)
2026-06-16 14:15:13,973 [ERROR] get_open_option_positions error: get_open_option_positions can only be called when logged in
2026-06-16 14:15:13,973 [INFO] No open long option positions.
2026-06-16 14:20:02,009 [INFO] --- RobinhoodSafeGuard tick | ET 15:20 | mode=LIVE ---
2026-06-16 14:20:14,108 [INFO] Robinhood login OK (session reused)
2026-06-16 14:20:14,109 [ERROR] get_open_option_positions error: get_open_option_positions can only be called when logged in
2026-06-16 14:20:14,109 [INFO] No open long option positions.
2026-06-16 14:25:01,836 [INFO] --- RobinhoodSafeGuard tick | ET 15:25 | mode=LIVE ---
2026-06-16 14:25:13,885 [INFO] Robinhood login OK (session reused)
2026-06-16 14:25:13,886 [ERROR] get_open_option_positions error: get_open_option_positions can only be called when logged in
2026-06-16 14:25:13,886 [INFO] No open long option positions.
2026-06-16 14:30:02,457 [INFO] --- RobinhoodSafeGuard tick | ET 15:30 | mode=LIVE ---
2026-06-16 14:30:14,496 [INFO] Robinhood login OK (session reused)
2026-06-16 14:30:14,496 [ERROR] get_open_option_positions error: get_open_option_positions can only be called when logged in
2026-06-16 14:30:14,497 [INFO] No open long option positions.
2026-06-16 14:35:01,458 [INFO] --- RobinhoodSafeGuard tick | ET 15:35 | mode=LIVE ---
2026-06-16 14:35:13,638 [INFO] Robinhood login OK (session reused)
2026-06-16 14:35:13,639 [ERROR] get_open_option_positions error: get_open_option_positions can only be called when logged in
2026-06-16 14:35:13,639 [INFO] No open long option positions.
2026-06-16 14:40:02,118 [INFO] --- RobinhoodSafeGuard tick | ET 15:40 | mode=LIVE ---
2026-06-16 14:40:14,279 [INFO] Robinhood login OK (session reused)
2026-06-16 14:40:14,280 [ERROR] get_open_option_positions error: get_open_option_positions can only be called when logged in
2026-06-16 14:40:14,280 [INFO] No open long option positions.
2026-06-16 14:45:01,574 [INFO] --- RobinhoodSafeGuard tick | ET 15:45 | mode=LIVE ---
2026-06-16 14:45:13,808 [INFO] Robinhood login OK (session reused)
2026-06-16 14:45:13,809 [ERROR] get_open_option_positions error: get_open_option_positions can only be called when logged in
2026-06-16 14:45:13,809 [INFO] No open long option positions.
2026-06-16 14:50:02,443 [INFO] --- RobinhoodSafeGuard tick | ET 15:50 | mode=LIVE ---
2026-06-16 14:50:14,585 [INFO] Robinhood login OK (session reused)
2026-06-16 14:50:14,586 [ERROR] get_open_option_positions error: get_open_option_positions can only be called when logged in
2026-06-16 14:50:14,586 [INFO] No open long option positions.
2026-06-16 14:55:01,867 [INFO] --- RobinhoodSafeGuard tick | ET 15:55 | mode=LIVE ---
2026-06-16 14:55:14,033 [INFO] Robinhood login OK (session reused)
2026-06-16 14:55:14,033 [ERROR] get_open_option_positions error: get_open_option_positions can only be called when logged in
2026-06-16 14:55:14,033 [INFO] No open long option positions.
2026-06-16 15:00:01,717 [INFO] --- RobinhoodSafeGuard tick | ET 16:00 | mode=LIVE ---
2026-06-16 15:00:13,756 [INFO] Robinhood login OK (session reused)
2026-06-16 15:00:13,756 [ERROR] get_open_option_positions error: get_open_option_positions can only be called when logged in
2026-06-16 15:00:13,756 [INFO] No open long option positions.
2026-06-16 15:05:02,580 [INFO] --- RobinhoodSafeGuard tick | ET 16:05 | mode=LIVE ---
2026-06-16 15:05:02,580 [INFO] Market closed — nothing to do.
2026-06-16 15:10:01,732 [INFO] --- RobinhoodSafeGuard tick | ET 16:10 | mode=LIVE ---
2026-06-16 15:10:01,732 [INFO] Market closed — nothing to do.
2026-06-16 15:15:02,428 [INFO] --- RobinhoodSafeGuard tick | ET 16:15 | mode=LIVE ---
2026-06-16 15:15:02,428 [INFO] Market closed — nothing to do.
2026-06-16 15:20:02,110 [INFO] --- RobinhoodSafeGuard tick | ET 16:20 | mode=LIVE ---
2026-06-16 15:20:02,110 [INFO] Market closed — nothing to do.
2026-06-16 15:25:01,802 [INFO] --- RobinhoodSafeGuard tick | ET 16:25 | mode=LIVE ---
2026-06-16 15:25:01,803 [INFO] Market closed — nothing to do.
2026-06-16 15:30:02,265 [INFO] --- RobinhoodSafeGuard tick | ET 16:30 | mode=LIVE ---
2026-06-16 15:30:02,265 [INFO] Market closed — nothing to do.
2026-06-16 15:35:01,884 [INFO] --- RobinhoodSafeGuard tick | ET 16:35 | mode=LIVE ---
2026-06-16 15:35:01,884 [INFO] Market closed — nothing to do.
2026-06-16 15:40:01,520 [INFO] --- RobinhoodSafeGuard tick | ET 16:40 | mode=LIVE ---
2026-06-16 15:40:01,520 [INFO] Market closed — nothing to do.
2026-06-16 15:45:01,706 [INFO] --- RobinhoodSafeGuard tick | ET 16:45 | mode=LIVE ---
2026-06-16 15:45:01,706 [INFO] Market closed — nothing to do.
2026-06-16 15:50:01,795 [INFO] --- RobinhoodSafeGuard tick | ET 16:50 | mode=LIVE ---
2026-06-16 15:50:01,795 [INFO] Market closed — nothing to do.
2026-06-16 15:55:01,703 [INFO] --- RobinhoodSafeGuard tick | ET 16:55 | mode=LIVE ---
2026-06-16 15:55:01,704 [INFO] Market closed — nothing to do.
